-- Adminer 4.7.8 MySQL dump

SET NAMES utf8;
SET time_zone = '+00:00';
SET foreign_key_checks = 0;
SET sql_mode = 'NO_AUTO_VALUE_ON_ZERO';

SET NAMES utf8mb4;

DROP TABLE IF EXISTS `accounts`;
CREATE TABLE `accounts` (
  `id` int(10) unsigned NOT NULL AUTO_INCREMENT,
  `business_id` int(11) NOT NULL,
  `name` varchar(191) NOT NULL,
  `account_number` varchar(191) NOT NULL,
  `account_details` text DEFAULT NULL,
  `account_type_id` int(11) DEFAULT NULL,
  `note` text DEFAULT NULL,
  `created_by` int(11) NOT NULL,
  `is_closed` tinyint(1) NOT NULL DEFAULT 0,
  `deleted_at` timestamp NULL DEFAULT NULL,
  `created_at` timestamp NULL DEFAULT NULL,
  `updated_at` timestamp NULL DEFAULT NULL,
  PRIMARY KEY (`id`),
  KEY `accounts_business_id_index` (`business_id`),
  KEY `accounts_account_type_id_index` (`account_type_id`),
  KEY `accounts_created_by_index` (`created_by`)
) ENGINE=InnoDB DEFAULT CHARSET=utf8mb4 COLLATE=utf8mb4_unicode_ci;


DROP TABLE IF EXISTS `account_transactions`;
CREATE TABLE `account_transactions` (
  `id` int(10) unsigned NOT NULL AUTO_INCREMENT,
  `account_id` int(11) NOT NULL,
  `type` enum('debit','credit') NOT NULL,
  `sub_type` enum('opening_balance','fund_transfer','deposit') DEFAULT NULL,
  `amount` decimal(22,4) NOT NULL,
  `reff_no` varchar(191) DEFAULT NULL,
  `operation_date` datetime NOT NULL,
  `created_by` int(11) NOT NULL,
  `transaction_id` int(11) DEFAULT NULL,
  `transaction_payment_id` int(11) DEFAULT NULL,
  `transfer_transaction_id` int(11) DEFAULT NULL,
  `note` text DEFAULT NULL,
  `deleted_at` timestamp NULL DEFAULT NULL,
  `created_at` timestamp NULL DEFAULT NULL,
  `updated_at` timestamp NULL DEFAULT NULL,
  PRIMARY KEY (`id`),
  KEY `account_transactions_account_id_index` (`account_id`),
  KEY `account_transactions_transaction_id_index` (`transaction_id`),
  KEY `account_transactions_transaction_payment_id_index` (`transaction_payment_id`),
  KEY `account_transactions_transfer_transaction_id_index` (`transfer_transaction_id`),
  KEY `account_transactions_created_by_index` (`created_by`),
  KEY `account_transactions_type_index` (`type`),
  KEY `account_transactions_sub_type_index` (`sub_type`),
  KEY `account_transactions_operation_date_index` (`operation_date`)
) ENGINE=InnoDB DEFAULT CHARSET=utf8mb4 COLLATE=utf8mb4_unicode_ci;


DROP TABLE IF EXISTS `account_types`;
CREATE TABLE `account_types` (
  `id` int(10) unsigned NOT NULL AUTO_INCREMENT,
  `name` varchar(191) NOT NULL,
  `parent_account_type_id` int(11) DEFAULT NULL,
  `business_id` int(11) NOT NULL,
  `created_at` timestamp NULL DEFAULT NULL,
  `updated_at` timestamp NULL DEFAULT NULL,
  PRIMARY KEY (`id`),
  KEY `account_types_parent_account_type_id_index` (`parent_account_type_id`),
  KEY `account_types_business_id_index` (`business_id`)
) ENGINE=InnoDB DEFAULT CHARSET=utf8mb4 COLLATE=utf8mb4_unicode_ci;


DROP TABLE IF EXISTS `activity_log`;
CREATE TABLE `activity_log` (
  `id` int(10) unsigned NOT NULL AUTO_INCREMENT,
  `log_name` varchar(191) DEFAULT NULL,
  `description` text NOT NULL,
  `subject_id` int(11) DEFAULT NULL,
  `subject_type` varchar(191) DEFAULT NULL,
  `business_id` int(11) DEFAULT NULL,
  `causer_id` int(11) DEFAULT NULL,
  `causer_type` varchar(191) DEFAULT NULL,
  `properties` text DEFAULT NULL,
  `created_at` timestamp NULL DEFAULT NULL,
  `updated_at` timestamp NULL DEFAULT NULL,
  PRIMARY KEY (`id`),
  KEY `activity_log_log_name_index` (`log_name`)
) ENGINE=InnoDB DEFAULT CHARSET=utf8mb4 COLLATE=utf8mb4_unicode_ci;

INSERT INTO `activity_log` (`id`, `log_name`, `description`, `subject_id`, `subject_type`, `business_id`, `causer_id`, `causer_type`, `properties`, `created_at`, `updated_at`) VALUES
(1,	'default',	'login',	1,	'App\\User',	1,	1,	'App\\User',	'[]',	'2021-12-22 07:33:12',	'2021-12-22 07:33:12'),
(2,	'default',	'logout',	1,	'App\\User',	1,	1,	'App\\User',	'[]',	'2021-12-22 07:43:02',	'2021-12-22 07:43:02'),
(3,	'default',	'login',	1,	'App\\User',	1,	1,	'App\\User',	'[]',	'2021-12-22 09:57:15',	'2021-12-22 09:57:15'),
(4,	'default',	'login',	1,	'App\\User',	1,	1,	'App\\User',	'[]',	'2021-12-23 05:32:43',	'2021-12-23 05:32:43'),
(5,	'default',	'login',	1,	'App\\User',	1,	1,	'App\\User',	'[]',	'2021-12-23 05:40:39',	'2021-12-23 05:40:39'),
(6,	'default',	'logout',	1,	'App\\User',	1,	1,	'App\\User',	'[]',	'2021-12-23 05:41:13',	'2021-12-23 05:41:13'),
(7,	'default',	'logout',	1,	'App\\User',	1,	1,	'App\\User',	'[]',	'2021-12-23 05:41:42',	'2021-12-23 05:41:42'),
(8,	'default',	'login',	1,	'App\\User',	1,	1,	'App\\User',	'[]',	'2021-12-23 07:22:20',	'2021-12-23 07:22:20'),
(9,	'default',	'logout',	1,	'App\\User',	1,	1,	'App\\User',	'[]',	'2021-12-23 08:49:05',	'2021-12-23 08:49:05'),
(10,	'default',	'login',	1,	'App\\User',	1,	1,	'App\\User',	'[]',	'2021-12-23 08:57:36',	'2021-12-23 08:57:36'),
(11,	'default',	'logout',	1,	'App\\User',	1,	1,	'App\\User',	'[]',	'2021-12-23 08:58:41',	'2021-12-23 08:58:41'),
(12,	'default',	'login',	1,	'App\\User',	1,	1,	'App\\User',	'[]',	'2022-01-01 00:35:38',	'2022-01-01 00:35:38'),
(13,	'default',	'login',	1,	'App\\User',	1,	1,	'App\\User',	'[]',	'2022-01-02 03:52:34',	'2022-01-02 03:52:34'),
(14,	'default',	'login',	1,	'App\\User',	1,	1,	'App\\User',	'[]',	'2022-01-07 08:06:11',	'2022-01-07 08:06:11'),
(15,	'default',	'login',	1,	'App\\User',	1,	1,	'App\\User',	'[]',	'2022-01-08 01:04:58',	'2022-01-08 01:04:58'),
(16,	'default',	'login',	1,	'App\\User',	1,	1,	'App\\User',	'[]',	'2022-01-11 01:17:07',	'2022-01-11 01:17:07'),
(17,	'default',	'login',	1,	'App\\User',	1,	1,	'App\\User',	'[]',	'2022-01-13 07:14:14',	'2022-01-13 07:14:14'),
(18,	'default',	'login',	1,	'App\\User',	1,	1,	'App\\User',	'[]',	'2022-01-13 07:15:14',	'2022-01-13 07:15:14'),
(19,	'default',	'login',	1,	'App\\User',	1,	1,	'App\\User',	'[]',	'2022-01-13 07:32:28',	'2022-01-13 07:32:28'),
(20,	'default',	'login',	1,	'App\\User',	1,	1,	'App\\User',	'[]',	'2022-01-14 04:30:03',	'2022-01-14 04:30:03'),
(21,	'default',	'logout',	1,	'App\\User',	1,	1,	'App\\User',	'[]',	'2022-01-14 04:30:18',	'2022-01-14 04:30:18'),
(22,	'default',	'login',	1,	'App\\User',	1,	1,	'App\\User',	'[]',	'2022-01-15 06:11:35',	'2022-01-15 06:11:35'),
(23,	'default',	'login',	1,	'App\\User',	1,	1,	'App\\User',	'[]',	'2022-01-15 06:34:29',	'2022-01-15 06:34:29'),
(24,	'default',	'added',	1,	'App\\Transaction',	1,	1,	'App\\User',	'{\"attributes\":{\"type\":\"sell\",\"status\":\"final\",\"payment_status\":\"paid\",\"final_total\":1}}',	'2022-01-15 07:05:48',	'2022-01-15 07:05:48'),
(25,	'default',	'added',	2,	'App\\Transaction',	1,	1,	'App\\User',	'{\"attributes\":{\"type\":\"sell\",\"status\":\"final\",\"payment_status\":\"paid\",\"final_total\":1}}',	'2022-01-15 07:07:28',	'2022-01-15 07:07:28'),
(26,	'default',	'login',	1,	'App\\User',	1,	1,	'App\\User',	'[]',	'2022-01-27 06:20:33',	'2022-01-27 06:20:33'),
(27,	'default',	'logout',	1,	'App\\User',	1,	1,	'App\\User',	'[]',	'2022-01-27 06:25:58',	'2022-01-27 06:25:58'),
(28,	'default',	'login',	1,	'App\\User',	1,	1,	'App\\User',	'[]',	'2022-01-27 07:53:32',	'2022-01-27 07:53:32'),
(29,	'default',	'login',	1,	'App\\User',	1,	1,	'App\\User',	'[]',	'2022-01-27 07:59:17',	'2022-01-27 07:59:17'),
(30,	'default',	'logout',	1,	'App\\User',	1,	1,	'App\\User',	'[]',	'2022-01-27 09:18:51',	'2022-01-27 09:18:51'),
(31,	'default',	'login',	1,	'App\\User',	1,	1,	'App\\User',	'[]',	'2022-01-27 09:19:56',	'2022-01-27 09:19:56'),
(32,	'default',	'logout',	1,	'App\\User',	1,	1,	'App\\User',	'[]',	'2022-01-27 10:25:50',	'2022-01-27 10:25:50'),
(33,	'default',	'login',	1,	'App\\User',	1,	1,	'App\\User',	'[]',	'2022-01-27 10:26:08',	'2022-01-27 10:26:08'),
(34,	'default',	'logout',	1,	'App\\User',	1,	1,	'App\\User',	'[]',	'2022-01-27 10:26:22',	'2022-01-27 10:26:22'),
(35,	'default',	'login',	1,	'App\\User',	1,	1,	'App\\User',	'[]',	'2022-01-27 23:45:39',	'2022-01-27 23:45:39'),
(36,	'default',	'login',	1,	'App\\User',	1,	1,	'App\\User',	'[]',	'2022-01-28 22:53:17',	'2022-01-28 22:53:17'),
(37,	'default',	'added',	3,	'App\\Transaction',	1,	1,	'App\\User',	'{\"attributes\":{\"type\":\"sell\",\"status\":\"final\",\"payment_status\":\"paid\",\"final_total\":2}}',	'2022-01-28 23:02:02',	'2022-01-28 23:02:02'),
(38,	'default',	'login',	1,	'App\\User',	1,	1,	'App\\User',	'[]',	'2022-02-09 02:10:35',	'2022-02-09 02:10:35'),
(39,	'default',	'login',	1,	'App\\User',	1,	1,	'App\\User',	'[]',	'2022-02-18 16:29:27',	'2022-02-18 16:29:27'),
(40,	'default',	'login',	1,	'App\\User',	1,	1,	'App\\User',	'[]',	'2022-03-31 04:04:10',	'2022-03-31 04:04:10'),
(41,	'default',	'login',	1,	'App\\User',	1,	1,	'App\\User',	'[]',	'2022-04-12 17:19:13',	'2022-04-12 17:19:13'),
(42,	'default',	'added',	2,	'App\\Contact',	1,	1,	'App\\User',	'[]',	'2022-04-12 17:27:24',	'2022-04-12 17:27:24'),
(43,	'default',	'added',	4,	'App\\Transaction',	1,	1,	'App\\User',	'{\"attributes\":{\"type\":\"purchase\",\"status\":\"pending\",\"payment_status\":\"due\",\"final_total\":878}}',	'2022-04-12 17:29:40',	'2022-04-12 17:29:40'),
(44,	'default',	'login',	1,	'App\\User',	1,	1,	'App\\User',	'[]',	'2022-04-12 19:59:24',	'2022-04-12 19:59:24'),
(45,	'default',	'login',	1,	'App\\User',	1,	1,	'App\\User',	'[]',	'2022-04-13 19:11:57',	'2022-04-13 19:11:57'),
(46,	'default',	'added',	2,	'App\\User',	1,	1,	'App\\User',	'{\"name\":\" Cashier Test \"}',	'2022-04-13 19:14:42',	'2022-04-13 19:14:42'),
(47,	'default',	'logout',	1,	'App\\User',	1,	1,	'App\\User',	'[]',	'2022-04-13 19:14:57',	'2022-04-13 19:14:57'),
(48,	'default',	'login',	2,	'App\\User',	1,	2,	'App\\User',	'[]',	'2022-04-13 19:15:04',	'2022-04-13 19:15:04'),
(49,	'default',	'added',	5,	'App\\Transaction',	1,	2,	'App\\User',	'{\"attributes\":{\"type\":\"sell\",\"status\":\"draft\",\"sub_status\":\"quotation\",\"final_total\":20}}',	'2022-04-13 19:19:11',	'2022-04-13 19:19:11'),
(50,	'default',	'sell_deleted',	5,	'App\\Transaction',	1,	2,	'App\\User',	'{\"id\":5,\"invoice_no\":\"2022\\/0001\",\"attributes\":{\"type\":\"sell\",\"status\":\"draft\",\"sub_status\":\"quotation\",\"final_total\":\"20.0000\"}}',	'2022-04-13 19:20:29',	'2022-04-13 19:20:29'),
(51,	'default',	'added',	6,	'App\\Transaction',	1,	2,	'App\\User',	'{\"attributes\":{\"type\":\"sell\",\"status\":\"final\",\"payment_status\":\"paid\",\"final_total\":1}}',	'2022-04-13 19:22:36',	'2022-04-13 19:22:36'),
(52,	'default',	'added',	7,	'App\\Transaction',	1,	2,	'App\\User',	'{\"attributes\":{\"type\":\"sell\",\"status\":\"final\",\"payment_status\":\"paid\",\"final_total\":500}}',	'2022-04-13 19:22:47',	'2022-04-13 19:22:47'),
(53,	'default',	'sell_deleted',	7,	'App\\Transaction',	1,	2,	'App\\User',	'{\"id\":7,\"invoice_no\":\"0005\",\"attributes\":{\"type\":\"sell\",\"status\":\"final\",\"payment_status\":\"paid\",\"final_total\":\"500.0000\"}}',	'2022-04-13 19:23:34',	'2022-04-13 19:23:34'),
(54,	'default',	'sell_deleted',	6,	'App\\Transaction',	1,	2,	'App\\User',	'{\"id\":6,\"invoice_no\":\"0004\",\"attributes\":{\"type\":\"sell\",\"status\":\"final\",\"payment_status\":\"paid\",\"final_total\":\"1.0000\"}}',	'2022-04-13 19:23:38',	'2022-04-13 19:23:38'),
(55,	'default',	'added',	8,	'App\\Transaction',	1,	2,	'App\\User',	'{\"attributes\":{\"type\":\"sell\",\"status\":\"final\",\"payment_status\":\"paid\",\"final_total\":10}}',	'2022-04-13 19:24:11',	'2022-04-13 19:24:11'),
(56,	'default',	'added',	9,	'App\\Transaction',	1,	2,	'App\\User',	'{\"attributes\":{\"type\":\"sell\",\"status\":\"draft\",\"sub_status\":\"quotation\",\"shipping_status\":\"ordered\",\"final_total\":505}}',	'2022-04-13 19:38:22',	'2022-04-13 19:38:22'),
(57,	'default',	'edited',	8,	'App\\Transaction',	1,	2,	'App\\User',	'{\"attributes\":{\"type\":\"sell\",\"status\":\"final\",\"payment_status\":\"paid\",\"final_total\":10},\"old\":{\"type\":\"sell\",\"status\":\"final\",\"payment_status\":\"paid\",\"final_total\":\"10.0000\"}}',	'2022-04-13 19:39:05',	'2022-04-13 19:39:05'),
(58,	'default',	'edited',	9,	'App\\Transaction',	1,	2,	'App\\User',	'{\"attributes\":{\"type\":\"sell\",\"status\":\"final\",\"shipping_status\":\"ordered\",\"payment_status\":\"paid\",\"final_total\":505},\"old\":{\"type\":\"sell\",\"status\":\"draft\",\"sub_status\":\"quotation\",\"shipping_status\":\"ordered\",\"final_total\":\"505.0000\"}}',	'2022-04-13 19:39:48',	'2022-04-13 19:39:48'),
(59,	'default',	'logout',	2,	'App\\User',	1,	2,	'App\\User',	'[]',	'2022-04-13 19:40:33',	'2022-04-13 19:40:33'),
(60,	'default',	'login',	1,	'App\\User',	1,	1,	'App\\User',	'[]',	'2022-04-13 19:40:39',	'2022-04-13 19:40:39'),
(61,	'default',	'payment_edited',	4,	'App\\Transaction',	1,	1,	'App\\User',	'{\"attributes\":{\"type\":\"purchase\",\"status\":\"pending\",\"payment_status\":\"paid\",\"final_total\":\"878.0000\"},\"old\":{\"type\":\"purchase\",\"status\":\"pending\",\"payment_status\":\"due\",\"final_total\":\"878.0000\"}}',	'2022-04-13 19:46:13',	'2022-04-13 19:46:13'),
(62,	'default',	'added',	3,	'App\\Contact',	1,	1,	'App\\User',	'[]',	'2022-04-13 20:00:01',	'2022-04-13 20:00:01'),
(63,	'default',	'added',	4,	'App\\Contact',	1,	1,	'App\\User',	'[]',	'2022-04-13 20:01:03',	'2022-04-13 20:01:03'),
(64,	'default',	'logout',	1,	'App\\User',	1,	1,	'App\\User',	'[]',	'2022-04-13 20:03:41',	'2022-04-13 20:03:41'),
(65,	'default',	'login',	1,	'App\\User',	1,	1,	'App\\User',	'[]',	'2022-04-13 20:03:44',	'2022-04-13 20:03:44'),
(66,	'default',	'added',	10,	'App\\Transaction',	1,	1,	'App\\User',	'{\"attributes\":{\"type\":\"purchase\",\"status\":\"received\",\"payment_status\":\"due\",\"final_total\":200}}',	'2022-04-13 20:10:37',	'2022-04-13 20:10:37'),
(67,	'default',	'login',	1,	'App\\User',	1,	1,	'App\\User',	'[]',	'2022-04-14 15:38:14',	'2022-04-14 15:38:14'),
(68,	'default',	'login',	1,	'App\\User',	1,	1,	'App\\User',	'[]',	'2022-04-15 19:07:46',	'2022-04-15 19:07:46'),
(69,	'default',	'login',	1,	'App\\User',	1,	1,	'App\\User',	'[]',	'2022-04-17 06:28:05',	'2022-04-17 06:28:05'),
(70,	'default',	'logout',	1,	'App\\User',	1,	1,	'App\\User',	'[]',	'2022-04-17 06:31:53',	'2022-04-17 06:31:53'),
(71,	'default',	'login',	1,	'App\\User',	1,	1,	'App\\User',	'[]',	'2022-04-17 06:38:25',	'2022-04-17 06:38:25'),
(72,	'default',	'login',	1,	'App\\User',	1,	1,	'App\\User',	'[]',	'2022-04-18 20:43:39',	'2022-04-18 20:43:39'),
(73,	'default',	'added',	11,	'App\\Transaction',	1,	1,	'App\\User',	'{\"attributes\":{\"type\":\"sell\",\"status\":\"final\",\"payment_status\":\"paid\",\"final_total\":30}}',	'2022-04-18 20:45:07',	'2022-04-18 20:45:07'),
(74,	'default',	'login',	1,	'App\\User',	1,	1,	'App\\User',	'[]',	'2022-04-23 11:00:42',	'2022-04-23 11:00:42'),
(75,	'default',	'login',	1,	'App\\User',	1,	1,	'App\\User',	'[]',	'2022-05-01 02:48:28',	'2022-05-01 02:48:28'),
(76,	'default',	'login',	1,	'App\\User',	1,	1,	'App\\User',	'[]',	'2022-05-10 01:05:34',	'2022-05-10 01:05:34'),
(77,	'default',	'logout',	1,	'App\\User',	1,	1,	'App\\User',	'[]',	'2022-05-10 02:03:31',	'2022-05-10 02:03:31'),
(78,	'default',	'login',	1,	'App\\User',	1,	1,	'App\\User',	'[]',	'2022-05-10 02:03:41',	'2022-05-10 02:03:41'),
(79,	'default',	'login',	1,	'App\\User',	1,	1,	'App\\User',	'[]',	'2022-05-11 13:55:19',	'2022-05-11 13:55:19'),
(80,	'default',	'login',	1,	'App\\User',	1,	1,	'App\\User',	'[]',	'2022-06-19 06:52:18',	'2022-06-19 06:52:18'),
(81,	'default',	'login',	1,	'App\\User',	1,	1,	'App\\User',	'[]',	'2022-07-13 13:46:39',	'2022-07-13 13:46:39'),
(82,	'default',	'logout',	1,	'App\\User',	1,	1,	'App\\User',	'[]',	'2022-07-13 13:46:57',	'2022-07-13 13:46:57'),
(83,	'default',	'login',	1,	'App\\User',	1,	1,	'App\\User',	'[]',	'2022-07-13 13:47:08',	'2022-07-13 13:47:08'),
(84,	'default',	'added',	12,	'App\\Transaction',	1,	1,	'App\\User',	'{\"attributes\":{\"type\":\"sell\",\"status\":\"draft\",\"sub_status\":\"quotation\",\"final_total\":1128.5}}',	'2022-07-13 13:59:54',	'2022-07-13 13:59:54'),
(85,	'default',	'login',	1,	'App\\User',	1,	1,	'App\\User',	'[]',	'2022-08-27 10:10:48',	'2022-08-27 10:10:48'),
(86,	'default',	'logout',	1,	'App\\User',	1,	1,	'App\\User',	'[]',	'2022-08-27 15:41:16',	'2022-08-27 15:41:17'),
(87,	'default',	'login',	1,	'App\\User',	1,	1,	'App\\User',	'[]',	'2022-08-27 21:19:05',	'2022-08-27 21:19:05'),
(88,	'default',	'login',	1,	'App\\User',	1,	1,	'App\\User',	'[]',	'2022-08-28 06:44:11',	'2022-08-28 06:44:11'),
(89,	'default',	'login',	1,	'App\\User',	1,	1,	'App\\User',	'[]',	'2022-08-30 16:19:07',	'2022-08-30 16:19:07'),
(90,	'default',	'login',	1,	'App\\User',	1,	1,	'App\\User',	'[]',	'2022-08-30 19:01:36',	'2022-08-30 19:01:36'),
(91,	'default',	'login',	1,	'App\\User',	1,	1,	'App\\User',	'[]',	'2022-09-04 03:18:04',	'2022-09-04 03:18:04'),
(92,	'default',	'added',	13,	'App\\Transaction',	1,	1,	'App\\User',	'{\"attributes\":{\"type\":\"sell\",\"status\":\"final\",\"payment_status\":\"paid\",\"final_total\":31}}',	'2022-09-04 03:20:05',	'2022-09-04 03:20:05'),
(93,	'default',	'added',	14,	'App\\Transaction',	1,	1,	'App\\User',	'{\"attributes\":{\"type\":\"sell\",\"status\":\"final\",\"payment_status\":\"paid\",\"final_total\":1127.5}}',	'2022-09-04 03:36:09',	'2022-09-04 03:36:09'),
(94,	'default',	'added',	15,	'App\\Transaction',	1,	1,	'App\\User',	'{\"attributes\":{\"type\":\"sell\",\"status\":\"final\",\"payment_status\":\"paid\",\"final_total\":31}}',	'2022-09-04 03:45:57',	'2022-09-04 03:45:57'),
(95,	'default',	'added',	16,	'App\\Transaction',	1,	1,	'App\\User',	'{\"attributes\":{\"type\":\"sell\",\"status\":\"final\",\"payment_status\":\"paid\",\"final_total\":31}}',	'2022-09-04 03:49:40',	'2022-09-04 03:49:40'),
(96,	'default',	'added',	17,	'App\\Transaction',	1,	1,	'App\\User',	'{\"attributes\":{\"type\":\"sell\",\"status\":\"final\",\"payment_status\":\"paid\",\"final_total\":31}}',	'2022-09-04 06:00:40',	'2022-09-04 06:00:40'),
(97,	'default',	'added',	18,	'App\\Transaction',	1,	1,	'App\\User',	'{\"attributes\":{\"type\":\"sell\",\"status\":\"final\",\"payment_status\":\"paid\",\"final_total\":31}}',	'2022-09-04 06:44:06',	'2022-09-04 06:44:06'),
(98,	'default',	'added',	19,	'App\\Transaction',	1,	1,	'App\\User',	'{\"attributes\":{\"type\":\"sell\",\"status\":\"final\",\"payment_status\":\"paid\",\"final_total\":31}}',	'2022-09-04 06:54:11',	'2022-09-04 06:54:11'),
(99,	'default',	'added',	20,	'App\\Transaction',	1,	1,	'App\\User',	'{\"attributes\":{\"type\":\"sell\",\"status\":\"final\",\"payment_status\":\"paid\",\"final_total\":61}}',	'2022-09-04 07:13:10',	'2022-09-04 07:13:10'),
(100,	'default',	'added',	22,	'App\\Transaction',	1,	1,	'App\\User',	'{\"attributes\":{\"type\":\"sell\",\"status\":\"final\",\"payment_status\":\"paid\",\"final_total\":3.54}}',	'2022-09-04 07:43:50',	'2022-09-04 07:43:50'),
(101,	'default',	'added',	23,	'App\\Transaction',	1,	1,	'App\\User',	'{\"attributes\":{\"type\":\"sell\",\"status\":\"final\",\"payment_status\":\"paid\",\"final_total\":2.27}}',	'2022-09-04 07:46:16',	'2022-09-04 07:46:16'),
(102,	'default',	'login',	1,	'App\\User',	1,	1,	'App\\User',	'[]',	'2022-09-10 09:00:28',	'2022-09-10 09:00:28'),
(103,	'default',	'login',	1,	'App\\User',	1,	1,	'App\\User',	'[]',	'2022-09-21 16:51:35',	'2022-09-21 16:51:35'),
(104,	'default',	'login',	1,	'App\\User',	1,	1,	'App\\User',	'[]',	'2022-09-21 16:54:11',	'2022-09-21 16:54:11'),
(105,	'default',	'login',	1,	'App\\User',	1,	1,	'App\\User',	'[]',	'2022-09-21 16:57:26',	'2022-09-21 16:57:26'),
(106,	'default',	'login',	1,	'App\\User',	1,	1,	'App\\User',	'[]',	'2022-10-03 20:04:27',	'2022-10-03 20:04:27'),
(107,	'default',	'login',	1,	'App\\User',	1,	1,	'App\\User',	'[]',	'2022-10-03 20:44:43',	'2022-10-03 20:44:43'),
(108,	'default',	'login',	1,	'App\\User',	1,	1,	'App\\User',	'[]',	'2022-10-04 02:07:07',	'2022-10-04 02:07:07'),
(109,	'default',	'login',	1,	'App\\User',	1,	1,	'App\\User',	'[]',	'2022-10-04 04:30:30',	'2022-10-04 04:30:30'),
(110,	'default',	'login',	1,	'App\\User',	1,	1,	'App\\User',	'[]',	'2022-10-04 04:31:03',	'2022-10-04 04:31:03'),
(111,	'default',	'login',	1,	'App\\User',	1,	1,	'App\\User',	'[]',	'2022-10-04 17:41:43',	'2022-10-04 17:41:43'),
(112,	'default',	'login',	1,	'App\\User',	1,	1,	'App\\User',	'[]',	'2022-10-09 13:30:54',	'2022-10-09 13:30:54'),
(113,	'default',	'login',	1,	'App\\User',	1,	1,	'App\\User',	'[]',	'2022-10-12 08:45:46',	'2022-10-12 08:45:46'),
(114,	'default',	'login',	1,	'App\\User',	1,	1,	'App\\User',	'[]',	'2022-10-12 12:10:57',	'2022-10-12 12:10:57'),
(115,	'default',	'login',	1,	'App\\User',	1,	1,	'App\\User',	'[]',	'2022-10-13 02:47:31',	'2022-10-13 02:47:31'),
(116,	'default',	'login',	1,	'App\\User',	1,	1,	'App\\User',	'[]',	'2022-10-13 03:55:18',	'2022-10-13 03:55:18'),
(117,	'default',	'logout',	1,	'App\\User',	1,	1,	'App\\User',	'[]',	'2022-10-13 04:04:39',	'2022-10-13 04:04:39'),
(118,	'default',	'login',	3,	'App\\User',	2,	3,	'App\\User',	'[]',	'2022-10-12 18:34:48',	'2022-10-12 18:34:48'),
(119,	'default',	'logout',	3,	'App\\User',	2,	3,	'App\\User',	'[]',	'2022-10-12 18:35:53',	'2022-10-12 18:35:53'),
(120,	'default',	'login',	1,	'App\\User',	1,	1,	'App\\User',	'[]',	'2022-10-13 04:05:57',	'2022-10-13 04:05:57'),
(121,	'default',	'login',	1,	'App\\User',	1,	1,	'App\\User',	'[]',	'2022-10-14 00:29:25',	'2022-10-14 00:29:25'),
(122,	'default',	'login',	1,	'App\\User',	1,	1,	'App\\User',	'[]',	'2022-10-14 00:41:57',	'2022-10-14 00:41:57'),
(123,	'default',	'login',	1,	'App\\User',	1,	1,	'App\\User',	'[]',	'2022-10-14 00:54:51',	'2022-10-14 00:54:51'),
(124,	'default',	'login',	1,	'App\\User',	1,	1,	'App\\User',	'[]',	'2022-10-14 03:29:29',	'2022-10-14 03:29:29'),
(125,	'default',	'added',	6,	'App\\Contact',	1,	1,	'App\\User',	'[]',	'2022-10-14 03:37:01',	'2022-10-14 03:37:01'),
(126,	'default',	'added',	24,	'App\\Transaction',	1,	1,	'App\\User',	'{\"attributes\":{\"type\":\"sell\",\"status\":\"final\",\"payment_status\":\"paid\",\"final_total\":1.27}}',	'2022-10-14 03:38:16',	'2022-10-14 03:38:16'),
(127,	'default',	'login',	1,	'App\\User',	1,	1,	'App\\User',	'[]',	'2022-10-14 07:19:48',	'2022-10-14 07:19:48'),
(128,	'default',	'login',	1,	'App\\User',	1,	1,	'App\\User',	'[]',	'2022-10-14 13:47:15',	'2022-10-14 13:47:15'),
(129,	'default',	'login',	1,	'App\\User',	1,	1,	'App\\User',	'[]',	'2022-10-14 14:22:45',	'2022-10-14 14:22:45'),
(130,	'default',	'login',	1,	'App\\User',	1,	1,	'App\\User',	'[]',	'2022-10-14 15:10:14',	'2022-10-14 15:10:14'),
(131,	'default',	'added',	25,	'App\\Transaction',	1,	1,	'App\\User',	'{\"attributes\":{\"type\":\"sell\",\"status\":\"draft\",\"sub_status\":\"quotation\",\"final_total\":1.27}}',	'2022-10-14 15:11:40',	'2022-10-14 15:11:40'),
(132,	'default',	'login',	1,	'App\\User',	1,	1,	'App\\User',	'[]',	'2022-10-14 15:52:21',	'2022-10-14 15:52:21'),
(133,	'default',	'login',	1,	'App\\User',	1,	1,	'App\\User',	'[]',	'2022-10-14 16:33:39',	'2022-10-14 16:33:39'),
(134,	'default',	'login',	1,	'App\\User',	1,	1,	'App\\User',	'[]',	'2022-10-14 16:46:34',	'2022-10-14 16:46:34'),
(135,	'default',	'login',	1,	'App\\User',	1,	1,	'App\\User',	'[]',	'2022-10-14 16:51:52',	'2022-10-14 16:51:52'),
(136,	'default',	'login',	1,	'App\\User',	1,	1,	'App\\User',	'[]',	'2022-10-14 16:52:59',	'2022-10-14 16:52:59'),
(137,	'default',	'logout',	1,	'App\\User',	1,	1,	'App\\User',	'[]',	'2022-10-14 17:00:56',	'2022-10-14 17:00:56'),
(138,	'default',	'login',	1,	'App\\User',	1,	1,	'App\\User',	'[]',	'2022-10-14 20:39:56',	'2022-10-14 20:39:56'),
(139,	'default',	'logout',	4,	'App\\User',	3,	4,	'App\\User',	'[]',	'2022-10-14 21:43:09',	'2022-10-14 21:43:09'),
(140,	'default',	'login',	1,	'App\\User',	1,	1,	'App\\User',	'[]',	'2022-10-14 21:43:20',	'2022-10-14 21:43:20'),
(141,	'default',	'logout',	1,	'App\\User',	1,	1,	'App\\User',	'[]',	'2022-10-14 23:43:36',	'2022-10-14 23:43:36'),
(142,	'default',	'login',	1,	'App\\User',	1,	1,	'App\\User',	'[]',	'2022-10-15 00:37:34',	'2022-10-15 00:37:34'),
(143,	'default',	'login',	1,	'App\\User',	1,	1,	'App\\User',	'[]',	'2022-10-15 00:50:22',	'2022-10-15 00:50:22'),
(144,	'default',	'login',	1,	'App\\User',	1,	1,	'App\\User',	'[]',	'2022-10-15 00:56:41',	'2022-10-15 00:56:41'),
(145,	'default',	'login',	1,	'App\\User',	1,	1,	'App\\User',	'[]',	'2022-10-15 01:01:16',	'2022-10-15 01:01:16'),
(146,	'default',	'login',	1,	'App\\User',	1,	1,	'App\\User',	'[]',	'2022-10-15 05:47:09',	'2022-10-15 05:47:09'),
(147,	'default',	'login',	1,	'App\\User',	1,	1,	'App\\User',	'[]',	'2022-10-15 16:54:40',	'2022-10-15 16:54:40'),
(148,	'default',	'login',	1,	'App\\User',	1,	1,	'App\\User',	'[]',	'2022-10-15 17:00:56',	'2022-10-15 17:00:56'),
(149,	'default',	'login',	1,	'App\\User',	1,	1,	'App\\User',	'[]',	'2022-10-17 01:05:22',	'2022-10-17 01:05:22'),
(150,	'default',	'login',	1,	'App\\User',	1,	1,	'App\\User',	'[]',	'2022-10-17 01:56:23',	'2022-10-17 01:56:23'),
(151,	'default',	'login',	1,	'App\\User',	1,	1,	'App\\User',	'[]',	'2022-10-18 02:53:59',	'2022-10-18 02:53:59'),
(152,	'default',	'login',	1,	'App\\User',	1,	1,	'App\\User',	'[]',	'2022-10-18 02:58:50',	'2022-10-18 02:58:50'),
(153,	'default',	'login',	1,	'App\\User',	1,	1,	'App\\User',	'[]',	'2022-10-18 03:00:16',	'2022-10-18 03:00:16'),
(154,	'default',	'logout',	1,	'App\\User',	1,	1,	'App\\User',	'[]',	'2022-10-18 03:04:01',	'2022-10-18 03:04:01'),
(155,	'default',	'login',	1,	'App\\User',	1,	1,	'App\\User',	'[]',	'2022-10-18 03:22:28',	'2022-10-18 03:22:28'),
(156,	'default',	'login',	1,	'App\\User',	1,	1,	'App\\User',	'[]',	'2022-10-18 16:03:51',	'2022-10-18 16:03:51'),
(157,	'default',	'login',	1,	'App\\User',	1,	1,	'App\\User',	'[]',	'2022-10-18 16:21:37',	'2022-10-18 16:21:37'),
(158,	'default',	'login',	1,	'App\\User',	1,	1,	'App\\User',	'[]',	'2022-10-18 19:59:34',	'2022-10-18 19:59:34'),
(159,	'default',	'logout',	1,	'App\\User',	1,	1,	'App\\User',	'[]',	'2022-10-18 20:02:48',	'2022-10-18 20:02:48'),
(160,	'default',	'login',	1,	'App\\User',	1,	1,	'App\\User',	'[]',	'2022-10-18 20:13:07',	'2022-10-18 20:13:07'),
(161,	'default',	'login',	1,	'App\\User',	1,	1,	'App\\User',	'[]',	'2022-10-19 02:36:10',	'2022-10-19 02:36:10'),
(162,	'default',	'logout',	1,	'App\\User',	1,	1,	'App\\User',	'[]',	'2022-10-19 02:36:16',	'2022-10-19 02:36:16'),
(163,	'default',	'login',	1,	'App\\User',	1,	1,	'App\\User',	'[]',	'2022-10-19 02:36:21',	'2022-10-19 02:36:21'),
(164,	'default',	'login',	1,	'App\\User',	1,	1,	'App\\User',	'[]',	'2022-10-19 03:31:01',	'2022-10-19 03:31:01'),
(165,	'default',	'login',	1,	'App\\User',	1,	1,	'App\\User',	'[]',	'2022-10-19 07:48:14',	'2022-10-19 07:48:14'),
(166,	'default',	'login',	5,	'App\\User',	4,	5,	'App\\User',	'[]',	'2022-10-19 04:29:56',	'2022-10-19 04:29:56'),
(167,	'default',	'logout',	5,	'App\\User',	4,	5,	'App\\User',	'[]',	'2022-10-19 04:33:49',	'2022-10-19 04:33:49'),
(168,	'default',	'added',	26,	'App\\Transaction',	1,	1,	'App\\User',	'{\"attributes\":{\"type\":\"sell\",\"status\":\"final\",\"payment_status\":\"paid\",\"final_total\":2.54}}',	'2022-10-19 08:16:26',	'2022-10-19 08:16:26'),
(169,	'default',	'added',	27,	'App\\Transaction',	1,	1,	'App\\User',	'{\"attributes\":{\"type\":\"sell\",\"status\":\"final\",\"payment_status\":\"paid\",\"final_total\":1.27}}',	'2022-10-19 08:26:59',	'2022-10-19 08:26:59'),
(170,	'default',	'added',	28,	'App\\Transaction',	1,	1,	'App\\User',	'{\"attributes\":{\"type\":\"sell\",\"status\":\"final\",\"payment_status\":\"paid\",\"final_total\":1.27}}',	'2022-10-19 08:33:58',	'2022-10-19 08:33:58'),
(171,	'default',	'added',	29,	'App\\Transaction',	1,	1,	'App\\User',	'{\"attributes\":{\"type\":\"sell\",\"status\":\"final\",\"payment_status\":\"paid\",\"final_total\":1.27}}',	'2022-10-18 23:32:02',	'2022-10-18 23:32:02'),
(172,	'default',	'login',	5,	'App\\User',	4,	5,	'App\\User',	'[]',	'2022-10-19 07:39:36',	'2022-10-19 07:39:36'),
(173,	'default',	'login',	1,	'App\\User',	1,	1,	'App\\User',	'[]',	'2022-10-19 03:11:17',	'2022-10-19 03:11:17'),
(174,	'default',	'added',	30,	'App\\Transaction',	1,	1,	'App\\User',	'{\"attributes\":{\"type\":\"sell\",\"status\":\"final\",\"payment_status\":\"paid\",\"final_total\":1.27}}',	'2022-10-19 03:38:41',	'2022-10-19 03:38:41'),
(175,	'default',	'added',	31,	'App\\Transaction',	1,	1,	'App\\User',	'{\"attributes\":{\"type\":\"sell\",\"status\":\"final\",\"payment_status\":\"paid\",\"final_total\":1.27}}',	'2022-10-19 03:40:14',	'2022-10-19 03:40:14'),
(176,	'default',	'added',	32,	'App\\Transaction',	1,	1,	'App\\User',	'{\"attributes\":{\"type\":\"sell\",\"status\":\"final\",\"payment_status\":\"paid\",\"final_total\":1.27}}',	'2022-10-19 03:49:23',	'2022-10-19 03:49:23'),
(177,	'default',	'login',	1,	'App\\User',	1,	1,	'App\\User',	'[]',	'2022-10-19 15:44:19',	'2022-10-19 15:44:19'),
(178,	'default',	'login',	1,	'App\\User',	1,	1,	'App\\User',	'[]',	'2022-10-19 18:05:39',	'2022-10-19 18:05:39'),
(179,	'default',	'login',	2,	'App\\User',	1,	2,	'App\\User',	'[]',	'2022-10-19 19:48:53',	'2022-10-19 19:48:53'),
(180,	'default',	'logout',	2,	'App\\User',	1,	2,	'App\\User',	'[]',	'2022-10-19 19:52:49',	'2022-10-19 19:52:49'),
(181,	'default',	'login',	6,	'App\\User',	5,	6,	'App\\User',	'[]',	'2022-10-19 19:53:02',	'2022-10-19 19:53:02'),
(182,	'default',	'login',	1,	'App\\User',	1,	1,	'App\\User',	'[]',	'2022-10-19 19:54:47',	'2022-10-19 19:54:47'),
(183,	'default',	'login',	1,	'App\\User',	1,	1,	'App\\User',	'[]',	'2022-10-19 20:18:09',	'2022-10-19 20:18:09'),
(184,	'default',	'login',	1,	'App\\User',	1,	1,	'App\\User',	'[]',	'2022-10-20 13:59:35',	'2022-10-20 13:59:35'),
(185,	'default',	'added',	33,	'App\\Transaction',	1,	1,	'App\\User',	'{\"attributes\":{\"type\":\"sell\",\"status\":\"final\",\"payment_status\":\"paid\",\"final_total\":1.27}}',	'2022-10-20 14:10:40',	'2022-10-20 14:10:40'),
(186,	'default',	'login',	1,	'App\\User',	1,	1,	'App\\User',	'[]',	'2022-10-21 09:47:11',	'2022-10-21 09:47:11'),
(187,	'default',	'added',	34,	'App\\Transaction',	1,	1,	'App\\User',	'{\"attributes\":{\"type\":\"sell\",\"status\":\"final\",\"payment_status\":\"paid\",\"final_total\":1.27}}',	'2022-10-21 09:48:12',	'2022-10-21 09:48:12'),
(188,	'default',	'login',	1,	'App\\User',	1,	1,	'App\\User',	'[]',	'2022-10-21 19:19:15',	'2022-10-21 19:19:15'),
(189,	'default',	'login',	1,	'App\\User',	1,	1,	'App\\User',	'[]',	'2022-10-22 02:36:36',	'2022-10-22 02:36:36'),
(190,	'default',	'login',	1,	'App\\User',	1,	1,	'App\\User',	'[]',	'2022-10-23 04:28:35',	'2022-10-23 04:28:35'),
(191,	'default',	'login',	1,	'App\\User',	1,	1,	'App\\User',	'[]',	'2022-10-23 05:31:50',	'2022-10-23 05:31:50'),
(192,	'default',	'login',	1,	'App\\User',	1,	1,	'App\\User',	'[]',	'2022-10-23 17:04:04',	'2022-10-23 17:04:04'),
(193,	'default',	'login',	6,	'App\\User',	5,	6,	'App\\User',	'[]',	'2022-10-23 17:20:05',	'2022-10-23 17:20:05'),
(194,	'default',	'login',	6,	'App\\User',	5,	6,	'App\\User',	'[]',	'2022-10-23 18:03:41',	'2022-10-23 18:03:41'),
(195,	'default',	'logout',	6,	'App\\User',	5,	6,	'App\\User',	'[]',	'2022-10-23 18:32:51',	'2022-10-23 18:32:51'),
(196,	'default',	'login',	7,	'App\\User',	6,	7,	'App\\User',	'[]',	'2022-10-24 00:38:17',	'2022-10-24 00:38:17'),
(197,	'default',	'login',	7,	'App\\User',	6,	7,	'App\\User',	'[]',	'2022-10-24 00:48:30',	'2022-10-24 00:48:30'),
(198,	'default',	'login',	1,	'App\\User',	1,	1,	'App\\User',	'[]',	'2022-10-23 18:58:35',	'2022-10-23 18:58:35'),
(199,	'default',	'logout',	7,	'App\\User',	6,	7,	'App\\User',	'[]',	'2022-10-24 01:10:09',	'2022-10-24 01:10:09'),
(200,	'default',	'login',	6,	'App\\User',	5,	6,	'App\\User',	'[]',	'2022-10-23 19:10:54',	'2022-10-23 19:10:54'),
(201,	'default',	'login',	1,	'App\\User',	1,	1,	'App\\User',	'[]',	'2022-10-23 22:27:30',	'2022-10-23 22:27:30'),
(202,	'default',	'added',	35,	'App\\Transaction',	1,	1,	'App\\User',	'{\"attributes\":{\"type\":\"sell\",\"status\":\"final\",\"payment_status\":\"paid\",\"final_total\":1}}',	'2022-10-23 22:28:44',	'2022-10-23 22:28:44'),
(203,	'default',	'added',	36,	'App\\Transaction',	1,	1,	'App\\User',	'{\"attributes\":{\"type\":\"sell\",\"status\":\"final\",\"payment_status\":\"paid\",\"final_total\":2}}',	'2022-10-23 22:38:17',	'2022-10-23 22:38:17'),
(204,	'default',	'added',	37,	'App\\Transaction',	1,	1,	'App\\User',	'{\"attributes\":{\"type\":\"sell\",\"status\":\"final\",\"payment_status\":\"paid\",\"final_total\":4}}',	'2022-10-23 22:40:14',	'2022-10-23 22:40:14'),
(205,	'default',	'login',	1,	'App\\User',	1,	1,	'App\\User',	'[]',	'2022-10-24 06:16:26',	'2022-10-24 06:16:26'),
(206,	'default',	'added',	38,	'App\\Transaction',	1,	1,	'App\\User',	'{\"attributes\":{\"type\":\"sell\",\"status\":\"final\",\"payment_status\":\"paid\",\"final_total\":5.08}}',	'2022-10-24 06:17:08',	'2022-10-24 06:17:08'),
(207,	'default',	'login',	1,	'App\\User',	1,	1,	'App\\User',	'[]',	'2022-10-24 06:19:06',	'2022-10-24 06:19:06'),
(208,	'default',	'login',	6,	'App\\User',	5,	6,	'App\\User',	'[]',	'2022-10-24 06:23:42',	'2022-10-24 06:23:42'),
(209,	'default',	'logout',	1,	'App\\User',	1,	1,	'App\\User',	'[]',	'2022-10-24 06:33:57',	'2022-10-24 06:33:57'),
(210,	'default',	'login',	1,	'App\\User',	1,	1,	'App\\User',	'[]',	'2022-10-24 06:34:19',	'2022-10-24 06:34:19'),
(211,	'default',	'logout',	6,	'App\\User',	5,	6,	'App\\User',	'[]',	'2022-10-24 06:36:48',	'2022-10-24 06:36:48'),
(212,	'default',	'login',	1,	'App\\User',	1,	1,	'App\\User',	'[]',	'2022-10-24 08:46:41',	'2022-10-24 08:46:41'),
(213,	'default',	'logout',	1,	'App\\User',	1,	1,	'App\\User',	'[]',	'2022-10-24 09:13:40',	'2022-10-24 09:13:40'),
(214,	'default',	'login',	1,	'App\\User',	1,	1,	'App\\User',	'[]',	'2022-10-24 09:13:47',	'2022-10-24 09:13:47'),
(215,	'default',	'login',	1,	'App\\User',	1,	1,	'App\\User',	'[]',	'2022-10-24 09:17:04',	'2022-10-24 09:17:04'),
(216,	'default',	'login',	1,	'App\\User',	1,	1,	'App\\User',	'[]',	'2022-10-24 15:13:13',	'2022-10-24 15:13:13'),
(217,	'default',	'login',	1,	'App\\User',	1,	1,	'App\\User',	'[]',	'2022-10-24 16:22:04',	'2022-10-24 16:22:04'),
(218,	'default',	'login',	1,	'App\\User',	1,	1,	'App\\User',	'[]',	'2022-10-24 16:42:46',	'2022-10-24 16:42:46'),
(219,	'default',	'login',	1,	'App\\User',	1,	1,	'App\\User',	'[]',	'2022-10-24 20:16:56',	'2022-10-24 20:16:56'),
(220,	'default',	'login',	1,	'App\\User',	1,	1,	'App\\User',	'[]',	'2022-10-24 20:17:15',	'2022-10-24 20:17:15'),
(221,	'default',	'login',	1,	'App\\User',	1,	1,	'App\\User',	'[]',	'2022-10-24 23:38:05',	'2022-10-24 23:38:05'),
(222,	'default',	'logout',	1,	'App\\User',	1,	1,	'App\\User',	'[]',	'2022-10-25 00:11:11',	'2022-10-25 00:11:11'),
(223,	'default',	'login',	1,	'App\\User',	1,	1,	'App\\User',	'[]',	'2022-10-25 00:11:59',	'2022-10-25 00:11:59'),
(224,	'default',	'logout',	1,	'App\\User',	1,	1,	'App\\User',	'[]',	'2022-10-25 00:12:58',	'2022-10-25 00:12:58'),
(225,	'default',	'login',	1,	'App\\User',	1,	1,	'App\\User',	'[]',	'2022-10-25 00:15:40',	'2022-10-25 00:15:40'),
(226,	'default',	'login',	1,	'App\\User',	1,	1,	'App\\User',	'[]',	'2022-10-25 00:24:29',	'2022-10-25 00:24:29'),
(227,	'default',	'logout',	1,	'App\\User',	1,	1,	'App\\User',	'[]',	'2022-10-25 00:25:37',	'2022-10-25 00:25:37'),
(228,	'default',	'login',	1,	'App\\User',	1,	1,	'App\\User',	'[]',	'2022-10-25 00:25:42',	'2022-10-25 00:25:42'),
(229,	'default',	'login',	1,	'App\\User',	1,	1,	'App\\User',	'[]',	'2022-10-25 00:50:17',	'2022-10-25 00:50:17'),
(230,	'default',	'login',	1,	'App\\User',	1,	1,	'App\\User',	'[]',	'2022-10-25 03:17:37',	'2022-10-25 03:17:37'),
(231,	'default',	'logout',	1,	'App\\User',	1,	1,	'App\\User',	'[]',	'2022-10-25 03:47:33',	'2022-10-25 03:47:33'),
(232,	'default',	'login',	1,	'App\\User',	1,	1,	'App\\User',	'[]',	'2022-10-25 03:47:36',	'2022-10-25 03:47:36'),
(233,	'default',	'login',	1,	'App\\User',	1,	1,	'App\\User',	'[]',	'2022-10-25 07:05:59',	'2022-10-25 07:05:59'),
(234,	'default',	'login',	1,	'App\\User',	1,	1,	'App\\User',	'[]',	'2022-10-25 11:17:07',	'2022-10-25 11:17:07'),
(235,	'default',	'logout',	1,	'App\\User',	1,	1,	'App\\User',	'[]',	'2022-10-25 11:23:51',	'2022-10-25 11:23:51'),
(236,	'default',	'login',	1,	'App\\User',	1,	1,	'App\\User',	'[]',	'2022-10-25 18:49:07',	'2022-10-25 18:49:07'),
(237,	'default',	'added',	39,	'App\\Transaction',	1,	1,	'App\\User',	'{\"attributes\":{\"type\":\"sell\",\"status\":\"final\",\"payment_status\":\"paid\",\"final_total\":1}}',	'2022-10-25 19:28:30',	'2022-10-25 19:28:30'),
(238,	'default',	'added',	40,	'App\\Transaction',	1,	1,	'App\\User',	'{\"attributes\":{\"type\":\"sell\",\"status\":\"final\",\"payment_status\":\"paid\",\"final_total\":5}}',	'2022-10-25 19:30:45',	'2022-10-25 19:30:45'),
(239,	'default',	'login',	1,	'App\\User',	1,	1,	'App\\User',	'[]',	'2022-10-25 19:32:27',	'2022-10-25 19:32:27'),
(240,	'default',	'added',	41,	'App\\Transaction',	1,	1,	'App\\User',	'{\"attributes\":{\"type\":\"sell\",\"status\":\"final\",\"payment_status\":\"paid\",\"final_total\":7.62}}',	'2022-10-25 19:32:57',	'2022-10-25 19:32:57'),
(241,	'default',	'login',	1,	'App\\User',	1,	1,	'App\\User',	'[]',	'2022-10-25 19:34:55',	'2022-10-25 19:34:55'),
(242,	'default',	'added',	42,	'App\\Transaction',	1,	1,	'App\\User',	'{\"attributes\":{\"type\":\"sell\",\"status\":\"final\",\"payment_status\":\"paid\",\"final_total\":4}}',	'2022-10-25 20:52:22',	'2022-10-25 20:52:22'),
(243,	'default',	'added',	43,	'App\\Transaction',	1,	1,	'App\\User',	'{\"attributes\":{\"type\":\"sell\",\"status\":\"final\",\"payment_status\":\"paid\",\"final_total\":5}}',	'2022-10-25 20:53:12',	'2022-10-25 20:53:12'),
(244,	'default',	'added',	44,	'App\\Transaction',	1,	1,	'App\\User',	'{\"attributes\":{\"type\":\"sell\",\"status\":\"final\",\"payment_status\":\"paid\",\"final_total\":1.27}}',	'2022-10-25 21:00:39',	'2022-10-25 21:00:39'),
(245,	'default',	'login',	1,	'App\\User',	1,	1,	'App\\User',	'[]',	'2022-10-25 21:09:09',	'2022-10-25 21:09:09'),
(246,	'default',	'added',	45,	'App\\Transaction',	1,	1,	'App\\User',	'{\"attributes\":{\"type\":\"sell\",\"status\":\"final\",\"payment_status\":\"paid\",\"final_total\":10}}',	'2022-10-25 21:50:05',	'2022-10-25 21:50:05'),
(247,	'default',	'added',	46,	'App\\Transaction',	1,	1,	'App\\User',	'{\"attributes\":{\"type\":\"sell\",\"status\":\"final\",\"payment_status\":\"paid\",\"final_total\":23}}',	'2022-10-25 21:50:18',	'2022-10-25 21:50:18'),
(248,	'default',	'added',	47,	'App\\Transaction',	1,	1,	'App\\User',	'{\"attributes\":{\"type\":\"sell\",\"status\":\"final\",\"payment_status\":\"paid\",\"final_total\":30}}',	'2022-10-25 21:51:05',	'2022-10-25 21:51:05'),
(249,	'default',	'added',	48,	'App\\Transaction',	1,	1,	'App\\User',	'{\"attributes\":{\"type\":\"sell\",\"status\":\"final\",\"payment_status\":\"paid\",\"final_total\":30}}',	'2022-10-25 21:51:11',	'2022-10-25 21:51:11'),
(250,	'default',	'added',	49,	'App\\Transaction',	1,	1,	'App\\User',	'{\"attributes\":{\"type\":\"sell\",\"status\":\"final\",\"payment_status\":\"paid\",\"final_total\":2.27}}',	'2022-10-25 21:52:29',	'2022-10-25 21:52:29'),
(251,	'default',	'added',	50,	'App\\Transaction',	1,	1,	'App\\User',	'{\"attributes\":{\"type\":\"sell\",\"status\":\"final\",\"payment_status\":\"paid\",\"final_total\":2.27}}',	'2022-10-25 22:02:01',	'2022-10-25 22:02:01'),
(252,	'default',	'added',	51,	'App\\Transaction',	1,	1,	'App\\User',	'{\"attributes\":{\"type\":\"sell\",\"status\":\"final\",\"payment_status\":\"paid\",\"final_total\":2.27}}',	'2022-10-25 22:03:02',	'2022-10-25 22:03:02'),
(253,	'default',	'added',	52,	'App\\Transaction',	1,	1,	'App\\User',	'{\"attributes\":{\"type\":\"sell\",\"status\":\"final\",\"payment_status\":\"paid\",\"final_total\":6.35}}',	'2022-10-25 22:03:26',	'2022-10-25 22:03:26'),
(254,	'default',	'login',	1,	'App\\User',	1,	1,	'App\\User',	'[]',	'2022-10-26 07:29:03',	'2022-10-26 07:29:03'),
(255,	'default',	'added',	53,	'App\\Transaction',	1,	1,	'App\\User',	'{\"attributes\":{\"type\":\"sell\",\"status\":\"final\",\"payment_status\":\"paid\",\"final_total\":7}}',	'2022-10-26 07:29:26',	'2022-10-26 07:29:26'),
(256,	'default',	'login',	1,	'App\\User',	1,	1,	'App\\User',	'[]',	'2022-10-26 16:56:40',	'2022-10-26 16:56:40'),
(257,	'default',	'login',	1,	'App\\User',	1,	1,	'App\\User',	'[]',	'2022-10-27 05:32:08',	'2022-10-27 05:32:08'),
(258,	'default',	'login',	1,	'App\\User',	1,	1,	'App\\User',	'[]',	'2022-10-27 14:13:28',	'2022-10-27 14:13:28'),
(259,	'default',	'login',	1,	'App\\User',	1,	1,	'App\\User',	'[]',	'2022-10-27 16:17:11',	'2022-10-27 16:17:11'),
(260,	'default',	'login',	1,	'App\\User',	1,	1,	'App\\User',	'[]',	'2022-10-27 16:20:10',	'2022-10-27 16:20:10'),
(261,	'default',	'login',	1,	'App\\User',	1,	1,	'App\\User',	'[]',	'2022-10-28 05:29:17',	'2022-10-28 05:29:17'),
(262,	'default',	'added',	54,	'App\\Transaction',	1,	1,	'App\\User',	'{\"attributes\":{\"type\":\"sell\",\"status\":\"final\",\"payment_status\":\"paid\",\"final_total\":8}}',	'2022-10-28 05:29:33',	'2022-10-28 05:29:33'),
(263,	'default',	'logout',	1,	'App\\User',	1,	1,	'App\\User',	'[]',	'2022-10-28 05:30:21',	'2022-10-28 05:30:21'),
(264,	'default',	'login',	1,	'App\\User',	1,	1,	'App\\User',	'[]',	'2022-10-30 00:49:39',	'2022-10-30 00:49:39'),
(265,	'default',	'login',	1,	'App\\User',	1,	1,	'App\\User',	'[]',	'2022-10-30 21:12:22',	'2022-10-30 21:12:22'),
(266,	'default',	'logout',	1,	'App\\User',	1,	1,	'App\\User',	'[]',	'2022-10-30 21:12:22',	'2022-10-30 21:12:22'),
(267,	'default',	'login',	1,	'App\\User',	1,	1,	'App\\User',	'[]',	'2022-10-30 21:19:38',	'2022-10-30 21:19:38'),
(268,	'default',	'login',	1,	'App\\User',	1,	1,	'App\\User',	'[]',	'2022-10-31 15:10:11',	'2022-10-31 15:10:11'),
(269,	'default',	'login',	1,	'App\\User',	1,	1,	'App\\User',	'[]',	'2022-11-01 03:23:31',	'2022-11-01 03:23:31'),
(270,	'default',	'login',	1,	'App\\User',	1,	1,	'App\\User',	'[]',	'2022-11-01 03:36:44',	'2022-11-01 03:36:44'),
(271,	'default',	'login',	1,	'App\\User',	1,	1,	'App\\User',	'[]',	'2022-11-01 13:00:30',	'2022-11-01 13:00:30'),
(272,	'default',	'added',	55,	'App\\Transaction',	1,	1,	'App\\User',	'{\"attributes\":{\"type\":\"sell\",\"status\":\"final\",\"payment_status\":\"paid\",\"final_total\":2.54}}',	'2022-11-01 13:00:44',	'2022-11-01 13:00:44'),
(273,	'default',	'added',	56,	'App\\Transaction',	1,	1,	'App\\User',	'{\"attributes\":{\"type\":\"sell\",\"status\":\"final\",\"payment_status\":\"paid\",\"final_total\":2.54}}',	'2022-11-01 13:00:50',	'2022-11-01 13:00:50'),
(274,	'default',	'added',	57,	'App\\Transaction',	1,	1,	'App\\User',	'{\"attributes\":{\"type\":\"sell\",\"status\":\"final\",\"payment_status\":\"paid\",\"final_total\":2.54}}',	'2022-11-01 13:00:56',	'2022-11-01 13:00:56'),
(275,	'default',	'login',	1,	'App\\User',	1,	1,	'App\\User',	'[]',	'2022-11-01 16:03:54',	'2022-11-01 16:03:54'),
(276,	'default',	'added',	58,	'App\\Transaction',	1,	1,	'App\\User',	'{\"attributes\":{\"type\":\"sell\",\"status\":\"final\",\"payment_status\":\"paid\",\"final_total\":1.27}}',	'2022-11-01 16:04:32',	'2022-11-01 16:04:32'),
(277,	'default',	'login',	1,	'App\\User',	1,	1,	'App\\User',	'[]',	'2022-11-01 16:37:01',	'2022-11-01 16:37:01'),
(278,	'default',	'added',	59,	'App\\Transaction',	1,	1,	'App\\User',	'{\"attributes\":{\"type\":\"sell\",\"status\":\"final\",\"payment_status\":\"paid\",\"final_total\":12.7}}',	'2022-11-01 16:37:16',	'2022-11-01 16:37:16'),
(279,	'default',	'added',	60,	'App\\Transaction',	1,	1,	'App\\User',	'{\"attributes\":{\"type\":\"sell\",\"status\":\"final\",\"payment_status\":\"paid\",\"final_total\":24.51}}',	'2022-11-01 16:37:38',	'2022-11-01 16:37:38'),
(280,	'default',	'login',	1,	'App\\User',	1,	1,	'App\\User',	'[]',	'2022-11-02 08:27:53',	'2022-11-02 08:27:53'),
(281,	'default',	'added',	61,	'App\\Transaction',	1,	1,	'App\\User',	'{\"attributes\":{\"type\":\"sell\",\"status\":\"final\",\"payment_status\":\"paid\",\"final_total\":1.27}}',	'2022-11-02 08:28:07',	'2022-11-02 08:28:07'),
(282,	'default',	'login',	1,	'App\\User',	1,	1,	'App\\User',	'[]',	'2022-11-02 08:36:49',	'2022-11-02 08:36:49'),
(283,	'default',	'added',	62,	'App\\Transaction',	1,	1,	'App\\User',	'{\"attributes\":{\"type\":\"sell\",\"status\":\"final\",\"payment_status\":\"paid\",\"final_total\":2.54}}',	'2022-11-02 08:37:53',	'2022-11-02 08:37:53'),
(284,	'default',	'added',	63,	'App\\Transaction',	1,	1,	'App\\User',	'{\"attributes\":{\"type\":\"sell\",\"status\":\"final\",\"payment_status\":\"paid\",\"final_total\":1.27}}',	'2022-11-02 08:48:13',	'2022-11-02 08:48:13'),
(285,	'default',	'added',	64,	'App\\Transaction',	1,	1,	'App\\User',	'{\"attributes\":{\"type\":\"sell\",\"status\":\"final\",\"payment_status\":\"paid\",\"final_total\":1.27}}',	'2022-11-02 09:14:15',	'2022-11-02 09:14:15'),
(286,	'default',	'login',	1,	'App\\User',	1,	1,	'App\\User',	'[]',	'2022-11-02 15:59:07',	'2022-11-02 15:59:07'),
(287,	'default',	'added',	65,	'App\\Transaction',	1,	1,	'App\\User',	'{\"attributes\":{\"type\":\"sell\",\"status\":\"final\",\"payment_status\":\"paid\",\"final_total\":12}}',	'2022-11-02 16:00:37',	'2022-11-02 16:00:37'),
(288,	'default',	'login',	1,	'App\\User',	1,	1,	'App\\User',	'[]',	'2022-11-03 13:36:35',	'2022-11-03 13:36:35'),
(289,	'default',	'login',	1,	'App\\User',	1,	1,	'App\\User',	'[]',	'2022-11-03 16:43:08',	'2022-11-03 16:43:08'),
(290,	'default',	'added',	66,	'App\\Transaction',	1,	1,	'App\\User',	'{\"attributes\":{\"type\":\"sell\",\"status\":\"final\",\"payment_status\":\"paid\",\"final_total\":2}}',	'2022-11-03 16:57:02',	'2022-11-03 16:57:02'),
(291,	'default',	'added',	67,	'App\\Transaction',	1,	1,	'App\\User',	'{\"attributes\":{\"type\":\"sell\",\"status\":\"final\",\"payment_status\":\"paid\",\"final_total\":4}}',	'2022-11-03 17:10:25',	'2022-11-03 17:10:25'),
(292,	'default',	'login',	1,	'App\\User',	1,	1,	'App\\User',	'[]',	'2022-11-04 16:22:57',	'2022-11-04 16:22:57'),
(293,	'default',	'added',	70,	'App\\Transaction',	1,	1,	'App\\User',	'{\"attributes\":{\"type\":\"sell\",\"status\":\"final\",\"payment_status\":\"paid\",\"final_total\":13}}',	'2022-11-04 17:05:45',	'2022-11-04 17:05:45'),
(294,	'default',	'added',	71,	'App\\Transaction',	1,	1,	'App\\User',	'{\"attributes\":{\"type\":\"sell\",\"status\":\"final\",\"payment_status\":\"paid\",\"final_total\":4}}',	'2022-11-04 17:26:45',	'2022-11-04 17:26:45'),
(295,	'default',	'added',	72,	'App\\Transaction',	1,	1,	'App\\User',	'{\"attributes\":{\"type\":\"sell\",\"status\":\"final\",\"payment_status\":\"paid\",\"final_total\":6}}',	'2022-11-04 17:28:29',	'2022-11-04 17:28:29'),
(296,	'default',	'added',	73,	'App\\Transaction',	1,	1,	'App\\User',	'{\"attributes\":{\"type\":\"sell\",\"status\":\"final\",\"payment_status\":\"paid\",\"final_total\":4}}',	'2022-11-04 17:30:01',	'2022-11-04 17:30:01'),
(297,	'default',	'added',	74,	'App\\Transaction',	1,	1,	'App\\User',	'{\"attributes\":{\"type\":\"sell\",\"status\":\"final\",\"payment_status\":\"paid\",\"final_total\":6}}',	'2022-11-04 17:30:41',	'2022-11-04 17:30:41'),
(298,	'default',	'login',	1,	'App\\User',	1,	1,	'App\\User',	'[]',	'2022-11-04 17:31:57',	'2022-11-04 17:31:57'),
(299,	'default',	'added',	75,	'App\\Transaction',	1,	1,	'App\\User',	'{\"attributes\":{\"type\":\"sell\",\"status\":\"final\",\"payment_status\":\"paid\",\"final_total\":7}}',	'2022-11-04 17:32:17',	'2022-11-04 17:32:17'),
(300,	'default',	'added',	76,	'App\\Transaction',	1,	1,	'App\\User',	'{\"attributes\":{\"type\":\"sell\",\"status\":\"final\",\"payment_status\":\"paid\",\"final_total\":4}}',	'2022-11-04 17:33:06',	'2022-11-04 17:33:06'),
(301,	'default',	'added',	77,	'App\\Transaction',	1,	1,	'App\\User',	'{\"attributes\":{\"type\":\"sell\",\"status\":\"final\",\"payment_status\":\"paid\",\"final_total\":5}}',	'2022-11-04 17:42:52',	'2022-11-04 17:42:52'),
(302,	'default',	'added',	78,	'App\\Transaction',	1,	1,	'App\\User',	'{\"attributes\":{\"type\":\"sell\",\"status\":\"final\",\"payment_status\":\"paid\",\"final_total\":4}}',	'2022-11-04 17:45:03',	'2022-11-04 17:45:03'),
(303,	'default',	'added',	79,	'App\\Transaction',	1,	1,	'App\\User',	'{\"attributes\":{\"type\":\"sell\",\"status\":\"final\",\"payment_status\":\"paid\",\"final_total\":4}}',	'2022-11-04 17:52:46',	'2022-11-04 17:52:46'),
(304,	'default',	'added',	80,	'App\\Transaction',	1,	1,	'App\\User',	'{\"attributes\":{\"type\":\"sell\",\"status\":\"final\",\"payment_status\":\"paid\",\"final_total\":8}}',	'2022-11-04 17:55:36',	'2022-11-04 17:55:36'),
(305,	'default',	'added',	81,	'App\\Transaction',	1,	1,	'App\\User',	'{\"attributes\":{\"type\":\"sell\",\"status\":\"final\",\"payment_status\":\"paid\",\"final_total\":5}}',	'2022-11-04 17:56:20',	'2022-11-04 17:56:20'),
(306,	'default',	'added',	82,	'App\\Transaction',	1,	1,	'App\\User',	'{\"attributes\":{\"type\":\"sell\",\"status\":\"final\",\"payment_status\":\"paid\",\"final_total\":6}}',	'2022-11-04 17:57:46',	'2022-11-04 17:57:46'),
(307,	'default',	'added',	83,	'App\\Transaction',	1,	1,	'App\\User',	'{\"attributes\":{\"type\":\"sell\",\"status\":\"final\",\"payment_status\":\"paid\",\"final_total\":5}}',	'2022-11-04 18:00:53',	'2022-11-04 18:00:53'),
(308,	'default',	'added',	84,	'App\\Transaction',	1,	1,	'App\\User',	'{\"attributes\":{\"type\":\"sell\",\"status\":\"final\",\"payment_status\":\"paid\",\"final_total\":12}}',	'2022-11-04 18:04:38',	'2022-11-04 18:04:38'),
(309,	'default',	'added',	85,	'App\\Transaction',	1,	1,	'App\\User',	'{\"attributes\":{\"type\":\"sell\",\"status\":\"final\",\"payment_status\":\"paid\",\"final_total\":12}}',	'2022-11-04 18:06:03',	'2022-11-04 18:06:03'),
(310,	'default',	'added',	86,	'App\\Transaction',	1,	1,	'App\\User',	'{\"attributes\":{\"type\":\"sell\",\"status\":\"final\",\"payment_status\":\"paid\",\"final_total\":7}}',	'2022-11-04 18:06:24',	'2022-11-04 18:06:24'),
(311,	'default',	'added',	87,	'App\\Transaction',	1,	1,	'App\\User',	'{\"attributes\":{\"type\":\"sell\",\"status\":\"final\",\"payment_status\":\"paid\",\"final_total\":5}}',	'2022-11-04 18:11:19',	'2022-11-04 18:11:19'),
(312,	'default',	'added',	88,	'App\\Transaction',	1,	1,	'App\\User',	'{\"attributes\":{\"type\":\"sell\",\"status\":\"final\",\"payment_status\":\"paid\",\"final_total\":8}}',	'2022-11-04 18:12:15',	'2022-11-04 18:12:15'),
(313,	'default',	'added',	89,	'App\\Transaction',	1,	1,	'App\\User',	'{\"attributes\":{\"type\":\"sell\",\"status\":\"final\",\"payment_status\":\"paid\",\"final_total\":5}}',	'2022-11-04 18:13:59',	'2022-11-04 18:13:59'),
(314,	'default',	'added',	90,	'App\\Transaction',	1,	1,	'App\\User',	'{\"attributes\":{\"type\":\"sell\",\"status\":\"final\",\"payment_status\":\"paid\",\"final_total\":8}}',	'2022-11-04 18:15:20',	'2022-11-04 18:15:20'),
(315,	'default',	'added',	91,	'App\\Transaction',	1,	1,	'App\\User',	'{\"attributes\":{\"type\":\"sell\",\"status\":\"final\",\"payment_status\":\"paid\",\"final_total\":4}}',	'2022-11-04 18:23:11',	'2022-11-04 18:23:11'),
(316,	'default',	'added',	92,	'App\\Transaction',	1,	1,	'App\\User',	'{\"attributes\":{\"type\":\"sell\",\"status\":\"final\",\"payment_status\":\"paid\",\"final_total\":6}}',	'2022-11-04 18:25:39',	'2022-11-04 18:25:39'),
(317,	'default',	'added',	93,	'App\\Transaction',	1,	1,	'App\\User',	'{\"attributes\":{\"type\":\"sell\",\"status\":\"final\",\"payment_status\":\"paid\",\"final_total\":12}}',	'2022-11-04 18:31:58',	'2022-11-04 18:31:58'),
(318,	'default',	'added',	94,	'App\\Transaction',	1,	1,	'App\\User',	'{\"attributes\":{\"type\":\"sell\",\"status\":\"final\",\"payment_status\":\"paid\",\"final_total\":10}}',	'2022-11-04 18:36:57',	'2022-11-04 18:36:57'),
(319,	'default',	'added',	95,	'App\\Transaction',	1,	1,	'App\\User',	'{\"attributes\":{\"type\":\"sell\",\"status\":\"final\",\"payment_status\":\"paid\",\"final_total\":3}}',	'2022-11-04 18:42:01',	'2022-11-04 18:42:01'),
(320,	'default',	'added',	96,	'App\\Transaction',	1,	1,	'App\\User',	'{\"attributes\":{\"type\":\"sell\",\"status\":\"final\",\"payment_status\":\"paid\",\"final_total\":4}}',	'2022-11-04 18:44:10',	'2022-11-04 18:44:10'),
(321,	'default',	'login',	1,	'App\\User',	1,	1,	'App\\User',	'[]',	'2022-11-05 02:24:57',	'2022-11-05 02:24:57'),
(322,	'default',	'added',	97,	'App\\Transaction',	1,	1,	'App\\User',	'{\"attributes\":{\"type\":\"sell\",\"status\":\"final\",\"payment_status\":\"paid\",\"final_total\":5.08}}',	'2022-11-05 02:25:34',	'2022-11-05 02:25:34'),
(323,	'default',	'login',	1,	'App\\User',	1,	1,	'App\\User',	'[]',	'2022-11-05 07:00:25',	'2022-11-05 07:00:25'),
(324,	'default',	'added',	98,	'App\\Transaction',	1,	1,	'App\\User',	'{\"attributes\":{\"type\":\"sell\",\"status\":\"final\",\"payment_status\":\"paid\",\"final_total\":3.81}}',	'2022-11-05 07:01:07',	'2022-11-05 07:01:07'),
(325,	'default',	'login',	1,	'App\\User',	1,	1,	'App\\User',	'[]',	'2022-11-05 07:04:10',	'2022-11-05 07:04:10'),
(326,	'default',	'login',	1,	'App\\User',	1,	1,	'App\\User',	'[]',	'2022-11-06 01:14:45',	'2022-11-06 01:14:45'),
(327,	'default',	'added',	99,	'App\\Transaction',	1,	1,	'App\\User',	'{\"attributes\":{\"type\":\"sell\",\"status\":\"final\",\"payment_status\":\"paid\",\"final_total\":2.54}}',	'2022-11-06 01:15:13',	'2022-11-06 01:15:13'),
(328,	'default',	'login',	1,	'App\\User',	1,	1,	'App\\User',	'[]',	'2022-11-06 05:30:27',	'2022-11-06 05:30:27'),
(329,	'default',	'added',	100,	'App\\Transaction',	1,	1,	'App\\User',	'{\"attributes\":{\"type\":\"sell\",\"status\":\"final\",\"payment_status\":\"paid\",\"final_total\":6}}',	'2022-11-06 05:40:28',	'2022-11-06 05:40:28'),
(330,	'default',	'added',	101,	'App\\Transaction',	1,	1,	'App\\User',	'{\"attributes\":{\"type\":\"sell\",\"status\":\"final\",\"payment_status\":\"paid\",\"final_total\":9}}',	'2022-11-06 05:44:20',	'2022-11-06 05:44:20'),
(331,	'default',	'added',	102,	'App\\Transaction',	1,	1,	'App\\User',	'{\"attributes\":{\"type\":\"sell\",\"status\":\"final\",\"payment_status\":\"paid\",\"final_total\":7}}',	'2022-11-06 05:45:57',	'2022-11-06 05:45:57'),
(332,	'default',	'added',	103,	'App\\Transaction',	1,	1,	'App\\User',	'{\"attributes\":{\"type\":\"sell\",\"status\":\"final\",\"payment_status\":\"paid\",\"final_total\":6}}',	'2022-11-06 05:46:08',	'2022-11-06 05:46:08'),
(333,	'default',	'added',	104,	'App\\Transaction',	1,	1,	'App\\User',	'{\"attributes\":{\"type\":\"sell\",\"status\":\"final\",\"payment_status\":\"paid\",\"final_total\":9}}',	'2022-11-06 06:15:03',	'2022-11-06 06:15:03'),
(334,	'default',	'added',	105,	'App\\Transaction',	1,	1,	'App\\User',	'{\"attributes\":{\"type\":\"sell\",\"status\":\"final\",\"payment_status\":\"paid\",\"final_total\":11}}',	'2022-11-06 06:25:58',	'2022-11-06 06:25:58'),
(335,	'default',	'login',	1,	'App\\User',	1,	1,	'App\\User',	'[]',	'2022-11-06 12:21:16',	'2022-11-06 12:21:16'),
(336,	'default',	'login',	1,	'App\\User',	1,	1,	'App\\User',	'[]',	'2022-11-06 15:45:46',	'2022-11-06 15:45:46'),
(337,	'default',	'logout',	1,	'App\\User',	1,	1,	'App\\User',	'[]',	'2022-11-06 16:06:25',	'2022-11-06 16:06:25'),
(338,	'default',	'login',	1,	'App\\User',	1,	1,	'App\\User',	'[]',	'2022-11-06 16:06:45',	'2022-11-06 16:06:45'),
(339,	'default',	'added',	107,	'App\\Transaction',	1,	1,	'App\\User',	'{\"attributes\":{\"type\":\"sell\",\"status\":\"final\",\"payment_status\":\"paid\",\"final_total\":3.81}}',	'2022-11-06 16:07:21',	'2022-11-06 16:07:21'),
(340,	'default',	'login',	1,	'App\\User',	1,	1,	'App\\User',	'[]',	'2022-11-06 16:24:36',	'2022-11-06 16:24:36'),
(341,	'default',	'added',	110,	'App\\Transaction',	1,	1,	'App\\User',	'{\"attributes\":{\"type\":\"sell\",\"status\":\"final\",\"payment_status\":\"paid\",\"final_total\":25}}',	'2022-11-06 16:28:53',	'2022-11-06 16:28:53'),
(342,	'default',	'added',	111,	'App\\Transaction',	1,	1,	'App\\User',	'{\"attributes\":{\"type\":\"sell\",\"status\":\"final\",\"payment_status\":\"paid\",\"final_total\":2.54}}',	'2022-11-06 16:42:51',	'2022-11-06 16:42:51'),
(343,	'default',	'added',	123,	'App\\Transaction',	1,	1,	'App\\User',	'{\"attributes\":{\"type\":\"sell\",\"status\":\"final\",\"payment_status\":\"paid\",\"final_total\":9.45}}',	'2022-11-06 18:29:25',	'2022-11-06 18:29:25'),
(344,	'default',	'login',	1,	'App\\User',	1,	1,	'App\\User',	'[]',	'2022-11-07 01:06:20',	'2022-11-07 01:06:20'),
(345,	'default',	'added',	124,	'App\\Transaction',	1,	1,	'App\\User',	'{\"attributes\":{\"type\":\"sell\",\"status\":\"final\",\"payment_status\":\"paid\",\"final_total\":5.36}}',	'2022-11-07 01:07:15',	'2022-11-07 01:07:15'),
(346,	'default',	'login',	1,	'App\\User',	1,	1,	'App\\User',	'[]',	'2022-11-07 12:47:39',	'2022-11-07 12:47:39'),
(347,	'default',	'added',	125,	'App\\Transaction',	1,	1,	'App\\User',	'{\"attributes\":{\"type\":\"sell\",\"status\":\"final\",\"payment_status\":\"paid\",\"final_total\":2}}',	'2022-11-07 13:08:02',	'2022-11-07 13:08:02'),
(348,	'default',	'login',	1,	'App\\User',	1,	1,	'App\\User',	'[]',	'2022-11-08 01:58:47',	'2022-11-08 01:58:47'),
(349,	'default',	'added',	126,	'App\\Transaction',	1,	1,	'App\\User',	'{\"attributes\":{\"type\":\"sell\",\"status\":\"final\",\"payment_status\":\"paid\",\"final_total\":10.2}}',	'2022-11-08 01:59:29',	'2022-11-08 01:59:29'),
(350,	'default',	'login',	1,	'App\\User',	1,	1,	'App\\User',	'[]',	'2022-11-08 04:51:39',	'2022-11-08 04:51:39'),
(351,	'default',	'login',	1,	'App\\User',	1,	1,	'App\\User',	'[]',	'2022-11-08 11:38:17',	'2022-11-08 11:38:17'),
(352,	'default',	'added',	127,	'App\\Transaction',	1,	1,	'App\\User',	'{\"attributes\":{\"type\":\"sell\",\"status\":\"final\",\"payment_status\":\"paid\",\"final_total\":7.35}}',	'2022-11-08 11:38:53',	'2022-11-08 11:38:53'),
(353,	'default',	'login',	1,	'App\\User',	1,	1,	'App\\User',	'[]',	'2022-11-10 15:32:44',	'2022-11-10 15:32:44'),
(354,	'default',	'login',	1,	'App\\User',	1,	1,	'App\\User',	'[]',	'2022-11-10 15:41:11',	'2022-11-10 15:41:11'),
(355,	'default',	'login',	1,	'App\\User',	1,	1,	'App\\User',	'[]',	'2022-11-11 00:40:10',	'2022-11-11 00:40:10'),
(356,	'default',	'added',	128,	'App\\Transaction',	1,	1,	'App\\User',	'{\"attributes\":{\"type\":\"sell\",\"status\":\"final\",\"payment_status\":\"paid\",\"final_total\":9.45}}',	'2022-11-11 00:41:04',	'2022-11-11 00:41:04'),
(357,	'default',	'added',	129,	'App\\Transaction',	1,	1,	'App\\User',	'{\"attributes\":{\"type\":\"sell\",\"status\":\"final\",\"payment_status\":\"paid\",\"final_total\":11.33}}',	'2022-11-11 00:43:40',	'2022-11-11 00:43:40'),
(358,	'default',	'login',	1,	'App\\User',	1,	1,	'App\\User',	'[]',	'2022-11-11 10:58:27',	'2022-11-11 10:58:27'),
(359,	'default',	'login',	1,	'App\\User',	1,	1,	'App\\User',	'[]',	'2022-11-11 14:05:29',	'2022-11-11 14:05:29'),
(360,	'default',	'login',	1,	'App\\User',	1,	1,	'App\\User',	'[]',	'2022-11-12 07:15:51',	'2022-11-12 07:15:51'),
(361,	'default',	'login',	1,	'App\\User',	1,	1,	'App\\User',	'[]',	'2022-11-12 07:31:35',	'2022-11-12 07:31:35'),
(362,	'default',	'login',	1,	'App\\User',	1,	1,	'App\\User',	'[]',	'2022-11-21 15:43:22',	'2022-11-21 15:43:22'),
(363,	'default',	'added',	130,	'App\\Transaction',	1,	1,	'App\\User',	'{\"attributes\":{\"type\":\"sell\",\"status\":\"final\",\"payment_status\":\"paid\",\"final_total\":1}}',	'2022-11-21 15:43:51',	'2022-11-21 15:43:51'),
(364,	'default',	'login',	1,	'App\\User',	1,	1,	'App\\User',	'[]',	'2022-11-21 16:04:02',	'2022-11-21 16:04:02'),
(365,	'default',	'added',	131,	'App\\Transaction',	1,	1,	'App\\User',	'{\"attributes\":{\"type\":\"sell\",\"status\":\"final\",\"payment_status\":\"paid\",\"final_total\":10.29}}',	'2022-11-21 16:04:20',	'2022-11-21 16:04:20'),
(366,	'default',	'login',	1,	'App\\User',	1,	1,	'App\\User',	'[]',	'2022-11-21 16:07:53',	'2022-11-21 16:07:53'),
(367,	'default',	'added',	132,	'App\\Transaction',	1,	1,	'App\\User',	'{\"attributes\":{\"type\":\"sell\",\"status\":\"final\",\"payment_status\":\"paid\",\"final_total\":10.29}}',	'2022-11-21 16:08:14',	'2022-11-21 16:08:14'),
(368,	'default',	'added',	133,	'App\\Transaction',	1,	1,	'App\\User',	'{\"attributes\":{\"type\":\"sell\",\"status\":\"final\",\"payment_status\":\"paid\",\"final_total\":10.29}}',	'2022-11-21 16:08:51',	'2022-11-21 16:08:51'),
(369,	'default',	'added',	134,	'App\\Transaction',	1,	1,	'App\\User',	'{\"attributes\":{\"type\":\"sell\",\"status\":\"final\",\"payment_status\":\"paid\",\"final_total\":10.29}}',	'2022-11-21 16:13:12',	'2022-11-21 16:13:12'),
(370,	'default',	'login',	1,	'App\\User',	1,	1,	'App\\User',	'[]',	'2022-11-21 16:21:35',	'2022-11-21 16:21:35'),
(371,	'default',	'login',	1,	'App\\User',	1,	1,	'App\\User',	'[]',	'2022-11-21 16:22:02',	'2022-11-21 16:22:02'),
(372,	'default',	'added',	135,	'App\\Transaction',	1,	1,	'App\\User',	'{\"attributes\":{\"type\":\"sell\",\"status\":\"final\",\"payment_status\":\"paid\",\"final_total\":10.29}}',	'2022-11-21 16:22:21',	'2022-11-21 16:22:21'),
(373,	'default',	'added',	136,	'App\\Transaction',	1,	1,	'App\\User',	'{\"attributes\":{\"type\":\"sell\",\"status\":\"final\",\"payment_status\":\"paid\",\"final_total\":10.29}}',	'2022-11-21 16:23:47',	'2022-11-21 16:23:47'),
(374,	'default',	'added',	137,	'App\\Transaction',	1,	1,	'App\\User',	'{\"attributes\":{\"type\":\"sell\",\"status\":\"final\",\"payment_status\":\"paid\",\"final_total\":10.29}}',	'2022-11-21 16:25:54',	'2022-11-21 16:25:54'),
(375,	'default',	'login',	1,	'App\\User',	1,	1,	'App\\User',	'[]',	'2022-11-22 08:57:26',	'2022-11-22 08:57:26'),
(376,	'default',	'added',	138,	'App\\Transaction',	1,	1,	'App\\User',	'{\"attributes\":{\"type\":\"sell\",\"status\":\"final\",\"payment_status\":\"paid\",\"final_total\":4.21}}',	'2022-11-22 08:57:44',	'2022-11-22 08:57:44'),
(377,	'default',	'login',	1,	'App\\User',	1,	1,	'App\\User',	'[]',	'2022-11-26 18:10:34',	'2022-11-26 18:10:34'),
(378,	'default',	'logout',	1,	'App\\User',	1,	1,	'App\\User',	'[]',	'2022-11-26 18:10:49',	'2022-11-26 18:10:49'),
(379,	'default',	'login',	1,	'App\\User',	1,	1,	'App\\User',	'[]',	'2022-11-26 18:10:56',	'2022-11-26 18:10:56'),
(380,	'default',	'edited',	1,	'App\\User',	1,	1,	'App\\User',	'{\"name\":\" DIADEM \"}',	'2022-11-26 18:11:52',	'2022-11-26 18:11:52'),
(381,	'default',	'logout',	1,	'App\\User',	1,	1,	'App\\User',	'[]',	'2022-11-26 18:12:11',	'2022-11-26 18:12:11'),
(382,	'default',	'login',	1,	'App\\User',	1,	1,	'App\\User',	'[]',	'2022-11-26 18:12:29',	'2022-11-26 18:12:29'),
(383,	'default',	'login',	1,	'App\\User',	1,	1,	'App\\User',	'[]',	'2022-12-04 09:36:24',	'2022-12-04 09:36:24'),
(384,	'default',	'login',	1,	'App\\User',	1,	1,	'App\\User',	'[]',	'2022-12-09 10:55:39',	'2022-12-09 10:55:39'),
(385,	'default',	'login',	1,	'App\\User',	1,	1,	'App\\User',	'[]',	'2023-01-14 18:42:22',	'2023-01-14 18:42:22'),
(386,	'default',	'added',	139,	'App\\Transaction',	1,	1,	'App\\User',	'{\"attributes\":{\"type\":\"sell\",\"status\":\"final\",\"payment_status\":\"paid\",\"final_total\":7.73}}',	'2023-01-14 18:42:53',	'2023-01-14 18:42:53'),
(387,	'default',	'login',	1,	'App\\User',	1,	1,	'App\\User',	'[]',	'2023-01-18 11:22:24',	'2023-01-18 11:22:24'),
(388,	'default',	'login',	1,	'App\\User',	1,	1,	'App\\User',	'[]',	'2023-01-19 09:21:58',	'2023-01-19 09:21:58'),
(389,	'default',	'login',	1,	'App\\User',	1,	1,	'App\\User',	'[]',	'2023-01-30 19:19:48',	'2023-01-30 19:19:48'),
(390,	'default',	'added',	140,	'App\\Transaction',	1,	1,	'App\\User',	'{\"attributes\":{\"type\":\"sell\",\"status\":\"final\",\"payment_status\":\"paid\",\"final_total\":7.35}}',	'2023-01-30 19:20:53',	'2023-01-30 19:20:53'),
(391,	'default',	'login',	1,	'App\\User',	1,	1,	'App\\User',	'[]',	'2023-02-02 13:18:43',	'2023-02-02 13:18:43'),
(392,	'default',	'login',	1,	'App\\User',	1,	1,	'App\\User',	'[]',	'2023-02-28 12:37:11',	'2023-02-28 12:37:11'),
(393,	'default',	'login',	1,	'App\\User',	1,	1,	'App\\User',	'[]',	'2023-04-27 23:14:10',	'2023-04-27 23:14:10'),
(394,	'default',	'login',	1,	'App\\User',	1,	1,	'App\\User',	'[]',	'2023-05-03 21:59:38',	'2023-05-03 21:59:38'),
(395,	'default',	'logout',	1,	'App\\User',	1,	1,	'App\\User',	'[]',	'2023-05-03 22:05:19',	'2023-05-03 22:05:19'),
(396,	'default',	'login',	1,	'App\\User',	1,	1,	'App\\User',	'[]',	'2023-05-03 22:05:24',	'2023-05-03 22:05:24'),
(397,	'default',	'login',	1,	'App\\User',	1,	1,	'App\\User',	'[]',	'2023-05-16 17:01:39',	'2023-05-16 17:01:39'),
(398,	'default',	'login',	1,	'App\\User',	1,	1,	'App\\User',	'[]',	'2023-06-13 09:44:05',	'2023-06-13 09:44:05'),
(399,	'default',	'login',	9,	'App\\User',	8,	9,	'App\\User',	'[]',	'2023-06-23 13:37:15',	'2023-06-23 13:37:15'),
(400,	'default',	'login',	1,	'App\\User',	1,	1,	'App\\User',	'[]',	'2023-06-26 14:31:42',	'2023-06-26 14:31:42'),
(401,	'default',	'login',	1,	'App\\User',	1,	1,	'App\\User',	'[]',	'2023-07-10 13:27:30',	'2023-07-10 13:27:30'),
(402,	'default',	'logout',	1,	'App\\User',	1,	1,	'App\\User',	'[]',	'2023-07-10 13:32:13',	'2023-07-10 13:32:13'),
(403,	'default',	'login',	1,	'App\\User',	1,	1,	'App\\User',	'[]',	'2023-07-10 13:32:19',	'2023-07-10 13:32:19'),
(404,	'default',	'logout',	1,	'App\\User',	1,	1,	'App\\User',	'[]',	'2023-07-10 14:18:46',	'2023-07-10 14:18:46'),
(405,	'default',	'login',	1,	'App\\User',	1,	1,	'App\\User',	'[]',	'2023-07-10 14:18:51',	'2023-07-10 14:18:51'),
(406,	'default',	'login',	1,	'App\\User',	1,	1,	'App\\User',	'[]',	'2023-07-11 07:33:05',	'2023-07-11 07:33:05'),
(407,	'default',	'logout',	1,	'App\\User',	1,	1,	'App\\User',	'[]',	'2023-07-11 07:34:18',	'2023-07-11 07:34:18'),
(408,	'default',	'login',	1,	'App\\User',	1,	1,	'App\\User',	'[]',	'2023-07-11 07:34:24',	'2023-07-11 07:34:24'),
(409,	'default',	'login',	1,	'App\\User',	1,	1,	'App\\User',	'[]',	'2023-07-11 08:19:13',	'2023-07-11 08:19:13'),
(410,	'default',	'login',	1,	'App\\User',	1,	1,	'App\\User',	'[]',	'2023-07-11 09:56:36',	'2023-07-11 09:56:36'),
(411,	'default',	'added',	13,	'App\\Contact',	1,	1,	'App\\User',	'[]',	'2023-07-11 10:02:32',	'2023-07-11 10:02:32'),
(412,	'default',	'login',	1,	'App\\User',	1,	1,	'App\\User',	'[]',	'2023-07-12 00:15:46',	'2023-07-12 00:15:46'),
(413,	'default',	'login',	1,	'App\\User',	1,	1,	'App\\User',	'[]',	'2023-07-18 01:31:46',	'2023-07-18 01:31:46'),
(414,	'default',	'login',	1,	'App\\User',	1,	1,	'App\\User',	'[]',	'2023-07-18 03:18:21',	'2023-07-18 03:18:21'),
(415,	'default',	'login',	1,	'App\\User',	1,	1,	'App\\User',	'[]',	'2023-07-24 16:51:49',	'2023-07-24 16:51:49'),
(416,	'default',	'login',	1,	'App\\User',	1,	1,	'App\\User',	'[]',	'2023-11-30 23:14:38',	'2023-11-30 23:14:38'),
(417,	'default',	'login',	1,	'App\\User',	1,	1,	'App\\User',	'[]',	'2023-12-01 04:15:26',	'2023-12-01 04:15:26'),
(418,	'default',	'login',	1,	'App\\User',	1,	1,	'App\\User',	'[]',	'2023-12-09 13:31:45',	'2023-12-09 13:31:45'),
(419,	'default',	'login',	1,	'App\\User',	1,	1,	'App\\User',	'[]',	'2023-12-11 13:34:19',	'2023-12-11 13:34:19'),
(420,	'default',	'login',	1,	'App\\User',	1,	1,	'App\\User',	'[]',	'2023-12-14 02:32:17',	'2023-12-14 02:32:17'),
(421,	'default',	'login',	1,	'App\\User',	1,	1,	'App\\User',	'[]',	'2024-01-17 12:58:07',	'2024-01-17 12:58:07'),
(422,	'default',	'login',	1,	'App\\User',	1,	1,	'App\\User',	'[]',	'2024-01-17 14:22:59',	'2024-01-17 14:22:59'),
(423,	'default',	'login',	1,	'App\\User',	1,	1,	'App\\User',	'[]',	'2024-01-23 17:23:44',	'2024-01-23 17:23:44'),
(424,	'default',	'logout',	1,	'App\\User',	1,	1,	'App\\User',	'[]',	'2024-01-23 17:33:25',	'2024-01-23 17:33:25'),
(425,	'default',	'login',	1,	'App\\User',	1,	1,	'App\\User',	'[]',	'2024-01-23 17:33:28',	'2024-01-23 17:33:28'),
(426,	'default',	'login',	1,	'App\\User',	1,	1,	'App\\User',	'[]',	'2024-01-25 13:46:12',	'2024-01-25 13:46:12'),
(427,	'default',	'login',	1,	'App\\User',	1,	1,	'App\\User',	'[]',	'2024-02-20 20:17:30',	'2024-02-20 20:17:30'),
(428,	'default',	'login',	1,	'App\\User',	1,	1,	'App\\User',	'[]',	'2024-02-26 16:08:35',	'2024-02-26 16:08:35'),
(429,	'default',	'login',	1,	'App\\User',	1,	1,	'App\\User',	'[]',	'2024-03-01 23:29:34',	'2024-03-01 23:29:34'),
(430,	'default',	'logout',	1,	'App\\User',	1,	1,	'App\\User',	'[]',	'2024-03-02 00:01:07',	'2024-03-02 00:01:07'),
(431,	'default',	'login',	1,	'App\\User',	1,	1,	'App\\User',	'[]',	'2024-03-02 00:01:12',	'2024-03-02 00:01:12'),
(432,	'default',	'logout',	1,	'App\\User',	1,	1,	'App\\User',	'[]',	'2024-03-02 00:06:20',	'2024-03-02 00:06:20'),
(433,	'default',	'login',	1,	'App\\User',	1,	1,	'App\\User',	'[]',	'2024-03-02 00:06:24',	'2024-03-02 00:06:24'),
(434,	'default',	'logout',	1,	'App\\User',	1,	1,	'App\\User',	'[]',	'2024-03-02 00:10:55',	'2024-03-02 00:10:55'),
(435,	'default',	'login',	1,	'App\\User',	1,	1,	'App\\User',	'[]',	'2024-03-02 00:11:01',	'2024-03-02 00:11:01'),
(436,	'default',	'login',	1,	'App\\User',	1,	1,	'App\\User',	'[]',	'2024-08-13 01:57:31',	'2024-08-13 01:57:31'),
(437,	'default',	'logout',	1,	'App\\User',	1,	1,	'App\\User',	'[]',	'2024-08-13 03:00:52',	'2024-08-13 03:00:52'),
(438,	'default',	'login',	1,	'App\\User',	1,	1,	'App\\User',	'[]',	'2024-08-13 04:35:12',	'2024-08-13 04:35:12'),
(439,	'default',	'login',	1,	'App\\User',	1,	1,	'App\\User',	'[]',	'2024-08-13 04:38:34',	'2024-08-13 04:38:34'),
(440,	'default',	'login',	1,	'App\\User',	1,	1,	'App\\User',	'[]',	'2024-08-13 15:06:46',	'2024-08-13 15:06:46'),
(441,	'default',	'login',	1,	'App\\User',	1,	1,	'App\\User',	'[]',	'2024-08-13 15:35:27',	'2024-08-13 15:35:27'),
(442,	'default',	'added',	141,	'App\\Transaction',	1,	1,	'App\\User',	'{\"attributes\":{\"type\":\"sell\",\"status\":\"draft\",\"final_total\":14.34}}',	'2024-08-13 15:58:08',	'2024-08-13 15:58:08'),
(443,	'default',	'added',	142,	'App\\Transaction',	1,	1,	'App\\User',	'{\"attributes\":{\"type\":\"sell\",\"status\":\"final\",\"payment_status\":\"paid\",\"final_total\":14.34}}',	'2024-08-13 16:01:17',	'2024-08-13 16:01:17'),
(444,	'default',	'login',	1,	'App\\User',	1,	1,	'App\\User',	'[]',	'2024-08-13 18:38:24',	'2024-08-13 18:38:24'),
(445,	'default',	'login',	1,	'App\\User',	1,	1,	'App\\User',	'[]',	'2024-08-14 05:04:46',	'2024-08-14 05:04:46'),
(446,	'default',	'login',	1,	'App\\User',	1,	1,	'App\\User',	'[]',	'2024-08-16 11:49:47',	'2024-08-16 11:49:47'),
(447,	'default',	'logout',	1,	'App\\User',	1,	1,	'App\\User',	'[]',	'2024-08-16 11:57:53',	'2024-08-16 11:57:53'),
(448,	'default',	'login',	22,	'App\\User',	9,	22,	'App\\User',	'[]',	'2024-08-16 11:58:01',	'2024-08-16 11:58:01'),
(449,	'default',	'logout',	22,	'App\\User',	9,	22,	'App\\User',	'[]',	'2024-08-16 11:58:13',	'2024-08-16 11:58:13'),
(450,	'default',	'login',	1,	'App\\User',	1,	1,	'App\\User',	'[]',	'2024-08-16 11:58:21',	'2024-08-16 11:58:21'),
(451,	'default',	'added',	23,	'App\\User',	1,	1,	'App\\User',	'{\"name\":\" Asad Khan\"}',	'2024-08-16 12:05:44',	'2024-08-16 12:05:44'),
(452,	'default',	'login',	1,	'App\\User',	1,	1,	'App\\User',	'[]',	'2024-08-17 14:44:06',	'2024-08-17 14:44:06'),
(453,	'default',	'login',	1,	'App\\User',	1,	1,	'App\\User',	'[]',	'2024-08-17 20:03:10',	'2024-08-17 20:03:10'),
(454,	'default',	'login',	1,	'App\\User',	1,	1,	'App\\User',	'[]',	'2024-08-17 21:44:30',	'2024-08-17 21:44:30');

DROP TABLE IF EXISTS `barcodes`;
CREATE TABLE `barcodes` (
  `id` int(10) unsigned NOT NULL AUTO_INCREMENT,
  `name` varchar(191) NOT NULL,
  `description` text DEFAULT NULL,
  `width` double(22,4) DEFAULT NULL,
  `height` double(22,4) DEFAULT NULL,
  `paper_width` double(22,4) DEFAULT NULL,
  `paper_height` double(22,4) DEFAULT NULL,
  `top_margin` double(22,4) DEFAULT NULL,
  `left_margin` double(22,4) DEFAULT NULL,
  `row_distance` double(22,4) DEFAULT NULL,
  `col_distance` double(22,4) DEFAULT NULL,
  `stickers_in_one_row` int(11) DEFAULT NULL,
  `is_default` tinyint(1) NOT NULL DEFAULT 0,
  `is_continuous` tinyint(1) NOT NULL DEFAULT 0,
  `stickers_in_one_sheet` int(11) DEFAULT NULL,
  `business_id` int(10) unsigned DEFAULT NULL,
  `created_at` timestamp NULL DEFAULT NULL,
  `updated_at` timestamp NULL DEFAULT NULL,
  PRIMARY KEY (`id`),
  KEY `barcodes_business_id_foreign` (`business_id`),
  CONSTRAINT `barcodes_business_id_foreign` FOREIGN KEY (`business_id`) REFERENCES `business` (`id`) ON DELETE CASCADE
) ENGINE=InnoDB DEFAULT CHARSET=utf8mb4 COLLATE=utf8mb4_unicode_ci;

INSERT INTO `barcodes` (`id`, `name`, `description`, `width`, `height`, `paper_width`, `paper_height`, `top_margin`, `left_margin`, `row_distance`, `col_distance`, `stickers_in_one_row`, `is_default`, `is_continuous`, `stickers_in_one_sheet`, `business_id`, `created_at`, `updated_at`) VALUES
(1,	'20 Labels per Sheet',	'Sheet Size: 8.5\" x 11\", Label Size: 4\" x 1\", Labels per sheet: 20',	4.0000,	1.0000,	8.5000,	11.0000,	0.5000,	0.1250,	0.0000,	0.1875,	2,	0,	0,	20,	NULL,	'2017-12-18 11:13:44',	'2017-12-18 11:13:44'),
(2,	'30 Labels per sheet',	'Sheet Size: 8.5\" x 11\", Label Size: 2.625\" x 1\", Labels per sheet: 30',	2.6250,	1.0000,	8.5000,	11.0000,	0.5000,	0.1880,	0.0000,	0.1250,	3,	0,	0,	30,	NULL,	'2017-12-18 11:04:39',	'2017-12-18 11:10:40'),
(3,	'32 Labels per sheet',	'Sheet Size: 8.5\" x 11\", Label Size: 2\" x 1.25\", Labels per sheet: 32',	2.0000,	1.2500,	8.5000,	11.0000,	0.5000,	0.2500,	0.0000,	0.0000,	4,	0,	0,	32,	NULL,	'2017-12-18 10:55:40',	'2017-12-18 10:55:40'),
(4,	'40 Labels per sheet',	'Sheet Size: 8.5\" x 11\", Label Size: 2\" x 1\", Labels per sheet: 40',	2.0000,	1.0000,	8.5000,	11.0000,	0.5000,	0.2500,	0.0000,	0.0000,	4,	0,	0,	40,	NULL,	'2017-12-18 10:58:40',	'2017-12-18 10:58:40'),
(5,	'50 Labels per Sheet',	'Sheet Size: 8.5\" x 11\", Label Size: 1.5\" x 1\", Labels per sheet: 50',	1.5000,	1.0000,	8.5000,	11.0000,	0.5000,	0.5000,	0.0000,	0.0000,	5,	0,	0,	50,	NULL,	'2017-12-18 10:51:10',	'2017-12-18 10:51:10'),
(6,	'Continuous Rolls - 31.75mm x 25.4mm',	'Label Size: 31.75mm x 25.4mm, Gap: 3.18mm',	1.2500,	1.0000,	1.2500,	0.0000,	0.1250,	0.0000,	0.1250,	0.0000,	1,	0,	1,	NULL,	NULL,	'2017-12-18 10:51:10',	'2017-12-18 10:51:10');

DROP TABLE IF EXISTS `bookings`;
CREATE TABLE `bookings` (
  `id` int(10) unsigned NOT NULL AUTO_INCREMENT,
  `contact_id` int(10) unsigned NOT NULL,
  `waiter_id` int(10) unsigned DEFAULT NULL,
  `table_id` int(10) unsigned DEFAULT NULL,
  `correspondent_id` int(11) DEFAULT NULL,
  `business_id` int(10) unsigned NOT NULL,
  `location_id` int(10) unsigned NOT NULL,
  `booking_start` datetime NOT NULL,
  `booking_end` datetime NOT NULL,
  `created_by` int(10) unsigned NOT NULL,
  `booking_status` varchar(191) NOT NULL,
  `booking_note` text DEFAULT NULL,
  `created_at` timestamp NULL DEFAULT NULL,
  `updated_at` timestamp NULL DEFAULT NULL,
  PRIMARY KEY (`id`),
  KEY `bookings_contact_id_foreign` (`contact_id`),
  KEY `bookings_business_id_foreign` (`business_id`),
  KEY `bookings_created_by_foreign` (`created_by`),
  KEY `bookings_table_id_index` (`table_id`),
  KEY `bookings_waiter_id_index` (`waiter_id`),
  KEY `bookings_location_id_index` (`location_id`),
  KEY `bookings_booking_status_index` (`booking_status`),
  KEY `bookings_correspondent_id_index` (`correspondent_id`),
  CONSTRAINT `bookings_business_id_foreign` FOREIGN KEY (`business_id`) REFERENCES `business` (`id`) ON DELETE CASCADE,
  CONSTRAINT `bookings_contact_id_foreign` FOREIGN KEY (`contact_id`) REFERENCES `contacts` (`id`) ON DELETE CASCADE,
  CONSTRAINT `bookings_created_by_foreign` FOREIGN KEY (`created_by`) REFERENCES `users` (`id`) ON DELETE CASCADE
) ENGINE=InnoDB DEFAULT CHARSET=utf8mb4 COLLATE=utf8mb4_unicode_ci;


DROP TABLE IF EXISTS `brands`;
CREATE TABLE `brands` (
  `id` int(10) unsigned NOT NULL AUTO_INCREMENT,
  `business_id` int(10) unsigned NOT NULL,
  `name` varchar(191) NOT NULL,
  `description` text DEFAULT NULL,
  `created_by` int(10) unsigned NOT NULL,
  `deleted_at` timestamp NULL DEFAULT NULL,
  `created_at` timestamp NULL DEFAULT NULL,
  `updated_at` timestamp NULL DEFAULT NULL,
  PRIMARY KEY (`id`),
  KEY `brands_business_id_foreign` (`business_id`),
  KEY `brands_created_by_foreign` (`created_by`),
  CONSTRAINT `brands_business_id_foreign` FOREIGN KEY (`business_id`) REFERENCES `business` (`id`) ON DELETE CASCADE,
  CONSTRAINT `brands_created_by_foreign` FOREIGN KEY (`created_by`) REFERENCES `users` (`id`) ON DELETE CASCADE
) ENGINE=InnoDB DEFAULT CHARSET=utf8mb4 COLLATE=utf8mb4_unicode_ci;


DROP TABLE IF EXISTS `business`;
CREATE TABLE `business` (
  `id` int(10) unsigned NOT NULL AUTO_INCREMENT,
  `name` varchar(191) NOT NULL,
  `currency_id` int(10) unsigned NOT NULL,
  `start_date` date DEFAULT NULL,
  `tax_number_1` varchar(100) DEFAULT NULL,
  `tax_label_1` varchar(10) DEFAULT NULL,
  `tax_number_2` varchar(100) DEFAULT NULL,
  `tax_label_2` varchar(10) DEFAULT NULL,
  `code_label_1` varchar(191) DEFAULT NULL,
  `code_1` varchar(191) DEFAULT NULL,
  `code_label_2` varchar(191) DEFAULT NULL,
  `code_2` varchar(191) DEFAULT NULL,
  `default_sales_tax` int(10) unsigned DEFAULT NULL,
  `default_profit_percent` double(5,2) NOT NULL DEFAULT 0.00,
  `owner_id` int(10) unsigned NOT NULL,
  `time_zone` varchar(191) NOT NULL DEFAULT 'Asia/Kolkata',
  `fy_start_month` tinyint(4) NOT NULL DEFAULT 1,
  `accounting_method` enum('fifo','lifo','avco') NOT NULL DEFAULT 'fifo',
  `default_sales_discount` decimal(5,2) DEFAULT NULL,
  `sell_price_tax` enum('includes','excludes') NOT NULL DEFAULT 'includes',
  `logo` varchar(191) DEFAULT NULL,
  `sku_prefix` varchar(191) DEFAULT NULL,
  `enable_product_expiry` tinyint(1) NOT NULL DEFAULT 0,
  `expiry_type` enum('add_expiry','add_manufacturing') NOT NULL DEFAULT 'add_expiry',
  `on_product_expiry` enum('keep_selling','stop_selling','auto_delete') NOT NULL DEFAULT 'keep_selling',
  `stop_selling_before` int(11) NOT NULL COMMENT 'Stop selling expied item n days before expiry',
  `enable_tooltip` tinyint(1) NOT NULL DEFAULT 1,
  `purchase_in_diff_currency` tinyint(1) NOT NULL DEFAULT 0 COMMENT 'Allow purchase to be in different currency then the business currency',
  `purchase_currency_id` int(10) unsigned DEFAULT NULL,
  `p_exchange_rate` decimal(20,3) NOT NULL DEFAULT 1.000,
  `transaction_edit_days` int(10) unsigned NOT NULL DEFAULT 30,
  `stock_expiry_alert_days` int(10) unsigned NOT NULL DEFAULT 30,
  `keyboard_shortcuts` text DEFAULT NULL,
  `pos_settings` text DEFAULT NULL,
  `woocommerce_api_settings` text DEFAULT NULL,
  `woocommerce_wh_oc_secret` varchar(191) DEFAULT NULL,
  `woocommerce_wh_ou_secret` varchar(191) DEFAULT NULL,
  `woocommerce_wh_od_secret` varchar(191) DEFAULT NULL,
  `woocommerce_wh_or_secret` varchar(191) DEFAULT NULL,
  `manufacturing_settings` text DEFAULT NULL,
  `essentials_settings` longtext DEFAULT NULL,
  `weighing_scale_setting` text NOT NULL COMMENT 'used to store the configuration of weighing scale',
  `enable_brand` tinyint(1) NOT NULL DEFAULT 1,
  `enable_category` tinyint(1) NOT NULL DEFAULT 1,
  `enable_sub_category` tinyint(1) NOT NULL DEFAULT 1,
  `enable_price_tax` tinyint(1) NOT NULL DEFAULT 1,
  `enable_purchase_status` tinyint(1) DEFAULT 1,
  `enable_lot_number` tinyint(1) NOT NULL DEFAULT 0,
  `default_unit` int(11) DEFAULT NULL,
  `enable_sub_units` tinyint(1) NOT NULL DEFAULT 0,
  `enable_racks` tinyint(1) NOT NULL DEFAULT 0,
  `enable_row` tinyint(1) NOT NULL DEFAULT 0,
  `enable_position` tinyint(1) NOT NULL DEFAULT 0,
  `enable_editing_product_from_purchase` tinyint(1) NOT NULL DEFAULT 1,
  `sales_cmsn_agnt` enum('logged_in_user','user','cmsn_agnt') DEFAULT NULL,
  `item_addition_method` tinyint(1) NOT NULL DEFAULT 1,
  `enable_inline_tax` tinyint(1) NOT NULL DEFAULT 1,
  `currency_symbol_placement` enum('before','after') NOT NULL DEFAULT 'before',
  `enabled_modules` text DEFAULT NULL,
  `date_format` varchar(191) NOT NULL DEFAULT 'm/d/Y',
  `time_format` enum('12','24') NOT NULL DEFAULT '24',
  `ref_no_prefixes` text DEFAULT NULL,
  `theme_color` char(20) DEFAULT NULL,
  `created_by` int(11) DEFAULT NULL,
  `repair_settings` text DEFAULT NULL,
  `enable_rp` tinyint(1) NOT NULL DEFAULT 0 COMMENT 'rp is the short form of reward points',
  `rp_name` varchar(191) DEFAULT NULL COMMENT 'rp is the short form of reward points',
  `amount_for_unit_rp` decimal(22,4) NOT NULL DEFAULT 1.0000 COMMENT 'rp is the short form of reward points',
  `min_order_total_for_rp` decimal(22,4) NOT NULL DEFAULT 1.0000 COMMENT 'rp is the short form of reward points',
  `max_rp_per_order` int(11) DEFAULT NULL COMMENT 'rp is the short form of reward points',
  `redeem_amount_per_unit_rp` decimal(22,4) NOT NULL DEFAULT 1.0000 COMMENT 'rp is the short form of reward points',
  `min_order_total_for_redeem` decimal(22,4) NOT NULL DEFAULT 1.0000 COMMENT 'rp is the short form of reward points',
  `min_redeem_point` int(11) DEFAULT NULL COMMENT 'rp is the short form of reward points',
  `max_redeem_point` int(11) DEFAULT NULL COMMENT 'rp is the short form of reward points',
  `rp_expiry_period` int(11) DEFAULT NULL COMMENT 'rp is the short form of reward points',
  `rp_expiry_type` enum('month','year') NOT NULL DEFAULT 'year' COMMENT 'rp is the short form of reward points',
  `email_settings` text DEFAULT NULL,
  `sms_settings` text DEFAULT NULL,
  `custom_labels` text DEFAULT NULL,
  `common_settings` text DEFAULT NULL,
  `is_active` tinyint(1) NOT NULL DEFAULT 1,
  `created_at` timestamp NULL DEFAULT NULL,
  `updated_at` timestamp NULL DEFAULT NULL,
  PRIMARY KEY (`id`),
  KEY `business_owner_id_foreign` (`owner_id`),
  KEY `business_currency_id_foreign` (`currency_id`),
  KEY `business_default_sales_tax_foreign` (`default_sales_tax`),
  CONSTRAINT `business_currency_id_foreign` FOREIGN KEY (`currency_id`) REFERENCES `currencies` (`id`),
  CONSTRAINT `business_default_sales_tax_foreign` FOREIGN KEY (`default_sales_tax`) REFERENCES `tax_rates` (`id`),
  CONSTRAINT `business_owner_id_foreign` FOREIGN KEY (`owner_id`) REFERENCES `users` (`id`) ON DELETE CASCADE
) ENGINE=InnoDB DEFAULT CHARSET=utf8mb4 COLLATE=utf8mb4_unicode_ci;

INSERT INTO `business` (`id`, `name`, `currency_id`, `start_date`, `tax_number_1`, `tax_label_1`, `tax_number_2`, `tax_label_2`, `code_label_1`, `code_1`, `code_label_2`, `code_2`, `default_sales_tax`, `default_profit_percent`, `owner_id`, `time_zone`, `fy_start_month`, `accounting_method`, `default_sales_discount`, `sell_price_tax`, `logo`, `sku_prefix`, `enable_product_expiry`, `expiry_type`, `on_product_expiry`, `stop_selling_before`, `enable_tooltip`, `purchase_in_diff_currency`, `purchase_currency_id`, `p_exchange_rate`, `transaction_edit_days`, `stock_expiry_alert_days`, `keyboard_shortcuts`, `pos_settings`, `woocommerce_api_settings`, `woocommerce_wh_oc_secret`, `woocommerce_wh_ou_secret`, `woocommerce_wh_od_secret`, `woocommerce_wh_or_secret`, `manufacturing_settings`, `essentials_settings`, `weighing_scale_setting`, `enable_brand`, `enable_category`, `enable_sub_category`, `enable_price_tax`, `enable_purchase_status`, `enable_lot_number`, `default_unit`, `enable_sub_units`, `enable_racks`, `enable_row`, `enable_position`, `enable_editing_product_from_purchase`, `sales_cmsn_agnt`, `item_addition_method`, `enable_inline_tax`, `currency_symbol_placement`, `enabled_modules`, `date_format`, `time_format`, `ref_no_prefixes`, `theme_color`, `created_by`, `repair_settings`, `enable_rp`, `rp_name`, `amount_for_unit_rp`, `min_order_total_for_rp`, `max_rp_per_order`, `redeem_amount_per_unit_rp`, `min_order_total_for_redeem`, `min_redeem_point`, `max_redeem_point`, `rp_expiry_period`, `rp_expiry_type`, `email_settings`, `sms_settings`, `custom_labels`, `common_settings`, `is_active`, `created_at`, `updated_at`) VALUES
(1,	'Reveal POS',	124,	'2021-12-21',	'6%',	'Gen Sales',	NULL,	NULL,	NULL,	NULL,	NULL,	NULL,	NULL,	25.00,	1,	'America/New_York',	1,	'fifo',	0.00,	'includes',	NULL,	NULL,	0,	'add_expiry',	'keep_selling',	0,	1,	0,	NULL,	1.000,	30,	30,	'{\"pos\":{\"express_checkout\":\"shift+e\",\"pay_n_ckeckout\":\"shift+p\",\"draft\":\"shift+d\",\"cancel\":\"shift+c\",\"recent_product_quantity\":\"f2\",\"weighing_scale\":null,\"edit_discount\":\"shift+i\",\"edit_order_tax\":\"shift+t\",\"add_payment_row\":\"shift+r\",\"finalize_payment\":\"shift+f\",\"add_new_product\":\"f4\"}}',	'{\"cmmsn_calculation_type\":\"payment_received\",\"amount_rounding_method\":null,\"enable_payment_link\":\"1\",\"nmi_security_key\":\"NBvScJTAa7AR6R4QZ56mQz37xA58Hsuj\",\"nmi_terminal_id\":\"624739b3-0de0-44c9-ac54-000000000000\",\"disable_credit_sale_button\":\"1\",\"cash_denominations\":null,\"disable_pay_checkout\":0,\"disable_draft\":0,\"disable_express_checkout\":0,\"hide_product_suggestion\":0,\"hide_recent_trans\":0,\"disable_discount\":0,\"disable_order_tax\":0,\"is_pos_subtotal_editable\":0}',	NULL,	NULL,	NULL,	NULL,	NULL,	NULL,	NULL,	'{\"label_prefix\":null,\"product_sku_length\":\"4\",\"qty_length\":\"3\",\"qty_length_decimal\":\"2\"}',	1,	1,	1,	1,	1,	0,	NULL,	0,	0,	0,	0,	1,	NULL,	1,	0,	'before',	'[\"purchases\",\"add_sale\",\"pos_sale\",\"stock_transfers\",\"stock_adjustment\",\"expenses\",\"account\",\"tables\",\"modifiers\",\"service_staff\",\"booking\",\"kitchen\",\"types_of_service\"]',	'm/d/Y',	'12',	'{\"purchase\":\"PO\",\"purchase_return\":null,\"purchase_order\":null,\"stock_transfer\":\"ST\",\"stock_adjustment\":\"SA\",\"sell_return\":\"CN\",\"expense\":\"EP\",\"contacts\":\"CO\",\"purchase_payment\":\"PP\",\"sell_payment\":\"SP\",\"expense_payment\":null,\"business_location\":\"BL\",\"username\":null,\"subscription\":null,\"draft\":null,\"sales_order\":null}',	'green',	NULL,	NULL,	0,	NULL,	1.0000,	1.0000,	NULL,	1.0000,	1.0000,	NULL,	NULL,	NULL,	'year',	'{\"mail_driver\":\"smtp\",\"mail_host\":null,\"mail_port\":null,\"mail_username\":null,\"mail_password\":null,\"mail_encryption\":null,\"mail_from_address\":null,\"mail_from_name\":null}',	'{\"sms_service\":\"other\",\"nexmo_key\":null,\"nexmo_secret\":null,\"nexmo_from\":null,\"twilio_sid\":null,\"twilio_token\":null,\"twilio_from\":null,\"url\":null,\"send_to_param_name\":\"to\",\"msg_param_name\":\"text\",\"request_method\":\"post\",\"header_1\":null,\"header_val_1\":null,\"header_2\":null,\"header_val_2\":null,\"header_3\":null,\"header_val_3\":null,\"param_1\":null,\"param_val_1\":null,\"param_2\":null,\"param_val_2\":null,\"param_3\":null,\"param_val_3\":null,\"param_4\":null,\"param_val_4\":null,\"param_5\":null,\"param_val_5\":null,\"param_6\":null,\"param_val_6\":null,\"param_7\":null,\"param_val_7\":null,\"param_8\":null,\"param_val_8\":null,\"param_9\":null,\"param_val_9\":null,\"param_10\":null,\"param_val_10\":null}',	'{\"payments\":{\"custom_pay_1\":null,\"custom_pay_2\":null,\"custom_pay_3\":null,\"custom_pay_4\":null,\"custom_pay_5\":null,\"custom_pay_6\":null,\"custom_pay_7\":null},\"contact\":{\"custom_field_1\":null,\"custom_field_2\":null,\"custom_field_3\":null,\"custom_field_4\":null,\"custom_field_5\":null,\"custom_field_6\":null,\"custom_field_7\":null,\"custom_field_8\":null,\"custom_field_9\":null,\"custom_field_10\":null},\"product\":{\"custom_field_1\":null,\"custom_field_2\":null,\"custom_field_3\":null,\"custom_field_4\":null},\"location\":{\"custom_field_1\":null,\"custom_field_2\":null,\"custom_field_3\":null,\"custom_field_4\":null},\"user\":{\"custom_field_1\":null,\"custom_field_2\":null,\"custom_field_3\":null,\"custom_field_4\":null},\"purchase\":{\"custom_field_1\":null,\"custom_field_2\":null,\"custom_field_3\":null,\"custom_field_4\":null},\"purchase_shipping\":{\"custom_field_1\":null,\"custom_field_2\":null,\"custom_field_3\":null,\"custom_field_4\":null,\"custom_field_5\":null},\"sell\":{\"custom_field_1\":null,\"custom_field_2\":null,\"custom_field_3\":null,\"custom_field_4\":null},\"shipping\":{\"custom_field_1\":null,\"custom_field_2\":null,\"custom_field_3\":null,\"custom_field_4\":null,\"custom_field_5\":null},\"types_of_service\":{\"custom_field_1\":null,\"custom_field_2\":null,\"custom_field_3\":null,\"custom_field_4\":null,\"custom_field_5\":null,\"custom_field_6\":null}}',	'{\"default_credit_limit\":null,\"default_datatable_page_entries\":\"25\"}',	1,	'2021-12-22 07:32:36',	'2022-11-06 16:00:49'),
(2,	'Diadem Technologies',	124,	NULL,	NULL,	NULL,	NULL,	NULL,	NULL,	NULL,	NULL,	NULL,	NULL,	25.00,	3,	'America/New_York',	1,	'fifo',	NULL,	'includes',	'1665599591_Diadem Technologies Log (Grey Circle).png',	NULL,	0,	'add_expiry',	'keep_selling',	0,	1,	0,	NULL,	1.000,	30,	30,	'{\"pos\":{\"express_checkout\":\"shift+e\",\"pay_n_ckeckout\":\"shift+p\",\"draft\":\"shift+d\",\"cancel\":\"shift+c\",\"edit_discount\":\"shift+i\",\"edit_order_tax\":\"shift+t\",\"add_payment_row\":\"shift+r\",\"finalize_payment\":\"shift+f\",\"recent_product_quantity\":\"f2\",\"add_new_product\":\"f4\"}}',	NULL,	NULL,	NULL,	NULL,	NULL,	NULL,	NULL,	NULL,	'',	1,	1,	1,	1,	1,	0,	NULL,	0,	0,	0,	0,	1,	NULL,	1,	0,	'before',	'[\"purchases\",\"add_sale\",\"pos_sale\",\"stock_transfers\",\"stock_adjustment\",\"expenses\"]',	'm/d/Y',	'24',	'{\"purchase\":\"PO\",\"stock_transfer\":\"ST\",\"stock_adjustment\":\"SA\",\"sell_return\":\"CN\",\"expense\":\"EP\",\"contacts\":\"CO\",\"purchase_payment\":\"PP\",\"sell_payment\":\"SP\",\"business_location\":\"BL\"}',	NULL,	NULL,	NULL,	0,	NULL,	1.0000,	1.0000,	NULL,	1.0000,	1.0000,	NULL,	NULL,	NULL,	'year',	NULL,	NULL,	NULL,	NULL,	1,	'2022-10-13 04:03:11',	'2022-10-13 04:03:11'),
(3,	'TestStore Mythod',	3,	'2022-10-14',	NULL,	NULL,	NULL,	NULL,	NULL,	NULL,	NULL,	NULL,	NULL,	25.00,	4,	'Asia/Kolkata',	1,	'fifo',	NULL,	'includes',	NULL,	NULL,	0,	'add_expiry',	'keep_selling',	0,	1,	0,	NULL,	1.000,	30,	30,	'{\"pos\":{\"express_checkout\":\"shift+e\",\"pay_n_ckeckout\":\"shift+p\",\"draft\":\"shift+d\",\"cancel\":\"shift+c\",\"edit_discount\":\"shift+i\",\"edit_order_tax\":\"shift+t\",\"add_payment_row\":\"shift+r\",\"finalize_payment\":\"shift+f\",\"recent_product_quantity\":\"f2\",\"add_new_product\":\"f4\"}}',	NULL,	NULL,	NULL,	NULL,	NULL,	NULL,	NULL,	NULL,	'',	1,	1,	1,	1,	1,	0,	NULL,	0,	0,	0,	0,	1,	NULL,	1,	0,	'before',	'[\"purchases\",\"add_sale\",\"pos_sale\",\"stock_transfers\",\"stock_adjustment\",\"expenses\"]',	'm/d/Y',	'24',	'{\"purchase\":\"PO\",\"stock_transfer\":\"ST\",\"stock_adjustment\":\"SA\",\"sell_return\":\"CN\",\"expense\":\"EP\",\"contacts\":\"CO\",\"purchase_payment\":\"PP\",\"sell_payment\":\"SP\",\"business_location\":\"BL\"}',	NULL,	NULL,	NULL,	0,	NULL,	1.0000,	1.0000,	NULL,	1.0000,	1.0000,	NULL,	NULL,	NULL,	'year',	NULL,	NULL,	NULL,	NULL,	1,	'2022-10-14 21:41:02',	'2022-10-14 21:41:02'),
(4,	'Diadem Business Technologies Africa',	142,	NULL,	NULL,	NULL,	NULL,	NULL,	NULL,	NULL,	NULL,	NULL,	NULL,	25.00,	5,	'Africa/Lusaka',	1,	'fifo',	NULL,	'includes',	'1666131982_Diadem Technologies Log (Grey Circle 2).png',	NULL,	0,	'add_expiry',	'keep_selling',	0,	1,	0,	NULL,	1.000,	30,	30,	'{\"pos\":{\"express_checkout\":\"shift+e\",\"pay_n_ckeckout\":\"shift+p\",\"draft\":\"shift+d\",\"cancel\":\"shift+c\",\"edit_discount\":\"shift+i\",\"edit_order_tax\":\"shift+t\",\"add_payment_row\":\"shift+r\",\"finalize_payment\":\"shift+f\",\"recent_product_quantity\":\"f2\",\"add_new_product\":\"f4\"}}',	NULL,	NULL,	NULL,	NULL,	NULL,	NULL,	NULL,	NULL,	'',	1,	1,	1,	1,	1,	0,	NULL,	0,	0,	0,	0,	1,	NULL,	1,	0,	'before',	'[\"purchases\",\"add_sale\",\"pos_sale\",\"stock_transfers\",\"stock_adjustment\",\"expenses\"]',	'm/d/Y',	'24',	'{\"purchase\":\"PO\",\"stock_transfer\":\"ST\",\"stock_adjustment\":\"SA\",\"sell_return\":\"CN\",\"expense\":\"EP\",\"contacts\":\"CO\",\"purchase_payment\":\"PP\",\"sell_payment\":\"SP\",\"business_location\":\"BL\"}',	NULL,	NULL,	NULL,	0,	NULL,	1.0000,	1.0000,	NULL,	1.0000,	1.0000,	NULL,	NULL,	NULL,	'year',	NULL,	NULL,	NULL,	NULL,	1,	'2022-10-19 07:56:23',	'2022-10-19 07:56:23'),
(5,	'POS Demo Client',	2,	'2022-10-01',	NULL,	NULL,	NULL,	NULL,	NULL,	NULL,	NULL,	NULL,	NULL,	25.00,	6,	'America/New_York',	1,	'fifo',	NULL,	'includes',	NULL,	NULL,	0,	'add_expiry',	'keep_selling',	0,	1,	0,	NULL,	1.000,	30,	30,	'{\"pos\":{\"express_checkout\":\"shift+e\",\"pay_n_ckeckout\":\"shift+p\",\"draft\":\"shift+d\",\"cancel\":\"shift+c\",\"edit_discount\":\"shift+i\",\"edit_order_tax\":\"shift+t\",\"add_payment_row\":\"shift+r\",\"finalize_payment\":\"shift+f\",\"recent_product_quantity\":\"f2\",\"add_new_product\":\"f4\"}}',	NULL,	NULL,	NULL,	NULL,	NULL,	NULL,	NULL,	NULL,	'',	1,	1,	1,	1,	1,	0,	NULL,	0,	0,	0,	0,	1,	NULL,	1,	0,	'before',	'[\"purchases\",\"add_sale\",\"pos_sale\",\"stock_transfers\",\"stock_adjustment\",\"expenses\"]',	'm/d/Y',	'24',	'{\"purchase\":\"PO\",\"stock_transfer\":\"ST\",\"stock_adjustment\":\"SA\",\"sell_return\":\"CN\",\"expense\":\"EP\",\"contacts\":\"CO\",\"purchase_payment\":\"PP\",\"sell_payment\":\"SP\",\"business_location\":\"BL\"}',	NULL,	NULL,	NULL,	0,	NULL,	1.0000,	1.0000,	NULL,	1.0000,	1.0000,	NULL,	NULL,	NULL,	'year',	NULL,	NULL,	NULL,	NULL,	1,	'2022-10-20 05:22:26',	'2022-10-20 05:22:26'),
(6,	'Sunday October Merchant',	142,	'2022-10-23',	NULL,	NULL,	NULL,	NULL,	NULL,	NULL,	NULL,	NULL,	NULL,	25.00,	7,	'Africa/Lusaka',	1,	'fifo',	NULL,	'includes',	NULL,	NULL,	0,	'add_expiry',	'keep_selling',	0,	1,	0,	NULL,	1.000,	30,	30,	'{\"pos\":{\"express_checkout\":\"shift+e\",\"pay_n_ckeckout\":\"shift+p\",\"draft\":\"shift+d\",\"cancel\":\"shift+c\",\"edit_discount\":\"shift+i\",\"edit_order_tax\":\"shift+t\",\"add_payment_row\":\"shift+r\",\"finalize_payment\":\"shift+f\",\"recent_product_quantity\":\"f2\",\"add_new_product\":\"f4\"}}',	NULL,	NULL,	NULL,	NULL,	NULL,	NULL,	NULL,	NULL,	'',	1,	1,	1,	1,	1,	0,	NULL,	0,	0,	0,	0,	1,	NULL,	1,	0,	'before',	'[\"purchases\",\"add_sale\",\"pos_sale\",\"stock_transfers\",\"stock_adjustment\",\"expenses\"]',	'm/d/Y',	'24',	'{\"purchase\":\"PO\",\"stock_transfer\":\"ST\",\"stock_adjustment\":\"SA\",\"sell_return\":\"CN\",\"expense\":\"EP\",\"contacts\":\"CO\",\"purchase_payment\":\"PP\",\"sell_payment\":\"SP\",\"business_location\":\"BL\"}',	NULL,	NULL,	NULL,	0,	NULL,	1.0000,	1.0000,	NULL,	1.0000,	1.0000,	NULL,	NULL,	NULL,	'year',	NULL,	NULL,	NULL,	NULL,	1,	'2022-10-24 04:07:34',	'2022-10-24 04:07:34'),
(7,	'dfafsfa',	124,	NULL,	NULL,	NULL,	NULL,	NULL,	NULL,	NULL,	NULL,	NULL,	NULL,	25.00,	8,	'Asia/Kolkata',	1,	'fifo',	NULL,	'includes',	NULL,	NULL,	0,	'add_expiry',	'keep_selling',	0,	1,	0,	NULL,	1.000,	30,	30,	'{\"pos\":{\"express_checkout\":\"shift+e\",\"pay_n_ckeckout\":\"shift+p\",\"draft\":\"shift+d\",\"cancel\":\"shift+c\",\"edit_discount\":\"shift+i\",\"edit_order_tax\":\"shift+t\",\"add_payment_row\":\"shift+r\",\"finalize_payment\":\"shift+f\",\"recent_product_quantity\":\"f2\",\"add_new_product\":\"f4\"}}',	NULL,	NULL,	NULL,	NULL,	NULL,	NULL,	NULL,	NULL,	'',	1,	1,	1,	1,	1,	0,	NULL,	0,	0,	0,	0,	1,	NULL,	1,	0,	'before',	'[\"purchases\",\"add_sale\",\"pos_sale\",\"stock_transfers\",\"stock_adjustment\",\"expenses\"]',	'm/d/Y',	'24',	'{\"purchase\":\"PO\",\"stock_transfer\":\"ST\",\"stock_adjustment\":\"SA\",\"sell_return\":\"CN\",\"expense\":\"EP\",\"contacts\":\"CO\",\"purchase_payment\":\"PP\",\"sell_payment\":\"SP\",\"business_location\":\"BL\"}',	NULL,	NULL,	NULL,	0,	NULL,	1.0000,	1.0000,	NULL,	1.0000,	1.0000,	NULL,	NULL,	NULL,	'year',	NULL,	NULL,	NULL,	NULL,	1,	'2022-10-25 05:46:02',	'2022-10-25 05:46:02'),
(8,	'fikron1995',	1,	NULL,	NULL,	NULL,	NULL,	NULL,	NULL,	NULL,	NULL,	NULL,	NULL,	25.00,	9,	'Asia/Kolkata',	1,	'fifo',	NULL,	'includes',	NULL,	NULL,	0,	'add_expiry',	'keep_selling',	0,	1,	0,	NULL,	1.000,	30,	30,	'{\"pos\":{\"express_checkout\":\"shift+e\",\"pay_n_ckeckout\":\"shift+p\",\"draft\":\"shift+d\",\"cancel\":\"shift+c\",\"edit_discount\":\"shift+i\",\"edit_order_tax\":\"shift+t\",\"add_payment_row\":\"shift+r\",\"finalize_payment\":\"shift+f\",\"recent_product_quantity\":\"f2\",\"add_new_product\":\"f4\"}}',	NULL,	NULL,	NULL,	NULL,	NULL,	NULL,	NULL,	NULL,	'',	1,	1,	1,	1,	1,	0,	NULL,	0,	0,	0,	0,	1,	NULL,	1,	0,	'before',	'[\"purchases\",\"add_sale\",\"pos_sale\",\"stock_transfers\",\"stock_adjustment\",\"expenses\"]',	'm/d/Y',	'24',	'{\"purchase\":\"PO\",\"stock_transfer\":\"ST\",\"stock_adjustment\":\"SA\",\"sell_return\":\"CN\",\"expense\":\"EP\",\"contacts\":\"CO\",\"purchase_payment\":\"PP\",\"sell_payment\":\"SP\",\"business_location\":\"BL\"}',	NULL,	NULL,	NULL,	0,	NULL,	1.0000,	1.0000,	NULL,	1.0000,	1.0000,	NULL,	NULL,	NULL,	'year',	NULL,	NULL,	NULL,	NULL,	1,	'2023-06-23 13:36:11',	'2023-06-23 13:36:11'),
(9,	'Diadem Developer',	124,	'2024-08-16',	NULL,	NULL,	NULL,	NULL,	NULL,	NULL,	NULL,	NULL,	NULL,	25.00,	22,	'America/New_York',	1,	'fifo',	NULL,	'includes',	NULL,	NULL,	0,	'add_expiry',	'keep_selling',	0,	1,	0,	NULL,	1.000,	30,	30,	'{\"pos\":{\"express_checkout\":\"shift+e\",\"pay_n_ckeckout\":\"shift+p\",\"draft\":\"shift+d\",\"cancel\":\"shift+c\",\"edit_discount\":\"shift+i\",\"edit_order_tax\":\"shift+t\",\"add_payment_row\":\"shift+r\",\"finalize_payment\":\"shift+f\",\"recent_product_quantity\":\"f2\",\"add_new_product\":\"f4\"}}',	NULL,	NULL,	NULL,	NULL,	NULL,	NULL,	NULL,	NULL,	'',	1,	1,	1,	1,	1,	0,	NULL,	0,	0,	0,	0,	1,	NULL,	1,	0,	'before',	'[\"purchases\",\"add_sale\",\"pos_sale\",\"stock_transfers\",\"stock_adjustment\",\"expenses\"]',	'm/d/Y',	'24',	'{\"purchase\":\"PO\",\"stock_transfer\":\"ST\",\"stock_adjustment\":\"SA\",\"sell_return\":\"CN\",\"expense\":\"EP\",\"contacts\":\"CO\",\"purchase_payment\":\"PP\",\"sell_payment\":\"SP\",\"business_location\":\"BL\"}',	NULL,	NULL,	NULL,	0,	NULL,	1.0000,	1.0000,	NULL,	1.0000,	1.0000,	NULL,	NULL,	NULL,	'year',	NULL,	NULL,	NULL,	NULL,	1,	'2024-08-16 21:27:41',	'2024-08-16 21:27:41');

DROP TABLE IF EXISTS `business_locations`;
CREATE TABLE `business_locations` (
  `id` int(10) unsigned NOT NULL AUTO_INCREMENT,
  `business_id` int(10) unsigned NOT NULL,
  `location_id` varchar(191) DEFAULT NULL,
  `name` varchar(256) NOT NULL,
  `landmark` text DEFAULT NULL,
  `country` varchar(100) NOT NULL,
  `state` varchar(100) NOT NULL,
  `city` varchar(100) NOT NULL,
  `zip_code` char(7) NOT NULL,
  `invoice_scheme_id` int(10) unsigned NOT NULL,
  `invoice_layout_id` int(10) unsigned NOT NULL,
  `sale_invoice_layout_id` int(11) DEFAULT NULL,
  `selling_price_group_id` int(11) DEFAULT NULL,
  `print_receipt_on_invoice` tinyint(1) DEFAULT 1,
  `receipt_printer_type` enum('browser','printer') NOT NULL DEFAULT 'browser',
  `printer_id` int(11) DEFAULT NULL,
  `mobile` varchar(191) DEFAULT NULL,
  `alternate_number` varchar(191) DEFAULT NULL,
  `email` varchar(191) DEFAULT NULL,
  `website` varchar(191) DEFAULT NULL,
  `featured_products` text DEFAULT NULL,
  `is_active` tinyint(1) NOT NULL DEFAULT 1,
  `default_payment_accounts` text DEFAULT NULL,
  `custom_field1` varchar(191) DEFAULT NULL,
  `custom_field2` varchar(191) DEFAULT NULL,
  `custom_field3` varchar(191) DEFAULT NULL,
  `custom_field4` varchar(191) DEFAULT NULL,
  `deleted_at` timestamp NULL DEFAULT NULL,
  `created_at` timestamp NULL DEFAULT NULL,
  `updated_at` timestamp NULL DEFAULT NULL,
  PRIMARY KEY (`id`),
  KEY `business_locations_business_id_index` (`business_id`),
  KEY `business_locations_invoice_scheme_id_foreign` (`invoice_scheme_id`),
  KEY `business_locations_invoice_layout_id_foreign` (`invoice_layout_id`),
  KEY `business_locations_sale_invoice_layout_id_index` (`sale_invoice_layout_id`),
  KEY `business_locations_selling_price_group_id_index` (`selling_price_group_id`),
  KEY `business_locations_receipt_printer_type_index` (`receipt_printer_type`),
  KEY `business_locations_printer_id_index` (`printer_id`),
  CONSTRAINT `business_locations_business_id_foreign` FOREIGN KEY (`business_id`) REFERENCES `business` (`id`) ON DELETE CASCADE,
  CONSTRAINT `business_locations_invoice_layout_id_foreign` FOREIGN KEY (`invoice_layout_id`) REFERENCES `invoice_layouts` (`id`) ON DELETE CASCADE,
  CONSTRAINT `business_locations_invoice_scheme_id_foreign` FOREIGN KEY (`invoice_scheme_id`) REFERENCES `invoice_schemes` (`id`) ON DELETE CASCADE
) ENGINE=InnoDB DEFAULT CHARSET=utf8mb4 COLLATE=utf8mb4_unicode_ci;

INSERT INTO `business_locations` (`id`, `business_id`, `location_id`, `name`, `landmark`, `country`, `state`, `city`, `zip_code`, `invoice_scheme_id`, `invoice_layout_id`, `sale_invoice_layout_id`, `selling_price_group_id`, `print_receipt_on_invoice`, `receipt_printer_type`, `printer_id`, `mobile`, `alternate_number`, `email`, `website`, `featured_products`, `is_active`, `default_payment_accounts`, `custom_field1`, `custom_field2`, `custom_field3`, `custom_field4`, `deleted_at`, `created_at`, `updated_at`) VALUES
(1,	1,	'BL0001',	'Reveal POS',	'Manchester',	'United Kingdom',	'Manchester',	'Manchester',	'385932',	1,	1,	1,	NULL,	1,	'browser',	NULL,	'7177448758',	'7177448758',	NULL,	NULL,	NULL,	1,	'{\"cash\":{\"is_enabled\":\"1\",\"account\":null},\"card\":{\"is_enabled\":\"1\",\"account\":null},\"cheque\":{\"is_enabled\":\"1\",\"account\":null},\"bank_transfer\":{\"is_enabled\":\"1\",\"account\":null},\"other\":{\"is_enabled\":\"1\",\"account\":null},\"custom_pay_1\":{\"is_enabled\":\"1\",\"account\":null},\"custom_pay_2\":{\"is_enabled\":\"1\",\"account\":null},\"custom_pay_3\":{\"is_enabled\":\"1\",\"account\":null},\"custom_pay_4\":{\"is_enabled\":\"1\",\"account\":null},\"custom_pay_5\":{\"is_enabled\":\"1\",\"account\":null},\"custom_pay_6\":{\"is_enabled\":\"1\",\"account\":null},\"custom_pay_7\":{\"is_enabled\":\"1\",\"account\":null}}',	NULL,	NULL,	NULL,	NULL,	NULL,	'2021-12-22 07:32:36',	'2022-11-12 07:40:42'),
(2,	2,	'BL0001',	'Diadem Technologies',	'BWI',	'United States',	'MD',	'Linthicum Heights',	'17401-3',	2,	2,	2,	NULL,	1,	'browser',	NULL,	'7177448758',	'',	'',	'',	NULL,	1,	'{\"cash\":{\"is_enabled\":1,\"account\":null},\"card\":{\"is_enabled\":1,\"account\":null},\"cheque\":{\"is_enabled\":1,\"account\":null},\"bank_transfer\":{\"is_enabled\":1,\"account\":null},\"other\":{\"is_enabled\":1,\"account\":null},\"custom_pay_1\":{\"is_enabled\":1,\"account\":null},\"custom_pay_2\":{\"is_enabled\":1,\"account\":null},\"custom_pay_3\":{\"is_enabled\":1,\"account\":null},\"custom_pay_4\":{\"is_enabled\":1,\"account\":null},\"custom_pay_5\":{\"is_enabled\":1,\"account\":null},\"custom_pay_6\":{\"is_enabled\":1,\"account\":null},\"custom_pay_7\":{\"is_enabled\":1,\"account\":null}}',	NULL,	NULL,	NULL,	NULL,	NULL,	'2022-10-13 04:03:11',	'2022-10-13 04:03:11'),
(3,	3,	'BL0001',	'TestStore Mythod',	'karachi',	'pakistan',	'sindh',	'karachi',	'75350',	3,	3,	3,	NULL,	1,	'browser',	NULL,	'+256 111 111 111 111',	'+256 111 111 111 111',	'',	'https://posdemo.revealpos.cloud/business/register?package=1',	NULL,	1,	'{\"cash\":{\"is_enabled\":1,\"account\":null},\"card\":{\"is_enabled\":1,\"account\":null},\"cheque\":{\"is_enabled\":1,\"account\":null},\"bank_transfer\":{\"is_enabled\":1,\"account\":null},\"other\":{\"is_enabled\":1,\"account\":null},\"custom_pay_1\":{\"is_enabled\":1,\"account\":null},\"custom_pay_2\":{\"is_enabled\":1,\"account\":null},\"custom_pay_3\":{\"is_enabled\":1,\"account\":null},\"custom_pay_4\":{\"is_enabled\":1,\"account\":null},\"custom_pay_5\":{\"is_enabled\":1,\"account\":null},\"custom_pay_6\":{\"is_enabled\":1,\"account\":null},\"custom_pay_7\":{\"is_enabled\":1,\"account\":null}}',	NULL,	NULL,	NULL,	NULL,	NULL,	'2022-10-14 21:41:02',	'2022-10-14 21:41:02'),
(4,	4,	'BL0001',	'Diadem Business Technologies Africa',	'Airport',	'Zambia',	'Zambia',	'Lukasa',	'00001',	4,	4,	4,	NULL,	1,	'browser',	NULL,	'',	'',	'',	'',	NULL,	1,	'{\"cash\":{\"is_enabled\":1,\"account\":null},\"card\":{\"is_enabled\":1,\"account\":null},\"cheque\":{\"is_enabled\":1,\"account\":null},\"bank_transfer\":{\"is_enabled\":1,\"account\":null},\"other\":{\"is_enabled\":1,\"account\":null},\"custom_pay_1\":{\"is_enabled\":1,\"account\":null},\"custom_pay_2\":{\"is_enabled\":1,\"account\":null},\"custom_pay_3\":{\"is_enabled\":1,\"account\":null},\"custom_pay_4\":{\"is_enabled\":1,\"account\":null},\"custom_pay_5\":{\"is_enabled\":1,\"account\":null},\"custom_pay_6\":{\"is_enabled\":1,\"account\":null},\"custom_pay_7\":{\"is_enabled\":1,\"account\":null}}',	NULL,	NULL,	NULL,	NULL,	NULL,	'2022-10-19 07:56:23',	'2022-10-19 07:56:23'),
(5,	5,	'BL0001',	'POS Demo Client',	'BWI',	'United States',	'PA',	'York',	'17401',	5,	5,	5,	NULL,	1,	'browser',	NULL,	'8772746652',	'',	'',	'',	NULL,	1,	'{\"cash\":{\"is_enabled\":1,\"account\":null},\"card\":{\"is_enabled\":1,\"account\":null},\"cheque\":{\"is_enabled\":1,\"account\":null},\"bank_transfer\":{\"is_enabled\":1,\"account\":null},\"other\":{\"is_enabled\":1,\"account\":null},\"custom_pay_1\":{\"is_enabled\":1,\"account\":null},\"custom_pay_2\":{\"is_enabled\":1,\"account\":null},\"custom_pay_3\":{\"is_enabled\":1,\"account\":null},\"custom_pay_4\":{\"is_enabled\":1,\"account\":null},\"custom_pay_5\":{\"is_enabled\":1,\"account\":null},\"custom_pay_6\":{\"is_enabled\":1,\"account\":null},\"custom_pay_7\":{\"is_enabled\":1,\"account\":null}}',	NULL,	NULL,	NULL,	NULL,	NULL,	'2022-10-20 05:22:26',	'2022-10-20 05:22:26'),
(6,	6,	'BL0001',	'Sunday October Merchant',	'DiademAfirca',	'Zambia',	'New York',	'NY',	'30982',	6,	6,	6,	NULL,	1,	'browser',	NULL,	'',	'',	'',	'',	NULL,	1,	'{\"cash\":{\"is_enabled\":1,\"account\":null},\"card\":{\"is_enabled\":1,\"account\":null},\"cheque\":{\"is_enabled\":1,\"account\":null},\"bank_transfer\":{\"is_enabled\":1,\"account\":null},\"other\":{\"is_enabled\":1,\"account\":null},\"custom_pay_1\":{\"is_enabled\":1,\"account\":null},\"custom_pay_2\":{\"is_enabled\":1,\"account\":null},\"custom_pay_3\":{\"is_enabled\":1,\"account\":null},\"custom_pay_4\":{\"is_enabled\":1,\"account\":null},\"custom_pay_5\":{\"is_enabled\":1,\"account\":null},\"custom_pay_6\":{\"is_enabled\":1,\"account\":null},\"custom_pay_7\":{\"is_enabled\":1,\"account\":null}}',	NULL,	NULL,	NULL,	NULL,	NULL,	'2022-10-24 04:07:34',	'2022-10-24 04:07:34'),
(7,	7,	'BL0001',	'dfafsfa',	'diadem',	'sfasfa',	'asfasf',	'fsafasa',	'24424',	7,	7,	7,	NULL,	1,	'browser',	NULL,	'',	'',	'',	'',	NULL,	1,	'{\"cash\":{\"is_enabled\":1,\"account\":null},\"card\":{\"is_enabled\":1,\"account\":null},\"cheque\":{\"is_enabled\":1,\"account\":null},\"bank_transfer\":{\"is_enabled\":1,\"account\":null},\"other\":{\"is_enabled\":1,\"account\":null},\"custom_pay_1\":{\"is_enabled\":1,\"account\":null},\"custom_pay_2\":{\"is_enabled\":1,\"account\":null},\"custom_pay_3\":{\"is_enabled\":1,\"account\":null},\"custom_pay_4\":{\"is_enabled\":1,\"account\":null},\"custom_pay_5\":{\"is_enabled\":1,\"account\":null},\"custom_pay_6\":{\"is_enabled\":1,\"account\":null},\"custom_pay_7\":{\"is_enabled\":1,\"account\":null}}',	NULL,	NULL,	NULL,	NULL,	NULL,	'2022-10-25 05:46:02',	'2022-10-25 05:46:02'),
(8,	8,	'BL0001',	'fikron1995',	'jdjd',	'Indonesia',	'fikron1995',	'fikron1995',	'858576',	8,	8,	8,	NULL,	1,	'browser',	NULL,	'',	'',	'',	'',	NULL,	1,	'{\"cash\":{\"is_enabled\":1,\"account\":null},\"card\":{\"is_enabled\":1,\"account\":null},\"cheque\":{\"is_enabled\":1,\"account\":null},\"bank_transfer\":{\"is_enabled\":1,\"account\":null},\"other\":{\"is_enabled\":1,\"account\":null},\"custom_pay_1\":{\"is_enabled\":1,\"account\":null},\"custom_pay_2\":{\"is_enabled\":1,\"account\":null},\"custom_pay_3\":{\"is_enabled\":1,\"account\":null},\"custom_pay_4\":{\"is_enabled\":1,\"account\":null},\"custom_pay_5\":{\"is_enabled\":1,\"account\":null},\"custom_pay_6\":{\"is_enabled\":1,\"account\":null},\"custom_pay_7\":{\"is_enabled\":1,\"account\":null}}',	NULL,	NULL,	NULL,	NULL,	NULL,	'2023-06-23 13:36:11',	'2023-06-23 13:36:11'),
(9,	9,	'BL0001',	'Diadem Developer',	'Broadway',	'United States',	'NY',	'New York',	'10006',	9,	9,	9,	NULL,	1,	'browser',	NULL,	'8772746652',	'',	'',	'',	NULL,	1,	'{\"cash\":{\"is_enabled\":1,\"account\":null},\"card\":{\"is_enabled\":1,\"account\":null},\"cheque\":{\"is_enabled\":1,\"account\":null},\"bank_transfer\":{\"is_enabled\":1,\"account\":null},\"other\":{\"is_enabled\":1,\"account\":null},\"custom_pay_1\":{\"is_enabled\":1,\"account\":null},\"custom_pay_2\":{\"is_enabled\":1,\"account\":null},\"custom_pay_3\":{\"is_enabled\":1,\"account\":null},\"custom_pay_4\":{\"is_enabled\":1,\"account\":null},\"custom_pay_5\":{\"is_enabled\":1,\"account\":null},\"custom_pay_6\":{\"is_enabled\":1,\"account\":null},\"custom_pay_7\":{\"is_enabled\":1,\"account\":null}}',	NULL,	NULL,	NULL,	NULL,	NULL,	'2024-08-16 21:27:41',	'2024-08-16 21:27:41');

DROP TABLE IF EXISTS `cash_registers`;
CREATE TABLE `cash_registers` (
  `id` int(10) unsigned NOT NULL AUTO_INCREMENT,
  `business_id` int(10) unsigned NOT NULL,
  `location_id` int(11) DEFAULT NULL,
  `user_id` int(10) unsigned DEFAULT NULL,
  `status` enum('close','open') NOT NULL DEFAULT 'open',
  `closed_at` datetime DEFAULT NULL,
  `closing_amount` decimal(22,4) NOT NULL DEFAULT 0.0000,
  `total_card_slips` int(11) NOT NULL DEFAULT 0,
  `total_cheques` int(11) NOT NULL DEFAULT 0,
  `denominations` text DEFAULT NULL,
  `closing_note` text DEFAULT NULL,
  `created_at` timestamp NULL DEFAULT NULL,
  `updated_at` timestamp NULL DEFAULT NULL,
  PRIMARY KEY (`id`),
  KEY `cash_registers_business_id_foreign` (`business_id`),
  KEY `cash_registers_user_id_foreign` (`user_id`),
  KEY `cash_registers_location_id_index` (`location_id`),
  CONSTRAINT `cash_registers_business_id_foreign` FOREIGN KEY (`business_id`) REFERENCES `business` (`id`) ON DELETE CASCADE,
  CONSTRAINT `cash_registers_user_id_foreign` FOREIGN KEY (`user_id`) REFERENCES `users` (`id`) ON DELETE CASCADE
) ENGINE=InnoDB DEFAULT CHARSET=utf8mb4 COLLATE=utf8mb4_unicode_ci;

INSERT INTO `cash_registers` (`id`, `business_id`, `location_id`, `user_id`, `status`, `closed_at`, `closing_amount`, `total_card_slips`, `total_cheques`, `denominations`, `closing_note`, `created_at`, `updated_at`) VALUES
(1,	1,	1,	1,	'open',	NULL,	0.0000,	0,	0,	NULL,	NULL,	'2021-12-22 07:42:00',	'2021-12-22 07:42:54'),
(2,	1,	1,	2,	'open',	NULL,	0.0000,	0,	0,	NULL,	NULL,	'2022-04-13 19:16:00',	'2022-04-13 19:16:55'),
(3,	5,	5,	6,	'open',	NULL,	0.0000,	0,	0,	NULL,	NULL,	'2022-10-23 17:20:00',	'2022-10-23 17:20:56'),
(4,	4,	4,	5,	'close',	'2022-10-25 19:28:40',	0.0000,	0,	0,	NULL,	NULL,	'2022-10-25 15:49:00',	'2022-10-25 23:28:40'),
(5,	4,	4,	5,	'open',	NULL,	0.0000,	0,	0,	NULL,	NULL,	'2022-10-25 23:29:00',	'2022-10-25 23:29:06');

DROP TABLE IF EXISTS `cash_register_transactions`;
CREATE TABLE `cash_register_transactions` (
  `id` int(10) unsigned NOT NULL AUTO_INCREMENT,
  `cash_register_id` int(10) unsigned NOT NULL,
  `amount` decimal(22,4) NOT NULL DEFAULT 0.0000,
  `pay_method` varchar(191) DEFAULT NULL,
  `type` enum('debit','credit') NOT NULL,
  `transaction_type` varchar(191) DEFAULT NULL,
  `transaction_id` int(11) DEFAULT NULL,
  `created_at` timestamp NULL DEFAULT NULL,
  `updated_at` timestamp NULL DEFAULT NULL,
  PRIMARY KEY (`id`),
  KEY `cash_register_transactions_cash_register_id_foreign` (`cash_register_id`),
  KEY `cash_register_transactions_transaction_id_index` (`transaction_id`),
  KEY `cash_register_transactions_type_index` (`type`),
  KEY `cash_register_transactions_transaction_type_index` (`transaction_type`),
  CONSTRAINT `cash_register_transactions_cash_register_id_foreign` FOREIGN KEY (`cash_register_id`) REFERENCES `cash_registers` (`id`) ON DELETE CASCADE
) ENGINE=InnoDB DEFAULT CHARSET=utf8mb4 COLLATE=utf8mb4_unicode_ci;

INSERT INTO `cash_register_transactions` (`id`, `cash_register_id`, `amount`, `pay_method`, `type`, `transaction_type`, `transaction_id`, `created_at`, `updated_at`) VALUES
(1,	1,	500000.0000,	'cash',	'credit',	'initial',	NULL,	'2021-12-22 07:42:54',	'2021-12-22 07:42:54'),
(2,	1,	1.0000,	'card',	'credit',	'sell',	1,	'2022-01-15 07:05:48',	'2022-01-15 07:05:48'),
(3,	1,	1.0000,	'cash',	'credit',	'sell',	2,	'2022-01-15 07:07:28',	'2022-01-15 07:07:28'),
(4,	1,	2.0000,	'cash',	'credit',	'sell',	3,	'2022-01-28 23:02:02',	'2022-01-28 23:02:02'),
(5,	2,	5000.0000,	'cash',	'credit',	'initial',	NULL,	'2022-04-13 19:16:55',	'2022-04-13 19:16:55'),
(8,	2,	10.0000,	'cash',	'credit',	'sell',	8,	'2022-04-13 19:24:11',	'2022-04-13 19:24:11'),
(9,	2,	505.0000,	'cash',	'credit',	'sell',	9,	'2022-04-13 19:39:48',	'2022-04-13 19:39:48'),
(10,	1,	30.0000,	'cash',	'credit',	'sell',	11,	'2022-04-18 20:45:07',	'2022-04-18 20:45:07'),
(11,	1,	31.0000,	'cash',	'credit',	'sell',	13,	'2022-09-04 03:20:05',	'2022-09-04 03:20:05'),
(12,	1,	1127.5000,	'cash',	'credit',	'sell',	14,	'2022-09-04 03:36:09',	'2022-09-04 03:36:09'),
(13,	1,	31.0000,	'cash',	'credit',	'sell',	15,	'2022-09-04 03:45:57',	'2022-09-04 03:45:57'),
(14,	1,	31.0000,	'cash',	'credit',	'sell',	16,	'2022-09-04 03:49:40',	'2022-09-04 03:49:40'),
(15,	1,	31.0000,	'cash',	'credit',	'sell',	17,	'2022-09-04 06:00:40',	'2022-09-04 06:00:40'),
(16,	1,	31.0000,	'cash',	'credit',	'sell',	18,	'2022-09-04 06:44:06',	'2022-09-04 06:44:06'),
(17,	1,	31.0000,	'cash',	'credit',	'sell',	19,	'2022-09-04 06:54:11',	'2022-09-04 06:54:11'),
(18,	1,	61.0000,	'cash',	'credit',	'sell',	20,	'2022-09-04 07:13:10',	'2022-09-04 07:13:10'),
(19,	1,	3.5400,	'cash',	'credit',	'sell',	22,	'2022-09-04 07:43:50',	'2022-09-04 07:43:50'),
(20,	1,	2.2700,	'cash',	'credit',	'sell',	23,	'2022-09-04 07:46:16',	'2022-09-04 07:46:16'),
(21,	1,	2.5400,	'card',	'credit',	'sell',	26,	'2022-10-19 08:16:26',	'2022-10-19 08:16:26'),
(22,	1,	1.2700,	'card',	'credit',	'sell',	27,	'2022-10-19 08:26:59',	'2022-10-19 08:26:59'),
(23,	1,	1.2700,	'card',	'credit',	'sell',	28,	'2022-10-19 08:33:58',	'2022-10-19 08:33:58'),
(24,	1,	1.2700,	'card',	'credit',	'sell',	29,	'2022-10-18 23:32:02',	'2022-10-18 23:32:02'),
(25,	1,	1.2700,	'card',	'credit',	'sell',	30,	'2022-10-19 03:38:41',	'2022-10-19 03:38:41'),
(26,	1,	1.2700,	'card',	'credit',	'sell',	31,	'2022-10-19 03:40:14',	'2022-10-19 03:40:14'),
(27,	1,	1.2700,	'card',	'credit',	'sell',	32,	'2022-10-19 03:49:23',	'2022-10-19 03:49:23'),
(28,	1,	1.2700,	'cash',	'credit',	'sell',	33,	'2022-10-20 14:10:40',	'2022-10-20 14:10:40'),
(29,	1,	1.2700,	'card',	'credit',	'sell',	34,	'2022-10-21 09:48:12',	'2022-10-21 09:48:12'),
(30,	1,	1.0000,	'card',	'credit',	'sell',	35,	'2022-10-23 22:28:44',	'2022-10-23 22:28:44'),
(31,	1,	2.0000,	'card',	'credit',	'sell',	36,	'2022-10-23 22:38:17',	'2022-10-23 22:38:17'),
(32,	1,	4.0000,	'card',	'credit',	'sell',	37,	'2022-10-23 22:40:14',	'2022-10-23 22:40:14'),
(33,	1,	5.0800,	'card',	'credit',	'sell',	38,	'2022-10-24 06:17:08',	'2022-10-24 06:17:08'),
(34,	5,	5000.0000,	'cash',	'credit',	'initial',	NULL,	'2022-10-25 23:29:06',	'2022-10-25 23:29:06'),
(35,	1,	1.0000,	'card',	'credit',	'sell',	39,	'2022-10-25 19:28:30',	'2022-10-25 19:28:30'),
(36,	1,	5.0000,	'card',	'credit',	'sell',	40,	'2022-10-25 19:30:45',	'2022-10-25 19:30:45'),
(37,	1,	7.6200,	'card',	'credit',	'sell',	41,	'2022-10-25 19:32:57',	'2022-10-25 19:32:57'),
(38,	1,	4.0000,	'card',	'credit',	'sell',	42,	'2022-10-25 20:52:22',	'2022-10-25 20:52:22'),
(39,	1,	5.0000,	'card',	'credit',	'sell',	43,	'2022-10-25 20:53:12',	'2022-10-25 20:53:12'),
(40,	1,	1.2700,	'card',	'credit',	'sell',	44,	'2022-10-25 21:00:39',	'2022-10-25 21:00:39'),
(41,	1,	10.0000,	'card',	'credit',	'sell',	45,	'2022-10-25 21:50:05',	'2022-10-25 21:50:05'),
(42,	1,	23.0000,	'card',	'credit',	'sell',	46,	'2022-10-25 21:50:18',	'2022-10-25 21:50:18'),
(43,	1,	30.0000,	'card',	'credit',	'sell',	47,	'2022-10-25 21:51:05',	'2022-10-25 21:51:05'),
(44,	1,	30.0000,	'card',	'credit',	'sell',	48,	'2022-10-25 21:51:11',	'2022-10-25 21:51:11'),
(45,	1,	2.2700,	'card',	'credit',	'sell',	49,	'2022-10-25 21:52:29',	'2022-10-25 21:52:29'),
(46,	1,	2.2700,	'card',	'credit',	'sell',	50,	'2022-10-25 22:02:01',	'2022-10-25 22:02:01'),
(47,	1,	2.2700,	'card',	'credit',	'sell',	51,	'2022-10-25 22:03:02',	'2022-10-25 22:03:02'),
(48,	1,	6.3500,	'card',	'credit',	'sell',	52,	'2022-10-25 22:03:26',	'2022-10-25 22:03:26'),
(49,	1,	7.0000,	'card',	'credit',	'sell',	53,	'2022-10-26 07:29:25',	'2022-10-26 07:29:25'),
(50,	1,	8.0000,	'card',	'credit',	'sell',	54,	'2022-10-28 05:29:33',	'2022-10-28 05:29:33'),
(51,	1,	2.5400,	'cash',	'credit',	'sell',	55,	'2022-11-01 13:00:44',	'2022-11-01 13:00:44'),
(52,	1,	2.5400,	'cash',	'credit',	'sell',	56,	'2022-11-01 13:00:50',	'2022-11-01 13:00:50'),
(53,	1,	2.5400,	'cash',	'credit',	'sell',	57,	'2022-11-01 13:00:56',	'2022-11-01 13:00:56'),
(54,	1,	1.2700,	'cash',	'credit',	'sell',	58,	'2022-11-01 16:04:31',	'2022-11-01 16:04:31'),
(55,	1,	12.7000,	'cash',	'credit',	'sell',	59,	'2022-11-01 16:37:16',	'2022-11-01 16:37:16'),
(56,	1,	24.5100,	'card',	'credit',	'sell',	60,	'2022-11-01 16:37:38',	'2022-11-01 16:37:38'),
(57,	1,	1.2700,	'cash',	'credit',	'sell',	61,	'2022-11-02 08:28:07',	'2022-11-02 08:28:07'),
(58,	1,	2.5400,	'cash',	'credit',	'sell',	62,	'2022-11-02 08:37:53',	'2022-11-02 08:37:53'),
(59,	1,	1.2700,	'cash',	'credit',	'sell',	63,	'2022-11-02 08:48:13',	'2022-11-02 08:48:13'),
(60,	1,	1.2700,	'cash',	'credit',	'sell',	64,	'2022-11-02 09:14:15',	'2022-11-02 09:14:15'),
(61,	1,	12.0000,	'cash',	'credit',	'sell',	65,	'2022-11-02 16:00:37',	'2022-11-02 16:00:37'),
(62,	1,	2.0000,	'cash',	'credit',	'sell',	66,	'2022-11-03 16:57:02',	'2022-11-03 16:57:02'),
(63,	1,	4.0000,	'cash',	'credit',	'sell',	67,	'2022-11-03 17:10:25',	'2022-11-03 17:10:25'),
(64,	1,	13.0000,	'cash',	'credit',	'sell',	70,	'2022-11-04 17:05:45',	'2022-11-04 17:05:45'),
(65,	1,	4.0000,	'cash',	'credit',	'sell',	71,	'2022-11-04 17:26:45',	'2022-11-04 17:26:45'),
(66,	1,	6.0000,	'cash',	'credit',	'sell',	72,	'2022-11-04 17:28:29',	'2022-11-04 17:28:29'),
(67,	1,	4.0000,	'cash',	'credit',	'sell',	73,	'2022-11-04 17:30:01',	'2022-11-04 17:30:01'),
(68,	1,	6.0000,	'cash',	'credit',	'sell',	74,	'2022-11-04 17:30:41',	'2022-11-04 17:30:41'),
(69,	1,	7.0000,	'cash',	'credit',	'sell',	75,	'2022-11-04 17:32:17',	'2022-11-04 17:32:17'),
(70,	1,	4.0000,	'cash',	'credit',	'sell',	76,	'2022-11-04 17:33:06',	'2022-11-04 17:33:06'),
(71,	1,	5.0000,	'cash',	'credit',	'sell',	77,	'2022-11-04 17:42:52',	'2022-11-04 17:42:52'),
(72,	1,	4.0000,	'cash',	'credit',	'sell',	78,	'2022-11-04 17:45:03',	'2022-11-04 17:45:03'),
(73,	1,	4.0000,	'cash',	'credit',	'sell',	79,	'2022-11-04 17:52:46',	'2022-11-04 17:52:46'),
(74,	1,	8.0000,	'cash',	'credit',	'sell',	80,	'2022-11-04 17:55:36',	'2022-11-04 17:55:36'),
(75,	1,	5.0000,	'cash',	'credit',	'sell',	81,	'2022-11-04 17:56:20',	'2022-11-04 17:56:20'),
(76,	1,	6.0000,	'cash',	'credit',	'sell',	82,	'2022-11-04 17:57:46',	'2022-11-04 17:57:46'),
(77,	1,	5.0000,	'cash',	'credit',	'sell',	83,	'2022-11-04 18:00:53',	'2022-11-04 18:00:53'),
(78,	1,	12.0000,	'cash',	'credit',	'sell',	84,	'2022-11-04 18:04:38',	'2022-11-04 18:04:38'),
(79,	1,	12.0000,	'cash',	'credit',	'sell',	85,	'2022-11-04 18:06:03',	'2022-11-04 18:06:03'),
(80,	1,	7.0000,	'cash',	'credit',	'sell',	86,	'2022-11-04 18:06:23',	'2022-11-04 18:06:23'),
(81,	1,	5.0000,	'cash',	'credit',	'sell',	87,	'2022-11-04 18:11:19',	'2022-11-04 18:11:19'),
(82,	1,	8.0000,	'cash',	'credit',	'sell',	88,	'2022-11-04 18:12:15',	'2022-11-04 18:12:15'),
(83,	1,	5.0000,	'cash',	'credit',	'sell',	89,	'2022-11-04 18:13:59',	'2022-11-04 18:13:59'),
(84,	1,	8.0000,	'cash',	'credit',	'sell',	90,	'2022-11-04 18:15:20',	'2022-11-04 18:15:20'),
(85,	1,	4.0000,	'cash',	'credit',	'sell',	91,	'2022-11-04 18:23:11',	'2022-11-04 18:23:11'),
(86,	1,	6.0000,	'cash',	'credit',	'sell',	92,	'2022-11-04 18:25:39',	'2022-11-04 18:25:39'),
(87,	1,	12.0000,	'cash',	'credit',	'sell',	93,	'2022-11-04 18:31:58',	'2022-11-04 18:31:58'),
(88,	1,	10.0000,	'cash',	'credit',	'sell',	94,	'2022-11-04 18:36:57',	'2022-11-04 18:36:57'),
(89,	1,	3.0000,	'cash',	'credit',	'sell',	95,	'2022-11-04 18:42:01',	'2022-11-04 18:42:01'),
(90,	1,	4.0000,	'cash',	'credit',	'sell',	96,	'2022-11-04 18:44:10',	'2022-11-04 18:44:10'),
(91,	1,	5.0800,	'cash',	'credit',	'sell',	97,	'2022-11-05 02:25:34',	'2022-11-05 02:25:34'),
(92,	1,	3.8100,	'cash',	'credit',	'sell',	98,	'2022-11-05 07:01:07',	'2022-11-05 07:01:07'),
(93,	1,	2.5400,	'cash',	'credit',	'sell',	99,	'2022-11-06 01:15:13',	'2022-11-06 01:15:13'),
(94,	1,	6.0000,	'cash',	'credit',	'sell',	100,	'2022-11-06 05:40:28',	'2022-11-06 05:40:28'),
(95,	1,	9.0000,	'cash',	'credit',	'sell',	101,	'2022-11-06 05:44:20',	'2022-11-06 05:44:20'),
(96,	1,	7.0000,	'cash',	'credit',	'sell',	102,	'2022-11-06 05:45:57',	'2022-11-06 05:45:57'),
(97,	1,	6.0000,	'cash',	'credit',	'sell',	103,	'2022-11-06 05:46:08',	'2022-11-06 05:46:08'),
(98,	1,	9.0000,	'cash',	'credit',	'sell',	104,	'2022-11-06 06:15:03',	'2022-11-06 06:15:03'),
(99,	1,	11.0000,	'cash',	'credit',	'sell',	105,	'2022-11-06 06:25:58',	'2022-11-06 06:25:58'),
(100,	1,	3.8100,	'cash',	'credit',	'sell',	107,	'2022-11-06 16:07:21',	'2022-11-06 16:07:21'),
(101,	1,	25.0000,	'cash',	'credit',	'sell',	110,	'2022-11-06 16:28:53',	'2022-11-06 16:28:53'),
(102,	1,	2.5400,	'cash',	'credit',	'sell',	111,	'2022-11-06 16:42:51',	'2022-11-06 16:42:51'),
(103,	1,	9.4500,	'cash',	'credit',	'sell',	123,	'2022-11-06 18:29:25',	'2022-11-06 18:29:25'),
(104,	1,	5.3600,	'cash',	'credit',	'sell',	124,	'2022-11-07 01:07:15',	'2022-11-07 01:07:15'),
(105,	1,	2.0000,	'cash',	'credit',	'sell',	125,	'2022-11-07 13:08:02',	'2022-11-07 13:08:02'),
(106,	1,	10.2000,	'cash',	'credit',	'sell',	126,	'2022-11-08 01:59:29',	'2022-11-08 01:59:29'),
(107,	1,	7.3500,	'cash',	'credit',	'sell',	127,	'2022-11-08 11:38:53',	'2022-11-08 11:38:53'),
(108,	1,	9.4500,	'cash',	'credit',	'sell',	128,	'2022-11-11 00:41:04',	'2022-11-11 00:41:04'),
(109,	1,	11.3300,	'cash',	'credit',	'sell',	129,	'2022-11-11 00:43:40',	'2022-11-11 00:43:40'),
(110,	1,	1.0000,	'cash',	'credit',	'sell',	130,	'2022-11-21 15:43:51',	'2022-11-21 15:43:51'),
(111,	1,	10.2900,	'cash',	'credit',	'sell',	131,	'2022-11-21 16:04:20',	'2022-11-21 16:04:20'),
(112,	1,	10.2900,	'cash',	'credit',	'sell',	132,	'2022-11-21 16:08:14',	'2022-11-21 16:08:14'),
(113,	1,	10.2900,	'cash',	'credit',	'sell',	133,	'2022-11-21 16:08:51',	'2022-11-21 16:08:51'),
(114,	1,	10.2900,	'cash',	'credit',	'sell',	134,	'2022-11-21 16:13:12',	'2022-11-21 16:13:12'),
(115,	1,	10.2900,	'cash',	'credit',	'sell',	135,	'2022-11-21 16:22:21',	'2022-11-21 16:22:21'),
(116,	1,	10.2900,	'cash',	'credit',	'sell',	136,	'2022-11-21 16:23:47',	'2022-11-21 16:23:47'),
(117,	1,	10.2900,	'cash',	'credit',	'sell',	137,	'2022-11-21 16:25:54',	'2022-11-21 16:25:54'),
(118,	1,	4.2100,	'cash',	'credit',	'sell',	138,	'2022-11-22 08:57:44',	'2022-11-22 08:57:44'),
(119,	1,	7.7300,	'cash',	'credit',	'sell',	139,	'2023-01-14 18:42:53',	'2023-01-14 18:42:53'),
(120,	1,	7.3500,	'cash',	'credit',	'sell',	140,	'2023-01-30 19:20:53',	'2023-01-30 19:20:53'),
(121,	1,	14.3400,	'cash',	'credit',	'sell',	142,	'2024-08-13 16:01:17',	'2024-08-13 16:01:17');

DROP TABLE IF EXISTS `categories`;
CREATE TABLE `categories` (
  `id` int(10) unsigned NOT NULL AUTO_INCREMENT,
  `name` varchar(191) NOT NULL,
  `business_id` int(10) unsigned NOT NULL,
  `short_code` varchar(191) DEFAULT NULL,
  `parent_id` int(11) NOT NULL,
  `created_by` int(10) unsigned NOT NULL,
  `woocommerce_cat_id` int(11) DEFAULT NULL,
  `category_type` varchar(191) DEFAULT NULL,
  `description` text DEFAULT NULL,
  `slug` varchar(191) DEFAULT NULL,
  `deleted_at` timestamp NULL DEFAULT NULL,
  `created_at` timestamp NULL DEFAULT NULL,
  `updated_at` timestamp NULL DEFAULT NULL,
  PRIMARY KEY (`id`),
  KEY `categories_business_id_foreign` (`business_id`),
  KEY `categories_created_by_foreign` (`created_by`),
  KEY `categories_parent_id_index` (`parent_id`),
  CONSTRAINT `categories_business_id_foreign` FOREIGN KEY (`business_id`) REFERENCES `business` (`id`) ON DELETE CASCADE,
  CONSTRAINT `categories_created_by_foreign` FOREIGN KEY (`created_by`) REFERENCES `users` (`id`) ON DELETE CASCADE
) ENGINE=InnoDB DEFAULT CHARSET=utf8mb4 COLLATE=utf8mb4_unicode_ci;

INSERT INTO `categories` (`id`, `name`, `business_id`, `short_code`, `parent_id`, `created_by`, `woocommerce_cat_id`, `category_type`, `description`, `slug`, `deleted_at`, `created_at`, `updated_at`) VALUES
(1,	'Testing Category',	1,	'12',	0,	1,	NULL,	'product',	NULL,	NULL,	NULL,	'2022-04-12 17:23:00',	'2022-04-12 17:23:00');

DROP TABLE IF EXISTS `categorizables`;
CREATE TABLE `categorizables` (
  `category_id` int(11) NOT NULL,
  `categorizable_type` varchar(191) NOT NULL,
  `categorizable_id` bigint(20) unsigned NOT NULL,
  KEY `categorizables_categorizable_type_categorizable_id_index` (`categorizable_type`,`categorizable_id`)
) ENGINE=InnoDB DEFAULT CHARSET=utf8mb4 COLLATE=utf8mb4_unicode_ci;


DROP TABLE IF EXISTS `contacts`;
CREATE TABLE `contacts` (
  `id` int(10) unsigned NOT NULL AUTO_INCREMENT,
  `business_id` int(10) unsigned NOT NULL,
  `type` varchar(191) NOT NULL,
  `supplier_business_name` varchar(191) DEFAULT NULL,
  `name` varchar(191) DEFAULT NULL,
  `prefix` varchar(191) DEFAULT NULL,
  `first_name` varchar(191) DEFAULT NULL,
  `middle_name` varchar(191) DEFAULT NULL,
  `last_name` varchar(191) DEFAULT NULL,
  `email` varchar(191) DEFAULT NULL,
  `contact_id` varchar(191) DEFAULT NULL,
  `contact_status` varchar(191) NOT NULL DEFAULT 'active',
  `tax_number` varchar(191) DEFAULT NULL,
  `city` varchar(191) DEFAULT NULL,
  `state` varchar(191) DEFAULT NULL,
  `country` varchar(191) DEFAULT NULL,
  `address_line_1` text DEFAULT NULL,
  `address_line_2` text DEFAULT NULL,
  `zip_code` varchar(191) DEFAULT NULL,
  `dob` date DEFAULT NULL,
  `mobile` varchar(191) NOT NULL,
  `landline` varchar(191) DEFAULT NULL,
  `alternate_number` varchar(191) DEFAULT NULL,
  `pay_term_number` int(11) DEFAULT NULL,
  `pay_term_type` enum('days','months') DEFAULT NULL,
  `credit_limit` decimal(22,4) DEFAULT NULL,
  `created_by` int(10) unsigned NOT NULL,
  `balance` decimal(22,4) NOT NULL DEFAULT 0.0000,
  `total_rp` int(11) NOT NULL DEFAULT 0 COMMENT 'rp is the short form of reward points',
  `total_rp_used` int(11) NOT NULL DEFAULT 0 COMMENT 'rp is the short form of reward points',
  `total_rp_expired` int(11) NOT NULL DEFAULT 0 COMMENT 'rp is the short form of reward points',
  `is_default` tinyint(1) NOT NULL DEFAULT 0,
  `shipping_address` text DEFAULT NULL,
  `shipping_custom_field_details` longtext DEFAULT NULL,
  `is_export` tinyint(1) NOT NULL DEFAULT 0,
  `export_custom_field_1` varchar(191) DEFAULT NULL,
  `export_custom_field_2` varchar(191) DEFAULT NULL,
  `export_custom_field_3` varchar(191) DEFAULT NULL,
  `export_custom_field_4` varchar(191) DEFAULT NULL,
  `export_custom_field_5` varchar(191) DEFAULT NULL,
  `export_custom_field_6` varchar(191) DEFAULT NULL,
  `position` varchar(191) DEFAULT NULL,
  `customer_group_id` int(11) DEFAULT NULL,
  `custom_field1` varchar(191) DEFAULT NULL,
  `custom_field2` varchar(191) DEFAULT NULL,
  `custom_field3` varchar(191) DEFAULT NULL,
  `custom_field4` varchar(191) DEFAULT NULL,
  `custom_field5` varchar(191) DEFAULT NULL,
  `custom_field6` varchar(191) DEFAULT NULL,
  `custom_field7` varchar(191) DEFAULT NULL,
  `custom_field8` varchar(191) DEFAULT NULL,
  `custom_field9` varchar(191) DEFAULT NULL,
  `custom_field10` varchar(191) DEFAULT NULL,
  `deleted_at` timestamp NULL DEFAULT NULL,
  `created_at` timestamp NULL DEFAULT NULL,
  `updated_at` timestamp NULL DEFAULT NULL,
  PRIMARY KEY (`id`),
  KEY `contacts_business_id_foreign` (`business_id`),
  KEY `contacts_created_by_foreign` (`created_by`),
  KEY `contacts_type_index` (`type`),
  KEY `contacts_contact_status_index` (`contact_status`),
  CONSTRAINT `contacts_business_id_foreign` FOREIGN KEY (`business_id`) REFERENCES `business` (`id`) ON DELETE CASCADE,
  CONSTRAINT `contacts_created_by_foreign` FOREIGN KEY (`created_by`) REFERENCES `users` (`id`) ON DELETE CASCADE
) ENGINE=InnoDB DEFAULT CHARSET=utf8mb4 COLLATE=utf8mb4_unicode_ci;

INSERT INTO `contacts` (`id`, `business_id`, `type`, `supplier_business_name`, `name`, `prefix`, `first_name`, `middle_name`, `last_name`, `email`, `contact_id`, `contact_status`, `tax_number`, `city`, `state`, `country`, `address_line_1`, `address_line_2`, `zip_code`, `dob`, `mobile`, `landline`, `alternate_number`, `pay_term_number`, `pay_term_type`, `credit_limit`, `created_by`, `balance`, `total_rp`, `total_rp_used`, `total_rp_expired`, `is_default`, `shipping_address`, `shipping_custom_field_details`, `is_export`, `export_custom_field_1`, `export_custom_field_2`, `export_custom_field_3`, `export_custom_field_4`, `export_custom_field_5`, `export_custom_field_6`, `position`, `customer_group_id`, `custom_field1`, `custom_field2`, `custom_field3`, `custom_field4`, `custom_field5`, `custom_field6`, `custom_field7`, `custom_field8`, `custom_field9`, `custom_field10`, `deleted_at`, `created_at`, `updated_at`) VALUES
(1,	1,	'customer',	NULL,	'Walk-In Customer',	NULL,	NULL,	NULL,	NULL,	NULL,	'CO0001',	'active',	NULL,	NULL,	NULL,	NULL,	NULL,	NULL,	NULL,	NULL,	'',	NULL,	NULL,	NULL,	NULL,	0.0000,	1,	0.0000,	0,	0,	0,	1,	NULL,	NULL,	0,	NULL,	NULL,	NULL,	NULL,	NULL,	NULL,	NULL,	NULL,	NULL,	NULL,	NULL,	NULL,	NULL,	NULL,	NULL,	NULL,	NULL,	NULL,	NULL,	'2021-12-22 07:32:36',	'2021-12-22 07:32:36'),
(2,	1,	'supplier',	NULL,	'Mr lala g khan',	'Mr',	'lala',	'g',	'khan',	NULL,	'123',	'active',	NULL,	NULL,	NULL,	NULL,	NULL,	NULL,	NULL,	NULL,	'456',	NULL,	NULL,	NULL,	NULL,	NULL,	1,	0.0000,	0,	0,	0,	0,	NULL,	NULL,	0,	NULL,	NULL,	NULL,	NULL,	NULL,	NULL,	NULL,	NULL,	NULL,	NULL,	NULL,	NULL,	NULL,	NULL,	NULL,	NULL,	NULL,	NULL,	NULL,	'2022-04-12 17:27:24',	'2022-04-12 17:27:24'),
(3,	1,	'supplier',	NULL,	'',	NULL,	NULL,	NULL,	NULL,	NULL,	'CO0003',	'active',	NULL,	NULL,	NULL,	NULL,	NULL,	NULL,	NULL,	NULL,	'123',	NULL,	NULL,	NULL,	NULL,	NULL,	1,	0.0000,	0,	0,	0,	0,	NULL,	NULL,	0,	NULL,	NULL,	NULL,	NULL,	NULL,	NULL,	NULL,	NULL,	NULL,	NULL,	NULL,	NULL,	NULL,	NULL,	NULL,	NULL,	NULL,	NULL,	NULL,	'2022-04-13 20:00:01',	'2022-04-13 20:00:01'),
(4,	1,	'supplier',	NULL,	'MR qwerqwerasdf',	'MR',	'qwerqwerasdf',	NULL,	NULL,	NULL,	'CO0004',	'active',	NULL,	NULL,	NULL,	NULL,	NULL,	NULL,	NULL,	NULL,	'6778899766',	NULL,	NULL,	NULL,	NULL,	NULL,	1,	0.0000,	0,	0,	0,	0,	NULL,	NULL,	0,	NULL,	NULL,	NULL,	NULL,	NULL,	NULL,	NULL,	NULL,	NULL,	NULL,	NULL,	NULL,	NULL,	NULL,	NULL,	NULL,	NULL,	NULL,	NULL,	'2022-04-13 20:01:03',	'2022-04-13 20:01:03'),
(5,	2,	'customer',	NULL,	'Walk-In Customer',	NULL,	NULL,	NULL,	NULL,	NULL,	'CO0001',	'active',	NULL,	NULL,	NULL,	NULL,	NULL,	NULL,	NULL,	NULL,	'',	NULL,	NULL,	NULL,	NULL,	0.0000,	3,	0.0000,	0,	0,	0,	1,	NULL,	NULL,	0,	NULL,	NULL,	NULL,	NULL,	NULL,	NULL,	NULL,	NULL,	NULL,	NULL,	NULL,	NULL,	NULL,	NULL,	NULL,	NULL,	NULL,	NULL,	NULL,	'2022-10-13 04:03:11',	'2022-10-13 04:03:11'),
(6,	1,	'customer',	NULL,	'smith',	NULL,	'smith',	NULL,	NULL,	NULL,	'CO0005',	'active',	NULL,	NULL,	NULL,	NULL,	NULL,	NULL,	NULL,	NULL,	'123456789',	NULL,	NULL,	NULL,	NULL,	NULL,	1,	0.0000,	0,	0,	0,	0,	NULL,	NULL,	0,	NULL,	NULL,	NULL,	NULL,	NULL,	NULL,	NULL,	NULL,	NULL,	NULL,	NULL,	NULL,	NULL,	NULL,	NULL,	NULL,	NULL,	NULL,	NULL,	'2022-10-14 03:37:01',	'2022-10-14 03:37:01'),
(7,	3,	'customer',	NULL,	'Walk-In Customer',	NULL,	NULL,	NULL,	NULL,	NULL,	'CO0001',	'active',	NULL,	NULL,	NULL,	NULL,	NULL,	NULL,	NULL,	NULL,	'',	NULL,	NULL,	NULL,	NULL,	0.0000,	4,	0.0000,	0,	0,	0,	1,	NULL,	NULL,	0,	NULL,	NULL,	NULL,	NULL,	NULL,	NULL,	NULL,	NULL,	NULL,	NULL,	NULL,	NULL,	NULL,	NULL,	NULL,	NULL,	NULL,	NULL,	NULL,	'2022-10-14 21:41:02',	'2022-10-14 21:41:02'),
(8,	4,	'customer',	NULL,	'Walk-In Customer',	NULL,	NULL,	NULL,	NULL,	NULL,	'CO0001',	'active',	NULL,	NULL,	NULL,	NULL,	NULL,	NULL,	NULL,	NULL,	'',	NULL,	NULL,	NULL,	NULL,	0.0000,	5,	0.0000,	0,	0,	0,	1,	NULL,	NULL,	0,	NULL,	NULL,	NULL,	NULL,	NULL,	NULL,	NULL,	NULL,	NULL,	NULL,	NULL,	NULL,	NULL,	NULL,	NULL,	NULL,	NULL,	NULL,	NULL,	'2022-10-19 07:56:23',	'2022-10-19 07:56:23'),
(9,	5,	'customer',	NULL,	'Walk-In Customer',	NULL,	NULL,	NULL,	NULL,	NULL,	'CO0001',	'active',	NULL,	NULL,	NULL,	NULL,	NULL,	NULL,	NULL,	NULL,	'',	NULL,	NULL,	NULL,	NULL,	0.0000,	6,	0.0000,	0,	0,	0,	1,	NULL,	NULL,	0,	NULL,	NULL,	NULL,	NULL,	NULL,	NULL,	NULL,	NULL,	NULL,	NULL,	NULL,	NULL,	NULL,	NULL,	NULL,	NULL,	NULL,	NULL,	NULL,	'2022-10-20 05:22:26',	'2022-10-20 05:22:26'),
(10,	6,	'customer',	NULL,	'Walk-In Customer',	NULL,	NULL,	NULL,	NULL,	NULL,	'CO0001',	'active',	NULL,	NULL,	NULL,	NULL,	NULL,	NULL,	NULL,	NULL,	'',	NULL,	NULL,	NULL,	NULL,	0.0000,	7,	0.0000,	0,	0,	0,	1,	NULL,	NULL,	0,	NULL,	NULL,	NULL,	NULL,	NULL,	NULL,	NULL,	NULL,	NULL,	NULL,	NULL,	NULL,	NULL,	NULL,	NULL,	NULL,	NULL,	NULL,	NULL,	'2022-10-24 04:07:34',	'2022-10-24 04:07:34'),
(11,	7,	'customer',	NULL,	'Walk-In Customer',	NULL,	NULL,	NULL,	NULL,	NULL,	'CO0001',	'active',	NULL,	NULL,	NULL,	NULL,	NULL,	NULL,	NULL,	NULL,	'',	NULL,	NULL,	NULL,	NULL,	0.0000,	8,	0.0000,	0,	0,	0,	1,	NULL,	NULL,	0,	NULL,	NULL,	NULL,	NULL,	NULL,	NULL,	NULL,	NULL,	NULL,	NULL,	NULL,	NULL,	NULL,	NULL,	NULL,	NULL,	NULL,	NULL,	NULL,	'2022-10-25 05:46:02',	'2022-10-25 05:46:02'),
(12,	8,	'customer',	NULL,	'Walk-In Customer',	NULL,	NULL,	NULL,	NULL,	NULL,	'CO0001',	'active',	NULL,	NULL,	NULL,	NULL,	NULL,	NULL,	NULL,	NULL,	'',	NULL,	NULL,	NULL,	NULL,	0.0000,	9,	0.0000,	0,	0,	0,	1,	NULL,	NULL,	0,	NULL,	NULL,	NULL,	NULL,	NULL,	NULL,	NULL,	NULL,	NULL,	NULL,	NULL,	NULL,	NULL,	NULL,	NULL,	NULL,	NULL,	NULL,	NULL,	'2023-06-23 13:36:11',	'2023-06-23 13:36:11'),
(13,	1,	'supplier',	NULL,	'Mr Devadatta Shripati Bansode',	'Mr',	'Devadatta',	'Shripati',	'Bansode',	'admsoft3@gmail.com',	'456745',	'active',	NULL,	NULL,	NULL,	NULL,	NULL,	NULL,	NULL,	'1990-08-04',	'9307594757',	NULL,	NULL,	NULL,	NULL,	NULL,	1,	0.0000,	0,	0,	0,	0,	NULL,	NULL,	0,	NULL,	NULL,	NULL,	NULL,	NULL,	NULL,	NULL,	NULL,	NULL,	NULL,	NULL,	NULL,	NULL,	NULL,	NULL,	NULL,	NULL,	NULL,	NULL,	'2023-07-11 10:02:32',	'2023-07-11 10:02:32'),
(14,	9,	'customer',	NULL,	'Walk-In Customer',	NULL,	NULL,	NULL,	NULL,	NULL,	'CO0001',	'active',	NULL,	NULL,	NULL,	NULL,	NULL,	NULL,	NULL,	NULL,	'',	NULL,	NULL,	NULL,	NULL,	0.0000,	22,	0.0000,	0,	0,	0,	1,	NULL,	NULL,	0,	NULL,	NULL,	NULL,	NULL,	NULL,	NULL,	NULL,	NULL,	NULL,	NULL,	NULL,	NULL,	NULL,	NULL,	NULL,	NULL,	NULL,	NULL,	NULL,	'2024-08-16 21:27:41',	'2024-08-16 21:27:41');

DROP TABLE IF EXISTS `currencies`;
CREATE TABLE `currencies` (
  `id` int(10) unsigned NOT NULL AUTO_INCREMENT,
  `country` varchar(100) NOT NULL,
  `currency` varchar(100) NOT NULL,
  `code` varchar(25) NOT NULL,
  `symbol` varchar(25) NOT NULL,
  `thousand_separator` varchar(10) NOT NULL,
  `decimal_separator` varchar(10) NOT NULL,
  `created_at` timestamp NULL DEFAULT NULL,
  `updated_at` timestamp NULL DEFAULT NULL,
  PRIMARY KEY (`id`)
) ENGINE=InnoDB DEFAULT CHARSET=utf8mb4 COLLATE=utf8mb4_unicode_ci;

INSERT INTO `currencies` (`id`, `country`, `currency`, `code`, `symbol`, `thousand_separator`, `decimal_separator`, `created_at`, `updated_at`) VALUES
(1,	'Albania',	'Leke',	'ALL',	'Lek',	',',	'.',	NULL,	NULL),
(2,	'America',	'Dollars',	'USD',	'$',	',',	'.',	NULL,	NULL),
(3,	'Afghanistan',	'Afghanis',	'AF',	'',	',',	'.',	NULL,	NULL),
(4,	'Argentina',	'Pesos',	'ARS',	'$',	',',	'.',	NULL,	NULL),
(5,	'Aruba',	'Guilders',	'AWG',	'',	',',	'.',	NULL,	NULL),
(6,	'Australia',	'Dollars',	'AUD',	'$',	',',	'.',	NULL,	NULL),
(7,	'Azerbaijan',	'New Manats',	'AZ',	'',	',',	'.',	NULL,	NULL),
(8,	'Bahamas',	'Dollars',	'BSD',	'$',	',',	'.',	NULL,	NULL),
(9,	'Barbados',	'Dollars',	'BBD',	'$',	',',	'.',	NULL,	NULL),
(10,	'Belarus',	'Rubles',	'BYR',	'p.',	',',	'.',	NULL,	NULL),
(11,	'Belgium',	'Euro',	'EUR',	'',	',',	'.',	NULL,	NULL),
(12,	'Beliz',	'Dollars',	'BZD',	'BZ$',	',',	'.',	NULL,	NULL),
(13,	'Bermuda',	'Dollars',	'BMD',	'$',	',',	'.',	NULL,	NULL),
(14,	'Bolivia',	'Bolivianos',	'BOB',	'$b',	',',	'.',	NULL,	NULL),
(15,	'Bosnia and Herzegovina',	'Convertible Marka',	'BAM',	'KM',	',',	'.',	NULL,	NULL),
(16,	'Botswana',	'Pula\'s',	'BWP',	'P',	',',	'.',	NULL,	NULL),
(17,	'Bulgaria',	'Leva',	'BG',	'',	',',	'.',	NULL,	NULL),
(18,	'Brazil',	'Reais',	'BRL',	'R$',	',',	'.',	NULL,	NULL),
(19,	'Britain [United Kingdom]',	'Pounds',	'GBP',	'',	',',	'.',	NULL,	NULL),
(20,	'Brunei Darussalam',	'Dollars',	'BND',	'$',	',',	'.',	NULL,	NULL),
(21,	'Cambodia',	'Riels',	'KHR',	'',	',',	'.',	NULL,	NULL),
(22,	'Canada',	'Dollars',	'CAD',	'$',	',',	'.',	NULL,	NULL),
(23,	'Cayman Islands',	'Dollars',	'KYD',	'$',	',',	'.',	NULL,	NULL),
(24,	'Chile',	'Pesos',	'CLP',	'$',	',',	'.',	NULL,	NULL),
(25,	'China',	'Yuan Renminbi',	'CNY',	'',	',',	'.',	NULL,	NULL),
(26,	'Colombia',	'Pesos',	'COP',	'$',	',',	'.',	NULL,	NULL),
(27,	'Costa Rica',	'Coln',	'CRC',	'',	',',	'.',	NULL,	NULL),
(28,	'Croatia',	'Kuna',	'HRK',	'kn',	',',	'.',	NULL,	NULL),
(29,	'Cuba',	'Pesos',	'CUP',	'',	',',	'.',	NULL,	NULL),
(30,	'Cyprus',	'Euro',	'EUR',	'',	'.',	',',	NULL,	NULL),
(31,	'Czech Republic',	'Koruny',	'CZK',	'K',	',',	'.',	NULL,	NULL),
(32,	'Denmark',	'Kroner',	'DKK',	'kr',	',',	'.',	NULL,	NULL),
(33,	'Dominican Republic',	'Pesos',	'DOP ',	'RD$',	',',	'.',	NULL,	NULL),
(34,	'East Caribbean',	'Dollars',	'XCD',	'$',	',',	'.',	NULL,	NULL),
(35,	'Egypt',	'Pounds',	'EGP',	'',	',',	'.',	NULL,	NULL),
(36,	'El Salvador',	'Colones',	'SVC',	'$',	',',	'.',	NULL,	NULL),
(37,	'England [United Kingdom]',	'Pounds',	'GBP',	'',	',',	'.',	NULL,	NULL),
(38,	'Euro',	'Euro',	'EUR',	'',	'.',	',',	NULL,	NULL),
(39,	'Falkland Islands',	'Pounds',	'FKP',	'',	',',	'.',	NULL,	NULL),
(40,	'Fiji',	'Dollars',	'FJD',	'$',	',',	'.',	NULL,	NULL),
(41,	'France',	'Euro',	'EUR',	'',	'.',	',',	NULL,	NULL),
(42,	'Ghana',	'Cedis',	'GHS',	'',	',',	'.',	NULL,	NULL),
(43,	'Gibraltar',	'Pounds',	'GIP',	'',	',',	'.',	NULL,	NULL),
(44,	'Greece',	'Euro',	'EUR',	'',	'.',	',',	NULL,	NULL),
(45,	'Guatemala',	'Quetzales',	'GTQ',	'Q',	',',	'.',	NULL,	NULL),
(46,	'Guernsey',	'Pounds',	'GGP',	'',	',',	'.',	NULL,	NULL),
(47,	'Guyana',	'Dollars',	'GYD',	'$',	',',	'.',	NULL,	NULL),
(48,	'Holland [Netherlands]',	'Euro',	'EUR',	'',	'.',	',',	NULL,	NULL),
(49,	'Honduras',	'Lempiras',	'HNL',	'L',	',',	'.',	NULL,	NULL),
(50,	'Hong Kong',	'Dollars',	'HKD',	'$',	',',	'.',	NULL,	NULL),
(51,	'Hungary',	'Forint',	'HUF',	'Ft',	',',	'.',	NULL,	NULL),
(52,	'Iceland',	'Kronur',	'ISK',	'kr',	',',	'.',	NULL,	NULL),
(53,	'India',	'Rupees',	'INR',	'',	',',	'.',	NULL,	NULL),
(54,	'Indonesia',	'Rupiahs',	'IDR',	'Rp',	',',	'.',	NULL,	NULL),
(55,	'Iran',	'Rials',	'IRR',	'',	',',	'.',	NULL,	NULL),
(56,	'Ireland',	'Euro',	'EUR',	'',	'.',	',',	NULL,	NULL),
(57,	'Isle of Man',	'Pounds',	'IMP',	'',	',',	'.',	NULL,	NULL),
(58,	'Israel',	'New Shekels',	'ILS',	'',	',',	'.',	NULL,	NULL),
(59,	'Italy',	'Euro',	'EUR',	'',	'.',	',',	NULL,	NULL),
(60,	'Jamaica',	'Dollars',	'JMD',	'J$',	',',	'.',	NULL,	NULL),
(61,	'Japan',	'Yen',	'JPY',	'',	',',	'.',	NULL,	NULL),
(62,	'Jersey',	'Pounds',	'JEP',	'',	',',	'.',	NULL,	NULL),
(63,	'Kazakhstan',	'Tenge',	'KZT',	'',	',',	'.',	NULL,	NULL),
(64,	'Korea [North]',	'Won',	'KPW',	'',	',',	'.',	NULL,	NULL),
(65,	'Korea [South]',	'Won',	'KRW',	'',	',',	'.',	NULL,	NULL),
(66,	'Kyrgyzstan',	'Soms',	'KGS',	'',	',',	'.',	NULL,	NULL),
(67,	'Laos',	'Kips',	'LAK',	'',	',',	'.',	NULL,	NULL),
(68,	'Latvia',	'Lati',	'LVL',	'Ls',	',',	'.',	NULL,	NULL),
(69,	'Lebanon',	'Pounds',	'LBP',	'',	',',	'.',	NULL,	NULL),
(70,	'Liberia',	'Dollars',	'LRD',	'$',	',',	'.',	NULL,	NULL),
(71,	'Liechtenstein',	'Switzerland Francs',	'CHF',	'CHF',	',',	'.',	NULL,	NULL),
(72,	'Lithuania',	'Litai',	'LTL',	'Lt',	',',	'.',	NULL,	NULL),
(73,	'Luxembourg',	'Euro',	'EUR',	'',	'.',	',',	NULL,	NULL),
(74,	'Macedonia',	'Denars',	'MKD',	'',	',',	'.',	NULL,	NULL),
(75,	'Malaysia',	'Ringgits',	'MYR',	'RM',	',',	'.',	NULL,	NULL),
(76,	'Malta',	'Euro',	'EUR',	'',	'.',	',',	NULL,	NULL),
(77,	'Mauritius',	'Rupees',	'MUR',	'',	',',	'.',	NULL,	NULL),
(78,	'Mexico',	'Pesos',	'MXN',	'$',	',',	'.',	NULL,	NULL),
(79,	'Mongolia',	'Tugriks',	'MNT',	'',	',',	'.',	NULL,	NULL),
(80,	'Mozambique',	'Meticais',	'MZ',	'MT',	',',	'.',	NULL,	NULL),
(81,	'Namibia',	'Dollars',	'NAD',	'$',	',',	'.',	NULL,	NULL),
(82,	'Nepal',	'Rupees',	'NPR',	'',	',',	'.',	NULL,	NULL),
(83,	'Netherlands Antilles',	'Guilders',	'ANG',	'',	',',	'.',	NULL,	NULL),
(84,	'Netherlands',	'Euro',	'EUR',	'',	'.',	',',	NULL,	NULL),
(85,	'New Zealand',	'Dollars',	'NZD',	'$',	',',	'.',	NULL,	NULL),
(86,	'Nicaragua',	'Cordobas',	'NIO',	'C$',	',',	'.',	NULL,	NULL),
(87,	'Nigeria',	'Nairas',	'NGN',	'',	',',	'.',	NULL,	NULL),
(88,	'North Korea',	'Won',	'KPW',	'',	',',	'.',	NULL,	NULL),
(89,	'Norway',	'Krone',	'NOK',	'kr',	',',	'.',	NULL,	NULL),
(90,	'Oman',	'Rials',	'OMR',	'',	',',	'.',	NULL,	NULL),
(91,	'Pakistan',	'Rupees',	'PKR',	'',	',',	'.',	NULL,	NULL),
(92,	'Panama',	'Balboa',	'PAB',	'B/.',	',',	'.',	NULL,	NULL),
(93,	'Paraguay',	'Guarani',	'PYG',	'Gs',	',',	'.',	NULL,	NULL),
(94,	'Peru',	'Nuevos Soles',	'PE',	'S/.',	',',	'.',	NULL,	NULL),
(95,	'Philippines',	'Pesos',	'PHP',	'Php',	',',	'.',	NULL,	NULL),
(96,	'Poland',	'Zlotych',	'PL',	'z',	',',	'.',	NULL,	NULL),
(97,	'Qatar',	'Rials',	'QAR',	'',	',',	'.',	NULL,	NULL),
(98,	'Romania',	'New Lei',	'RO',	'lei',	',',	'.',	NULL,	NULL),
(99,	'Russia',	'Rubles',	'RUB',	'',	',',	'.',	NULL,	NULL),
(100,	'Saint Helena',	'Pounds',	'SHP',	'',	',',	'.',	NULL,	NULL),
(101,	'Saudi Arabia',	'Riyals',	'SAR',	'',	',',	'.',	NULL,	NULL),
(102,	'Serbia',	'Dinars',	'RSD',	'.',	',',	'.',	NULL,	NULL),
(103,	'Seychelles',	'Rupees',	'SCR',	'',	',',	'.',	NULL,	NULL),
(104,	'Singapore',	'Dollars',	'SGD',	'$',	',',	'.',	NULL,	NULL),
(105,	'Slovenia',	'Euro',	'EUR',	'',	'.',	',',	NULL,	NULL),
(106,	'Solomon Islands',	'Dollars',	'SBD',	'$',	',',	'.',	NULL,	NULL),
(107,	'Somalia',	'Shillings',	'SOS',	'S',	',',	'.',	NULL,	NULL),
(108,	'South Africa',	'Rand',	'ZAR',	'R',	',',	'.',	NULL,	NULL),
(109,	'South Korea',	'Won',	'KRW',	'',	',',	'.',	NULL,	NULL),
(110,	'Spain',	'Euro',	'EUR',	'',	'.',	',',	NULL,	NULL),
(111,	'Sri Lanka',	'Rupees',	'LKR',	'',	',',	'.',	NULL,	NULL),
(112,	'Sweden',	'Kronor',	'SEK',	'kr',	',',	'.',	NULL,	NULL),
(113,	'Switzerland',	'Francs',	'CHF',	'CHF',	',',	'.',	NULL,	NULL),
(114,	'Suriname',	'Dollars',	'SRD',	'$',	',',	'.',	NULL,	NULL),
(115,	'Syria',	'Pounds',	'SYP',	'',	',',	'.',	NULL,	NULL),
(116,	'Taiwan',	'New Dollars',	'TWD',	'NT$',	',',	'.',	NULL,	NULL),
(117,	'Thailand',	'Baht',	'THB',	'',	',',	'.',	NULL,	NULL),
(118,	'Trinidad and Tobago',	'Dollars',	'TTD',	'TT$',	',',	'.',	NULL,	NULL),
(119,	'Turkey',	'Lira',	'TRY',	'TL',	',',	'.',	NULL,	NULL),
(120,	'Turkey',	'Liras',	'TRL',	'',	',',	'.',	NULL,	NULL),
(121,	'Tuvalu',	'Dollars',	'TVD',	'$',	',',	'.',	NULL,	NULL),
(122,	'Ukraine',	'Hryvnia',	'UAH',	'',	',',	'.',	NULL,	NULL),
(123,	'United Kingdom',	'Pounds',	'GBP',	'',	',',	'.',	NULL,	NULL),
(124,	'United States of America',	'Dollars',	'USD',	'$',	',',	'.',	NULL,	NULL),
(125,	'Uruguay',	'Pesos',	'UYU',	'$U',	',',	'.',	NULL,	NULL),
(126,	'Uzbekistan',	'Sums',	'UZS',	'',	',',	'.',	NULL,	NULL),
(127,	'Vatican City',	'Euro',	'EUR',	'',	'.',	',',	NULL,	NULL),
(128,	'Venezuela',	'Bolivares Fuertes',	'VEF',	'Bs',	',',	'.',	NULL,	NULL),
(129,	'Vietnam',	'Dong',	'VND',	'',	',',	'.',	NULL,	NULL),
(130,	'Yemen',	'Rials',	'YER',	'',	',',	'.',	NULL,	NULL),
(131,	'Zimbabwe',	'Zimbabwe Dollars',	'ZWD',	'Z$',	',',	'.',	NULL,	NULL),
(132,	'Iraq',	'Iraqi dinar',	'IQD',	'.',	',',	'.',	NULL,	NULL),
(133,	'Kenya',	'Kenyan shilling',	'KES',	'KSh',	',',	'.',	NULL,	NULL),
(134,	'Bangladesh',	'Taka',	'BDT',	'',	',',	'.',	NULL,	NULL),
(135,	'Algerie',	'Algerian dinar',	'DZD',	'.',	' ',	'.',	NULL,	NULL),
(136,	'United Arab Emirates',	'United Arab Emirates dirham',	'AED',	'.',	',',	'.',	NULL,	NULL),
(137,	'Uganda',	'Uganda shillings',	'UGX',	'USh',	',',	'.',	NULL,	NULL),
(138,	'Tanzania',	'Tanzanian shilling',	'TZS',	'TSh',	',',	'.',	NULL,	NULL),
(139,	'Angola',	'Kwanza',	'AOA',	'Kz',	',',	'.',	NULL,	NULL),
(140,	'Kuwait',	'Kuwaiti dinar',	'KWD',	'KD',	',',	'.',	NULL,	NULL),
(141,	'Bahrain',	'Bahraini dinar',	'BHD',	'BD',	',',	'.',	NULL,	NULL),
(142,	'Zambia',	'Zambian Kwacha',	'ZMW',	'ZMW',	',',	'.',	'2022-10-16 19:22:51',	'2022-10-16 19:22:51');

DROP TABLE IF EXISTS `customer_groups`;
CREATE TABLE `customer_groups` (
  `id` int(10) unsigned NOT NULL AUTO_INCREMENT,
  `business_id` int(10) unsigned NOT NULL,
  `name` varchar(191) NOT NULL,
  `amount` double(5,2) NOT NULL,
  `price_calculation_type` varchar(191) DEFAULT 'percentage',
  `selling_price_group_id` int(11) DEFAULT NULL,
  `created_by` int(10) unsigned NOT NULL,
  `created_at` timestamp NULL DEFAULT NULL,
  `updated_at` timestamp NULL DEFAULT NULL,
  PRIMARY KEY (`id`),
  KEY `customer_groups_business_id_foreign` (`business_id`),
  KEY `customer_groups_created_by_index` (`created_by`),
  KEY `customer_groups_price_calculation_type_index` (`price_calculation_type`),
  KEY `customer_groups_selling_price_group_id_index` (`selling_price_group_id`),
  CONSTRAINT `customer_groups_business_id_foreign` FOREIGN KEY (`business_id`) REFERENCES `business` (`id`) ON DELETE CASCADE
) ENGINE=InnoDB DEFAULT CHARSET=utf8mb4 COLLATE=utf8mb4_unicode_ci;


DROP TABLE IF EXISTS `dashboard_configurations`;
CREATE TABLE `dashboard_configurations` (
  `id` int(10) unsigned NOT NULL AUTO_INCREMENT,
  `business_id` int(10) unsigned NOT NULL,
  `created_by` int(11) NOT NULL,
  `name` varchar(191) NOT NULL,
  `color` varchar(191) NOT NULL,
  `configuration` text DEFAULT NULL,
  `created_at` timestamp NULL DEFAULT NULL,
  `updated_at` timestamp NULL DEFAULT NULL,
  PRIMARY KEY (`id`),
  KEY `dashboard_configurations_business_id_foreign` (`business_id`),
  CONSTRAINT `dashboard_configurations_business_id_foreign` FOREIGN KEY (`business_id`) REFERENCES `business` (`id`) ON DELETE CASCADE
) ENGINE=InnoDB DEFAULT CHARSET=utf8mb4 COLLATE=utf8mb4_unicode_ci;


DROP TABLE IF EXISTS `discounts`;
CREATE TABLE `discounts` (
  `id` int(10) unsigned NOT NULL AUTO_INCREMENT,
  `name` varchar(191) NOT NULL,
  `business_id` int(11) NOT NULL,
  `brand_id` int(11) DEFAULT NULL,
  `category_id` int(11) DEFAULT NULL,
  `location_id` int(11) DEFAULT NULL,
  `priority` int(11) DEFAULT NULL,
  `discount_type` varchar(191) DEFAULT NULL,
  `discount_amount` decimal(22,4) NOT NULL DEFAULT 0.0000,
  `starts_at` datetime DEFAULT NULL,
  `ends_at` datetime DEFAULT NULL,
  `is_active` tinyint(1) NOT NULL DEFAULT 1,
  `spg` varchar(100) DEFAULT NULL COMMENT 'Applicable in specified selling price group only. Use of applicable_in_spg column is discontinued',
  `applicable_in_cg` tinyint(1) DEFAULT 0,
  `created_at` timestamp NULL DEFAULT NULL,
  `updated_at` timestamp NULL DEFAULT NULL,
  PRIMARY KEY (`id`),
  KEY `discounts_business_id_index` (`business_id`),
  KEY `discounts_brand_id_index` (`brand_id`),
  KEY `discounts_category_id_index` (`category_id`),
  KEY `discounts_location_id_index` (`location_id`),
  KEY `discounts_priority_index` (`priority`),
  KEY `discounts_spg_index` (`spg`)
) ENGINE=InnoDB DEFAULT CHARSET=utf8mb4 COLLATE=utf8mb4_unicode_ci;


DROP TABLE IF EXISTS `discount_variations`;
CREATE TABLE `discount_variations` (
  `discount_id` int(11) NOT NULL,
  `variation_id` int(11) NOT NULL,
  KEY `discount_variations_discount_id_index` (`discount_id`),
  KEY `discount_variations_variation_id_index` (`variation_id`)
) ENGINE=InnoDB DEFAULT CHARSET=utf8mb4 COLLATE=utf8mb4_unicode_ci;


DROP TABLE IF EXISTS `document_and_notes`;
CREATE TABLE `document_and_notes` (
  `id` int(10) unsigned NOT NULL AUTO_INCREMENT,
  `business_id` int(11) NOT NULL,
  `notable_id` int(11) NOT NULL,
  `notable_type` varchar(191) NOT NULL,
  `heading` text DEFAULT NULL,
  `description` text DEFAULT NULL,
  `is_private` tinyint(1) NOT NULL DEFAULT 0,
  `created_by` int(11) NOT NULL,
  `created_at` timestamp NULL DEFAULT NULL,
  `updated_at` timestamp NULL DEFAULT NULL,
  PRIMARY KEY (`id`),
  KEY `document_and_notes_business_id_index` (`business_id`),
  KEY `document_and_notes_notable_id_index` (`notable_id`),
  KEY `document_and_notes_created_by_index` (`created_by`)
) ENGINE=InnoDB DEFAULT CHARSET=utf8mb4 COLLATE=utf8mb4_unicode_ci;


DROP TABLE IF EXISTS `essentials_allowances_and_deductions`;
CREATE TABLE `essentials_allowances_and_deductions` (
  `id` int(10) unsigned NOT NULL AUTO_INCREMENT,
  `business_id` int(11) NOT NULL,
  `description` varchar(191) NOT NULL,
  `type` enum('allowance','deduction') NOT NULL,
  `amount` decimal(22,4) NOT NULL,
  `amount_type` enum('fixed','percent') NOT NULL,
  `applicable_date` date DEFAULT NULL,
  `created_at` timestamp NULL DEFAULT NULL,
  `updated_at` timestamp NULL DEFAULT NULL,
  PRIMARY KEY (`id`),
  KEY `essentials_allowances_and_deductions_business_id_index` (`business_id`)
) ENGINE=InnoDB DEFAULT CHARSET=utf8mb4 COLLATE=utf8mb4_unicode_ci;


DROP TABLE IF EXISTS `essentials_attendances`;
CREATE TABLE `essentials_attendances` (
  `id` int(10) unsigned NOT NULL AUTO_INCREMENT,
  `user_id` int(11) NOT NULL,
  `business_id` int(11) NOT NULL,
  `clock_in_time` datetime DEFAULT NULL,
  `clock_out_time` datetime DEFAULT NULL,
  `essentials_shift_id` int(11) DEFAULT NULL,
  `ip_address` varchar(191) DEFAULT NULL,
  `clock_in_note` text DEFAULT NULL,
  `clock_out_note` text DEFAULT NULL,
  `created_at` timestamp NULL DEFAULT NULL,
  `updated_at` timestamp NULL DEFAULT NULL,
  PRIMARY KEY (`id`),
  KEY `essentials_attendances_user_id_index` (`user_id`),
  KEY `essentials_attendances_business_id_index` (`business_id`)
) ENGINE=InnoDB DEFAULT CHARSET=utf8mb4 COLLATE=utf8mb4_unicode_ci;


DROP TABLE IF EXISTS `essentials_documents`;
CREATE TABLE `essentials_documents` (
  `id` int(10) unsigned NOT NULL AUTO_INCREMENT,
  `business_id` int(11) NOT NULL,
  `user_id` int(11) NOT NULL,
  `type` varchar(191) DEFAULT NULL,
  `name` varchar(191) NOT NULL,
  `description` varchar(191) DEFAULT NULL,
  `created_at` timestamp NULL DEFAULT NULL,
  `updated_at` timestamp NULL DEFAULT NULL,
  PRIMARY KEY (`id`)
) ENGINE=InnoDB DEFAULT CHARSET=utf8mb4 COLLATE=utf8mb4_unicode_ci;


DROP TABLE IF EXISTS `essentials_document_shares`;
CREATE TABLE `essentials_document_shares` (
  `id` int(10) unsigned NOT NULL AUTO_INCREMENT,
  `document_id` int(11) NOT NULL,
  `value_type` enum('user','role') NOT NULL,
  `value` int(11) NOT NULL,
  `created_at` timestamp NULL DEFAULT NULL,
  `updated_at` timestamp NULL DEFAULT NULL,
  PRIMARY KEY (`id`)
) ENGINE=InnoDB DEFAULT CHARSET=utf8mb4 COLLATE=utf8mb4_unicode_ci;


DROP TABLE IF EXISTS `essentials_holidays`;
CREATE TABLE `essentials_holidays` (
  `id` int(10) unsigned NOT NULL AUTO_INCREMENT,
  `name` varchar(191) DEFAULT NULL,
  `start_date` date NOT NULL,
  `end_date` date NOT NULL,
  `business_id` int(11) NOT NULL,
  `location_id` int(11) DEFAULT NULL,
  `note` text DEFAULT NULL,
  `created_at` timestamp NULL DEFAULT NULL,
  `updated_at` timestamp NULL DEFAULT NULL,
  PRIMARY KEY (`id`),
  KEY `essentials_holidays_business_id_index` (`business_id`)
) ENGINE=InnoDB DEFAULT CHARSET=utf8mb4 COLLATE=utf8mb4_unicode_ci;


DROP TABLE IF EXISTS `essentials_leaves`;
CREATE TABLE `essentials_leaves` (
  `id` int(10) unsigned NOT NULL AUTO_INCREMENT,
  `essentials_leave_type_id` int(11) DEFAULT NULL,
  `business_id` int(11) NOT NULL,
  `user_id` int(11) NOT NULL,
  `start_date` date NOT NULL,
  `end_date` date NOT NULL,
  `ref_no` varchar(191) DEFAULT NULL,
  `status` enum('pending','approved','cancelled') DEFAULT NULL,
  `reason` text DEFAULT NULL,
  `status_note` text DEFAULT NULL,
  `created_at` timestamp NULL DEFAULT NULL,
  `updated_at` timestamp NULL DEFAULT NULL,
  PRIMARY KEY (`id`),
  KEY `essentials_leaves_essentials_leave_type_id_index` (`essentials_leave_type_id`),
  KEY `essentials_leaves_business_id_index` (`business_id`),
  KEY `essentials_leaves_user_id_index` (`user_id`)
) ENGINE=InnoDB DEFAULT CHARSET=utf8mb4 COLLATE=utf8mb4_unicode_ci;


DROP TABLE IF EXISTS `essentials_leave_types`;
CREATE TABLE `essentials_leave_types` (
  `id` int(10) unsigned NOT NULL AUTO_INCREMENT,
  `leave_type` varchar(191) NOT NULL,
  `max_leave_count` int(11) DEFAULT NULL,
  `leave_count_interval` enum('month','year') DEFAULT NULL,
  `business_id` int(11) NOT NULL,
  `created_at` timestamp NULL DEFAULT NULL,
  `updated_at` timestamp NULL DEFAULT NULL,
  PRIMARY KEY (`id`),
  KEY `essentials_leave_types_business_id_index` (`business_id`)
) ENGINE=InnoDB DEFAULT CHARSET=utf8mb4 COLLATE=utf8mb4_unicode_ci;


DROP TABLE IF EXISTS `essentials_messages`;
CREATE TABLE `essentials_messages` (
  `id` int(10) unsigned NOT NULL AUTO_INCREMENT,
  `business_id` int(11) NOT NULL,
  `user_id` int(11) NOT NULL,
  `message` text NOT NULL,
  `location_id` int(11) DEFAULT NULL,
  `created_at` timestamp NULL DEFAULT NULL,
  `updated_at` timestamp NULL DEFAULT NULL,
  PRIMARY KEY (`id`)
) ENGINE=InnoDB DEFAULT CHARSET=utf8mb4 COLLATE=utf8mb4_unicode_ci;


DROP TABLE IF EXISTS `essentials_reminders`;
CREATE TABLE `essentials_reminders` (
  `id` int(10) unsigned NOT NULL AUTO_INCREMENT,
  `business_id` int(11) NOT NULL,
  `user_id` int(11) NOT NULL,
  `name` varchar(191) NOT NULL,
  `date` date NOT NULL,
  `time` time NOT NULL,
  `repeat` enum('one_time','every_day','every_week','every_month') NOT NULL,
  `created_at` timestamp NULL DEFAULT NULL,
  `updated_at` timestamp NULL DEFAULT NULL,
  PRIMARY KEY (`id`)
) ENGINE=InnoDB DEFAULT CHARSET=utf8mb4 COLLATE=utf8mb4_unicode_ci;


DROP TABLE IF EXISTS `essentials_shifts`;
CREATE TABLE `essentials_shifts` (
  `id` int(10) unsigned NOT NULL AUTO_INCREMENT,
  `name` varchar(191) NOT NULL,
  `type` enum('fixed_shift','flexible_shift') NOT NULL DEFAULT 'fixed_shift',
  `business_id` int(11) NOT NULL,
  `start_time` time DEFAULT NULL,
  `end_time` time DEFAULT NULL,
  `holidays` text DEFAULT NULL,
  `created_at` timestamp NULL DEFAULT NULL,
  `updated_at` timestamp NULL DEFAULT NULL,
  PRIMARY KEY (`id`)
) ENGINE=InnoDB DEFAULT CHARSET=utf8mb4 COLLATE=utf8mb4_unicode_ci;


DROP TABLE IF EXISTS `essentials_todos_users`;
CREATE TABLE `essentials_todos_users` (
  `todo_id` int(11) NOT NULL,
  `user_id` int(11) NOT NULL
) ENGINE=InnoDB DEFAULT CHARSET=utf8mb4 COLLATE=utf8mb4_unicode_ci;


DROP TABLE IF EXISTS `essentials_todo_comments`;
CREATE TABLE `essentials_todo_comments` (
  `id` int(10) unsigned NOT NULL AUTO_INCREMENT,
  `comment` text NOT NULL,
  `task_id` int(11) NOT NULL,
  `comment_by` int(11) NOT NULL,
  `created_at` timestamp NULL DEFAULT NULL,
  `updated_at` timestamp NULL DEFAULT NULL,
  PRIMARY KEY (`id`),
  KEY `essentials_todo_comments_task_id_index` (`task_id`),
  KEY `essentials_todo_comments_comment_by_index` (`comment_by`)
) ENGINE=InnoDB DEFAULT CHARSET=utf8mb4 COLLATE=utf8mb4_unicode_ci;


DROP TABLE IF EXISTS `essentials_to_dos`;
CREATE TABLE `essentials_to_dos` (
  `id` int(10) unsigned NOT NULL AUTO_INCREMENT,
  `business_id` int(11) NOT NULL,
  `task` text NOT NULL,
  `date` date NOT NULL,
  `end_date` date DEFAULT NULL,
  `task_id` varchar(191) DEFAULT NULL,
  `description` text DEFAULT NULL,
  `status` varchar(191) DEFAULT NULL,
  `estimated_hours` varchar(191) DEFAULT NULL,
  `priority` varchar(191) DEFAULT NULL,
  `created_by` int(11) DEFAULT NULL,
  `created_at` timestamp NULL DEFAULT NULL,
  `updated_at` timestamp NULL DEFAULT NULL,
  PRIMARY KEY (`id`),
  KEY `essentials_to_dos_status_index` (`status`),
  KEY `essentials_to_dos_priority_index` (`priority`),
  KEY `essentials_to_dos_created_by_index` (`created_by`)
) ENGINE=InnoDB DEFAULT CHARSET=utf8mb4 COLLATE=utf8mb4_unicode_ci;


DROP TABLE IF EXISTS `essentials_user_allowance_and_deductions`;
CREATE TABLE `essentials_user_allowance_and_deductions` (
  `user_id` int(11) NOT NULL,
  `allowance_deduction_id` int(11) NOT NULL
) ENGINE=InnoDB DEFAULT CHARSET=utf8mb4 COLLATE=utf8mb4_unicode_ci;


DROP TABLE IF EXISTS `essentials_user_shifts`;
CREATE TABLE `essentials_user_shifts` (
  `id` int(10) unsigned NOT NULL AUTO_INCREMENT,
  `user_id` int(11) NOT NULL,
  `essentials_shift_id` int(11) NOT NULL,
  `start_date` date DEFAULT NULL,
  `end_date` date DEFAULT NULL,
  `created_at` timestamp NULL DEFAULT NULL,
  `updated_at` timestamp NULL DEFAULT NULL,
  PRIMARY KEY (`id`)
) ENGINE=InnoDB DEFAULT CHARSET=utf8mb4 COLLATE=utf8mb4_unicode_ci;


DROP TABLE IF EXISTS `expense_categories`;
CREATE TABLE `expense_categories` (
  `id` int(10) unsigned NOT NULL AUTO_INCREMENT,
  `name` varchar(191) NOT NULL,
  `business_id` int(10) unsigned NOT NULL,
  `code` varchar(191) DEFAULT NULL,
  `deleted_at` timestamp NULL DEFAULT NULL,
  `created_at` timestamp NULL DEFAULT NULL,
  `updated_at` timestamp NULL DEFAULT NULL,
  PRIMARY KEY (`id`),
  KEY `expense_categories_business_id_foreign` (`business_id`),
  CONSTRAINT `expense_categories_business_id_foreign` FOREIGN KEY (`business_id`) REFERENCES `business` (`id`) ON DELETE CASCADE
) ENGINE=InnoDB DEFAULT CHARSET=utf8mb4 COLLATE=utf8mb4_unicode_ci;


DROP TABLE IF EXISTS `group_sub_taxes`;
CREATE TABLE `group_sub_taxes` (
  `group_tax_id` int(10) unsigned NOT NULL,
  `tax_id` int(10) unsigned NOT NULL,
  KEY `group_sub_taxes_group_tax_id_foreign` (`group_tax_id`),
  KEY `group_sub_taxes_tax_id_foreign` (`tax_id`),
  CONSTRAINT `group_sub_taxes_group_tax_id_foreign` FOREIGN KEY (`group_tax_id`) REFERENCES `tax_rates` (`id`) ON DELETE CASCADE,
  CONSTRAINT `group_sub_taxes_tax_id_foreign` FOREIGN KEY (`tax_id`) REFERENCES `tax_rates` (`id`) ON DELETE CASCADE
) ENGINE=InnoDB DEFAULT CHARSET=utf8mb4 COLLATE=utf8mb4_unicode_ci;


DROP TABLE IF EXISTS `invoice_layouts`;
CREATE TABLE `invoice_layouts` (
  `id` int(10) unsigned NOT NULL AUTO_INCREMENT,
  `name` varchar(191) NOT NULL,
  `header_text` text DEFAULT NULL,
  `invoice_no_prefix` varchar(191) DEFAULT NULL,
  `quotation_no_prefix` varchar(191) DEFAULT NULL,
  `invoice_heading` varchar(191) DEFAULT NULL,
  `sub_heading_line1` varchar(191) DEFAULT NULL,
  `sub_heading_line2` varchar(191) DEFAULT NULL,
  `sub_heading_line3` varchar(191) DEFAULT NULL,
  `sub_heading_line4` varchar(191) DEFAULT NULL,
  `sub_heading_line5` varchar(191) DEFAULT NULL,
  `invoice_heading_not_paid` varchar(191) DEFAULT NULL,
  `invoice_heading_paid` varchar(191) DEFAULT NULL,
  `quotation_heading` varchar(191) DEFAULT NULL,
  `sub_total_label` varchar(191) DEFAULT NULL,
  `discount_label` varchar(191) DEFAULT NULL,
  `tax_label` varchar(191) DEFAULT NULL,
  `total_label` varchar(191) DEFAULT NULL,
  `round_off_label` varchar(191) DEFAULT NULL,
  `total_due_label` varchar(191) DEFAULT NULL,
  `paid_label` varchar(191) DEFAULT NULL,
  `show_client_id` tinyint(1) NOT NULL DEFAULT 0,
  `client_id_label` varchar(191) DEFAULT NULL,
  `client_tax_label` varchar(191) DEFAULT NULL,
  `date_label` varchar(191) DEFAULT NULL,
  `date_time_format` varchar(191) DEFAULT NULL,
  `show_time` tinyint(1) NOT NULL DEFAULT 1,
  `show_brand` tinyint(1) NOT NULL DEFAULT 0,
  `show_sku` tinyint(1) NOT NULL DEFAULT 1,
  `show_cat_code` tinyint(1) NOT NULL DEFAULT 1,
  `show_expiry` tinyint(1) NOT NULL DEFAULT 0,
  `show_lot` tinyint(1) NOT NULL DEFAULT 0,
  `show_image` tinyint(1) NOT NULL DEFAULT 0,
  `show_sale_description` tinyint(1) NOT NULL DEFAULT 0,
  `sales_person_label` varchar(191) DEFAULT NULL,
  `show_sales_person` tinyint(1) NOT NULL DEFAULT 0,
  `table_product_label` varchar(191) DEFAULT NULL,
  `table_qty_label` varchar(191) DEFAULT NULL,
  `table_unit_price_label` varchar(191) DEFAULT NULL,
  `table_subtotal_label` varchar(191) DEFAULT NULL,
  `cat_code_label` varchar(191) DEFAULT NULL,
  `logo` varchar(191) DEFAULT NULL,
  `show_logo` tinyint(1) NOT NULL DEFAULT 0,
  `show_business_name` tinyint(1) NOT NULL DEFAULT 0,
  `show_location_name` tinyint(1) NOT NULL DEFAULT 1,
  `show_landmark` tinyint(1) NOT NULL DEFAULT 1,
  `show_city` tinyint(1) NOT NULL DEFAULT 1,
  `show_state` tinyint(1) NOT NULL DEFAULT 1,
  `show_zip_code` tinyint(1) NOT NULL DEFAULT 1,
  `show_country` tinyint(1) NOT NULL DEFAULT 1,
  `show_mobile_number` tinyint(1) NOT NULL DEFAULT 1,
  `show_alternate_number` tinyint(1) NOT NULL DEFAULT 0,
  `show_email` tinyint(1) NOT NULL DEFAULT 0,
  `show_tax_1` tinyint(1) NOT NULL DEFAULT 1,
  `show_tax_2` tinyint(1) NOT NULL DEFAULT 0,
  `show_barcode` tinyint(1) NOT NULL DEFAULT 0,
  `show_payments` tinyint(1) NOT NULL DEFAULT 0,
  `show_customer` tinyint(1) NOT NULL DEFAULT 0,
  `customer_label` varchar(191) DEFAULT NULL,
  `commission_agent_label` varchar(191) DEFAULT NULL,
  `show_commission_agent` tinyint(1) NOT NULL DEFAULT 0,
  `show_reward_point` tinyint(1) NOT NULL DEFAULT 0,
  `highlight_color` varchar(10) DEFAULT NULL,
  `footer_text` text DEFAULT NULL,
  `module_info` text DEFAULT NULL,
  `common_settings` text DEFAULT NULL,
  `is_default` tinyint(1) NOT NULL DEFAULT 0,
  `business_id` int(10) unsigned NOT NULL,
  `show_qr_code` tinyint(1) NOT NULL DEFAULT 0,
  `qr_code_fields` text DEFAULT NULL,
  `design` varchar(190) DEFAULT 'classic',
  `cn_heading` varchar(191) DEFAULT NULL COMMENT 'cn = credit note',
  `cn_no_label` varchar(191) DEFAULT NULL,
  `cn_amount_label` varchar(191) DEFAULT NULL,
  `table_tax_headings` text DEFAULT NULL,
  `show_previous_bal` tinyint(1) NOT NULL DEFAULT 0,
  `prev_bal_label` varchar(191) DEFAULT NULL,
  `change_return_label` varchar(191) DEFAULT NULL,
  `product_custom_fields` text DEFAULT NULL,
  `contact_custom_fields` text DEFAULT NULL,
  `location_custom_fields` text DEFAULT NULL,
  `created_at` timestamp NULL DEFAULT NULL,
  `updated_at` timestamp NULL DEFAULT NULL,
  PRIMARY KEY (`id`),
  KEY `invoice_layouts_business_id_foreign` (`business_id`),
  CONSTRAINT `invoice_layouts_business_id_foreign` FOREIGN KEY (`business_id`) REFERENCES `business` (`id`) ON DELETE CASCADE
) ENGINE=InnoDB DEFAULT CHARSET=utf8mb4 COLLATE=utf8mb4_unicode_ci;

INSERT INTO `invoice_layouts` (`id`, `name`, `header_text`, `invoice_no_prefix`, `quotation_no_prefix`, `invoice_heading`, `sub_heading_line1`, `sub_heading_line2`, `sub_heading_line3`, `sub_heading_line4`, `sub_heading_line5`, `invoice_heading_not_paid`, `invoice_heading_paid`, `quotation_heading`, `sub_total_label`, `discount_label`, `tax_label`, `total_label`, `round_off_label`, `total_due_label`, `paid_label`, `show_client_id`, `client_id_label`, `client_tax_label`, `date_label`, `date_time_format`, `show_time`, `show_brand`, `show_sku`, `show_cat_code`, `show_expiry`, `show_lot`, `show_image`, `show_sale_description`, `sales_person_label`, `show_sales_person`, `table_product_label`, `table_qty_label`, `table_unit_price_label`, `table_subtotal_label`, `cat_code_label`, `logo`, `show_logo`, `show_business_name`, `show_location_name`, `show_landmark`, `show_city`, `show_state`, `show_zip_code`, `show_country`, `show_mobile_number`, `show_alternate_number`, `show_email`, `show_tax_1`, `show_tax_2`, `show_barcode`, `show_payments`, `show_customer`, `customer_label`, `commission_agent_label`, `show_commission_agent`, `show_reward_point`, `highlight_color`, `footer_text`, `module_info`, `common_settings`, `is_default`, `business_id`, `show_qr_code`, `qr_code_fields`, `design`, `cn_heading`, `cn_no_label`, `cn_amount_label`, `table_tax_headings`, `show_previous_bal`, `prev_bal_label`, `change_return_label`, `product_custom_fields`, `contact_custom_fields`, `location_custom_fields`, `created_at`, `updated_at`) VALUES
(1,	'Default',	NULL,	'Invoice No.',	NULL,	'Invoice',	NULL,	NULL,	NULL,	NULL,	NULL,	NULL,	NULL,	NULL,	'Subtotal',	'Discount',	'Tax',	'Total',	NULL,	'Total Due',	'Total Paid',	0,	NULL,	NULL,	'Date',	NULL,	1,	0,	1,	1,	0,	0,	0,	0,	NULL,	0,	'Product',	'Quantity',	'Unit Price',	'Subtotal',	NULL,	NULL,	0,	0,	1,	1,	1,	1,	1,	1,	1,	0,	0,	1,	0,	0,	1,	1,	'Customer',	NULL,	0,	0,	'#000000',	NULL,	'{\"types_of_service\":{\"types_of_service_label\":null},\"tables\":{\"table_label\":null},\"service_staff\":{\"service_staff_label\":null},\"repair\":{\"repair_status_label\":null,\"repair_warranty_label\":null,\"brand_label\":null,\"device_label\":null,\"model_no_label\":null,\"serial_no_label\":null,\"defects_label\":null,\"repair_checklist_label\":null}}',	'{\"proforma_heading\":null,\"sales_order_heading\":null,\"due_date_label\":null,\"total_quantity_label\":null,\"item_discount_label\":null,\"num_to_word_format\":\"international\",\"tax_summary_label\":null}',	1,	1,	0,	NULL,	'slim2',	NULL,	NULL,	NULL,	NULL,	0,	NULL,	NULL,	NULL,	NULL,	NULL,	'2021-12-22 07:32:36',	'2022-09-04 03:33:03'),
(2,	'Default',	NULL,	'Invoice No.',	NULL,	'Invoice',	NULL,	NULL,	NULL,	NULL,	NULL,	'',	'',	NULL,	'Subtotal',	'Discount',	'Tax',	'Total',	NULL,	'Total Due',	'Total Paid',	0,	NULL,	NULL,	'Date',	NULL,	1,	0,	1,	1,	0,	0,	0,	0,	NULL,	0,	'Product',	'Quantity',	'Unit Price',	'Subtotal',	NULL,	NULL,	0,	0,	1,	1,	1,	1,	1,	1,	1,	0,	0,	1,	0,	0,	1,	1,	'Customer',	NULL,	0,	0,	'#000000',	'',	NULL,	NULL,	1,	2,	0,	NULL,	'classic',	NULL,	NULL,	NULL,	NULL,	0,	NULL,	NULL,	NULL,	NULL,	NULL,	'2022-10-13 04:03:11',	'2022-10-13 04:03:11'),
(3,	'Default',	NULL,	'Invoice No.',	NULL,	'Invoice',	NULL,	NULL,	NULL,	NULL,	NULL,	'',	'',	NULL,	'Subtotal',	'Discount',	'Tax',	'Total',	NULL,	'Total Due',	'Total Paid',	0,	NULL,	NULL,	'Date',	NULL,	1,	0,	1,	1,	0,	0,	0,	0,	NULL,	0,	'Product',	'Quantity',	'Unit Price',	'Subtotal',	NULL,	NULL,	0,	0,	1,	1,	1,	1,	1,	1,	1,	0,	0,	1,	0,	0,	1,	1,	'Customer',	NULL,	0,	0,	'#000000',	'',	NULL,	NULL,	1,	3,	0,	NULL,	'classic',	NULL,	NULL,	NULL,	NULL,	0,	NULL,	NULL,	NULL,	NULL,	NULL,	'2022-10-14 21:41:02',	'2022-10-14 21:41:02'),
(4,	'Default',	NULL,	'Invoice No.',	NULL,	'Invoice',	NULL,	NULL,	NULL,	NULL,	NULL,	'',	'',	NULL,	'Subtotal',	'Discount',	'Tax',	'Total',	NULL,	'Total Due',	'Total Paid',	0,	NULL,	NULL,	'Date',	NULL,	1,	0,	1,	1,	0,	0,	0,	0,	NULL,	0,	'Product',	'Quantity',	'Unit Price',	'Subtotal',	NULL,	NULL,	0,	0,	1,	1,	1,	1,	1,	1,	1,	0,	0,	1,	0,	0,	1,	1,	'Customer',	NULL,	0,	0,	'#000000',	'',	NULL,	NULL,	1,	4,	0,	NULL,	'classic',	NULL,	NULL,	NULL,	NULL,	0,	NULL,	NULL,	NULL,	NULL,	NULL,	'2022-10-19 07:56:23',	'2022-10-19 07:56:23'),
(5,	'Default',	NULL,	'Invoice No.',	NULL,	'Invoice',	NULL,	NULL,	NULL,	NULL,	NULL,	'',	'',	NULL,	'Subtotal',	'Discount',	'Tax',	'Total',	NULL,	'Total Due',	'Total Paid',	0,	NULL,	NULL,	'Date',	NULL,	1,	0,	1,	1,	0,	0,	0,	0,	NULL,	0,	'Product',	'Quantity',	'Unit Price',	'Subtotal',	NULL,	NULL,	0,	0,	1,	1,	1,	1,	1,	1,	1,	0,	0,	1,	0,	0,	1,	1,	'Customer',	NULL,	0,	0,	'#000000',	'',	NULL,	NULL,	1,	5,	0,	NULL,	'classic',	NULL,	NULL,	NULL,	NULL,	0,	NULL,	NULL,	NULL,	NULL,	NULL,	'2022-10-20 05:22:26',	'2022-10-20 05:22:26'),
(6,	'Default',	NULL,	'Invoice No.',	NULL,	'Invoice',	NULL,	NULL,	NULL,	NULL,	NULL,	'',	'',	NULL,	'Subtotal',	'Discount',	'Tax',	'Total',	NULL,	'Total Due',	'Total Paid',	0,	NULL,	NULL,	'Date',	NULL,	1,	0,	1,	1,	0,	0,	0,	0,	NULL,	0,	'Product',	'Quantity',	'Unit Price',	'Subtotal',	NULL,	NULL,	0,	0,	1,	1,	1,	1,	1,	1,	1,	0,	0,	1,	0,	0,	1,	1,	'Customer',	NULL,	0,	0,	'#000000',	'',	NULL,	NULL,	1,	6,	0,	NULL,	'classic',	NULL,	NULL,	NULL,	NULL,	0,	NULL,	NULL,	NULL,	NULL,	NULL,	'2022-10-24 04:07:34',	'2022-10-24 04:07:34'),
(7,	'Default',	NULL,	'Invoice No.',	NULL,	'Invoice',	NULL,	NULL,	NULL,	NULL,	NULL,	'',	'',	NULL,	'Subtotal',	'Discount',	'Tax',	'Total',	NULL,	'Total Due',	'Total Paid',	0,	NULL,	NULL,	'Date',	NULL,	1,	0,	1,	1,	0,	0,	0,	0,	NULL,	0,	'Product',	'Quantity',	'Unit Price',	'Subtotal',	NULL,	NULL,	0,	0,	1,	1,	1,	1,	1,	1,	1,	0,	0,	1,	0,	0,	1,	1,	'Customer',	NULL,	0,	0,	'#000000',	'',	NULL,	NULL,	1,	7,	0,	NULL,	'classic',	NULL,	NULL,	NULL,	NULL,	0,	NULL,	NULL,	NULL,	NULL,	NULL,	'2022-10-25 05:46:02',	'2022-10-25 05:46:02'),
(8,	'Default',	NULL,	'Invoice No.',	NULL,	'Invoice',	NULL,	NULL,	NULL,	NULL,	NULL,	'',	'',	NULL,	'Subtotal',	'Discount',	'Tax',	'Total',	NULL,	'Total Due',	'Total Paid',	0,	NULL,	NULL,	'Date',	NULL,	1,	0,	1,	1,	0,	0,	0,	0,	NULL,	0,	'Product',	'Quantity',	'Unit Price',	'Subtotal',	NULL,	NULL,	0,	0,	1,	1,	1,	1,	1,	1,	1,	0,	0,	1,	0,	0,	1,	1,	'Customer',	NULL,	0,	0,	'#000000',	'',	NULL,	NULL,	1,	8,	0,	NULL,	'classic',	NULL,	NULL,	NULL,	NULL,	0,	NULL,	NULL,	NULL,	NULL,	NULL,	'2023-06-23 13:36:11',	'2023-06-23 13:36:11'),
(9,	'Default',	NULL,	'Invoice No.',	NULL,	'Invoice',	NULL,	NULL,	NULL,	NULL,	NULL,	'',	'',	NULL,	'Subtotal',	'Discount',	'Tax',	'Total',	NULL,	'Total Due',	'Total Paid',	0,	NULL,	NULL,	'Date',	NULL,	1,	0,	1,	1,	0,	0,	0,	0,	NULL,	0,	'Product',	'Quantity',	'Unit Price',	'Subtotal',	NULL,	NULL,	0,	0,	1,	1,	1,	1,	1,	1,	1,	0,	0,	1,	0,	0,	1,	1,	'Customer',	NULL,	0,	0,	'#000000',	'',	NULL,	NULL,	1,	9,	0,	NULL,	'classic',	NULL,	NULL,	NULL,	NULL,	0,	NULL,	NULL,	NULL,	NULL,	NULL,	'2024-08-16 21:27:41',	'2024-08-16 21:27:41');

DROP TABLE IF EXISTS `invoice_schemes`;
CREATE TABLE `invoice_schemes` (
  `id` int(10) unsigned NOT NULL AUTO_INCREMENT,
  `business_id` int(10) unsigned NOT NULL,
  `name` varchar(191) NOT NULL,
  `scheme_type` enum('blank','year') NOT NULL,
  `prefix` varchar(191) DEFAULT NULL,
  `start_number` int(11) DEFAULT NULL,
  `invoice_count` int(11) NOT NULL DEFAULT 0,
  `total_digits` int(11) DEFAULT NULL,
  `is_default` tinyint(1) NOT NULL DEFAULT 0,
  `created_at` timestamp NULL DEFAULT NULL,
  `updated_at` timestamp NULL DEFAULT NULL,
  PRIMARY KEY (`id`),
  KEY `invoice_schemes_business_id_foreign` (`business_id`),
  KEY `invoice_schemes_scheme_type_index` (`scheme_type`),
  CONSTRAINT `invoice_schemes_business_id_foreign` FOREIGN KEY (`business_id`) REFERENCES `business` (`id`) ON DELETE CASCADE
) ENGINE=InnoDB DEFAULT CHARSET=utf8mb4 COLLATE=utf8mb4_unicode_ci;

INSERT INTO `invoice_schemes` (`id`, `business_id`, `name`, `scheme_type`, `prefix`, `start_number`, `invoice_count`, `total_digits`, `is_default`, `created_at`, `updated_at`) VALUES
(1,	1,	'Default',	'blank',	'',	1,	119,	4,	1,	'2021-12-22 07:32:36',	'2024-08-13 16:01:17'),
(2,	2,	'Default',	'blank',	'',	1,	0,	4,	1,	'2022-10-13 04:03:11',	'2022-10-13 04:03:11'),
(3,	3,	'Default',	'blank',	'',	1,	0,	4,	1,	'2022-10-14 21:41:02',	'2022-10-14 21:41:02'),
(4,	4,	'Default',	'blank',	'',	1,	0,	4,	1,	'2022-10-19 07:56:23',	'2022-10-19 07:56:23'),
(5,	5,	'Default',	'blank',	'',	1,	0,	4,	1,	'2022-10-20 05:22:26',	'2022-10-20 05:22:26'),
(6,	6,	'Default',	'blank',	'',	1,	0,	4,	1,	'2022-10-24 04:07:34',	'2022-10-24 04:07:34'),
(7,	7,	'Default',	'blank',	'',	1,	0,	4,	1,	'2022-10-25 05:46:02',	'2022-10-25 05:46:02'),
(8,	8,	'Default',	'blank',	'',	1,	0,	4,	1,	'2023-06-23 13:36:11',	'2023-06-23 13:36:11'),
(9,	9,	'Default',	'blank',	'',	1,	0,	4,	1,	'2024-08-16 21:27:41',	'2024-08-16 21:27:41');

DROP TABLE IF EXISTS `media`;
CREATE TABLE `media` (
  `id` int(10) unsigned NOT NULL AUTO_INCREMENT,
  `business_id` int(11) NOT NULL,
  `file_name` varchar(191) NOT NULL,
  `description` text DEFAULT NULL,
  `uploaded_by` int(11) DEFAULT NULL,
  `model_type` varchar(191) NOT NULL,
  `woocommerce_media_id` int(11) DEFAULT NULL,
  `model_media_type` varchar(191) DEFAULT NULL,
  `model_id` bigint(20) unsigned NOT NULL,
  `created_at` timestamp NULL DEFAULT NULL,
  `updated_at` timestamp NULL DEFAULT NULL,
  PRIMARY KEY (`id`),
  KEY `media_model_type_model_id_index` (`model_type`,`model_id`),
  KEY `media_business_id_index` (`business_id`),
  KEY `media_uploaded_by_index` (`uploaded_by`)
) ENGINE=InnoDB DEFAULT CHARSET=utf8mb4 COLLATE=utf8mb4_unicode_ci;

INSERT INTO `media` (`id`, `business_id`, `file_name`, `description`, `uploaded_by`, `model_type`, `woocommerce_media_id`, `model_media_type`, `model_id`, `created_at`, `updated_at`) VALUES
(1,	1,	'1661635345_90576687_Coca Cola.png',	NULL,	1,	'App\\Variation',	NULL,	NULL,	5,	'2022-08-28 06:52:25',	'2022-08-28 06:52:25'),
(4,	8,	'1687507843_1177076109_403.php',	NULL,	9,	'App\\User',	NULL,	NULL,	9,	'2023-06-23 13:40:43',	'2023-06-23 13:40:43');

DROP TABLE IF EXISTS `mfg_ingredient_groups`;
CREATE TABLE `mfg_ingredient_groups` (
  `id` int(10) unsigned NOT NULL AUTO_INCREMENT,
  `name` varchar(191) NOT NULL,
  `business_id` int(11) NOT NULL,
  `description` text DEFAULT NULL,
  `created_at` timestamp NULL DEFAULT NULL,
  `updated_at` timestamp NULL DEFAULT NULL,
  PRIMARY KEY (`id`)
) ENGINE=InnoDB DEFAULT CHARSET=utf8mb4 COLLATE=utf8mb4_unicode_ci;


DROP TABLE IF EXISTS `mfg_recipes`;
CREATE TABLE `mfg_recipes` (
  `id` int(10) unsigned NOT NULL AUTO_INCREMENT,
  `product_id` int(11) NOT NULL,
  `variation_id` int(11) NOT NULL,
  `instructions` text DEFAULT NULL,
  `waste_percent` decimal(10,2) NOT NULL DEFAULT 0.00,
  `ingredients_cost` decimal(22,4) NOT NULL DEFAULT 0.0000,
  `extra_cost` decimal(22,4) NOT NULL DEFAULT 0.0000,
  `production_cost_type` varchar(191) DEFAULT 'percentage',
  `total_quantity` decimal(22,4) NOT NULL DEFAULT 0.0000,
  `final_price` decimal(22,4) NOT NULL,
  `sub_unit_id` int(11) DEFAULT NULL,
  `created_at` timestamp NULL DEFAULT NULL,
  `updated_at` timestamp NULL DEFAULT NULL,
  PRIMARY KEY (`id`),
  KEY `mfg_recipes_product_id_index` (`product_id`),
  KEY `mfg_recipes_variation_id_index` (`variation_id`)
) ENGINE=InnoDB DEFAULT CHARSET=utf8mb4 COLLATE=utf8mb4_unicode_ci;


DROP TABLE IF EXISTS `mfg_recipe_ingredients`;
CREATE TABLE `mfg_recipe_ingredients` (
  `id` int(10) unsigned NOT NULL AUTO_INCREMENT,
  `mfg_recipe_id` int(10) unsigned NOT NULL,
  `variation_id` int(11) NOT NULL,
  `mfg_ingredient_group_id` int(11) DEFAULT NULL,
  `quantity` decimal(22,4) NOT NULL DEFAULT 0.0000,
  `waste_percent` decimal(22,4) NOT NULL DEFAULT 0.0000,
  `sub_unit_id` int(11) DEFAULT NULL,
  `sort_order` int(11) DEFAULT NULL,
  `created_at` timestamp NULL DEFAULT NULL,
  `updated_at` timestamp NULL DEFAULT NULL,
  PRIMARY KEY (`id`),
  KEY `mfg_recipe_ingredients_mfg_recipe_id_foreign` (`mfg_recipe_id`),
  CONSTRAINT `mfg_recipe_ingredients_mfg_recipe_id_foreign` FOREIGN KEY (`mfg_recipe_id`) REFERENCES `mfg_recipes` (`id`) ON DELETE CASCADE
) ENGINE=InnoDB DEFAULT CHARSET=utf8mb4 COLLATE=utf8mb4_unicode_ci;


DROP TABLE IF EXISTS `migrations`;
CREATE TABLE `migrations` (
  `id` int(10) unsigned NOT NULL AUTO_INCREMENT,
  `migration` varchar(191) NOT NULL,
  `batch` int(11) NOT NULL,
  PRIMARY KEY (`id`)
) ENGINE=InnoDB DEFAULT CHARSET=utf8mb4 COLLATE=utf8mb4_unicode_ci;

INSERT INTO `migrations` (`id`, `migration`, `batch`) VALUES
(1,	'2014_10_12_000000_create_users_table',	1),
(2,	'2014_10_12_100000_create_password_resets_table',	1),
(3,	'2016_06_01_000001_create_oauth_auth_codes_table',	1),
(4,	'2016_06_01_000002_create_oauth_access_tokens_table',	1),
(5,	'2016_06_01_000003_create_oauth_refresh_tokens_table',	1),
(6,	'2016_06_01_000004_create_oauth_clients_table',	1),
(7,	'2016_06_01_000005_create_oauth_personal_access_clients_table',	1),
(8,	'2017_07_05_071953_create_currencies_table',	1),
(9,	'2017_07_05_073658_create_business_table',	1),
(10,	'2017_07_22_075923_add_business_id_users_table',	1),
(11,	'2017_07_23_113209_create_brands_table',	1),
(12,	'2017_07_26_083429_create_permission_tables',	1),
(13,	'2017_07_26_110000_create_tax_rates_table',	1),
(14,	'2017_07_26_122313_create_units_table',	1),
(15,	'2017_07_27_075706_create_contacts_table',	1),
(16,	'2017_08_04_071038_create_categories_table',	1),
(17,	'2017_08_08_115903_create_products_table',	1),
(18,	'2017_08_09_061616_create_variation_templates_table',	1),
(19,	'2017_08_09_061638_create_variation_value_templates_table',	1),
(20,	'2017_08_10_061146_create_product_variations_table',	1),
(21,	'2017_08_10_061216_create_variations_table',	1),
(22,	'2017_08_19_054827_create_transactions_table',	1),
(23,	'2017_08_31_073533_create_purchase_lines_table',	1),
(24,	'2017_10_15_064638_create_transaction_payments_table',	1),
(25,	'2017_10_31_065621_add_default_sales_tax_to_business_table',	1),
(26,	'2017_11_20_051930_create_table_group_sub_taxes',	1),
(27,	'2017_11_20_063603_create_transaction_sell_lines',	1),
(28,	'2017_11_21_064540_create_barcodes_table',	1),
(29,	'2017_11_23_181237_create_invoice_schemes_table',	1),
(30,	'2017_12_25_122822_create_business_locations_table',	1),
(31,	'2017_12_25_160253_add_location_id_to_transactions_table',	1),
(32,	'2017_12_25_163227_create_variation_location_details_table',	1),
(33,	'2018_01_04_115627_create_sessions_table',	1),
(34,	'2018_01_05_112817_create_invoice_layouts_table',	1),
(35,	'2018_01_06_112303_add_invoice_scheme_id_and_invoice_layout_id_to_business_locations',	1),
(36,	'2018_01_08_104124_create_expense_categories_table',	1),
(37,	'2018_01_08_123327_modify_transactions_table_for_expenses',	1),
(38,	'2018_01_09_111005_modify_payment_status_in_transactions_table',	1),
(39,	'2018_01_09_111109_add_paid_on_column_to_transaction_payments_table',	1),
(40,	'2018_01_25_172439_add_printer_related_fields_to_business_locations_table',	1),
(41,	'2018_01_27_184322_create_printers_table',	1),
(42,	'2018_01_30_181442_create_cash_registers_table',	1),
(43,	'2018_01_31_125836_create_cash_register_transactions_table',	1),
(44,	'2018_02_07_173326_modify_business_table',	1),
(45,	'2018_02_08_105425_add_enable_product_expiry_column_to_business_table',	1),
(46,	'2018_02_08_111027_add_expiry_period_and_expiry_period_type_columns_to_products_table',	1),
(47,	'2018_02_08_131118_add_mfg_date_and_exp_date_purchase_lines_table',	1),
(48,	'2018_02_08_155348_add_exchange_rate_to_transactions_table',	1),
(49,	'2018_02_09_124945_modify_transaction_payments_table_for_contact_payments',	1),
(50,	'2018_02_12_113640_create_transaction_sell_lines_purchase_lines_table',	1),
(51,	'2018_02_12_114605_add_quantity_sold_in_purchase_lines_table',	1),
(52,	'2018_02_13_183323_alter_decimal_fields_size',	1),
(53,	'2018_02_14_161928_add_transaction_edit_days_to_business_table',	1),
(54,	'2018_02_15_161032_add_document_column_to_transactions_table',	1),
(55,	'2018_02_17_124709_add_more_options_to_invoice_layouts',	1),
(56,	'2018_02_19_111517_add_keyboard_shortcut_column_to_business_table',	1),
(57,	'2018_02_19_121537_stock_adjustment_move_to_transaction_table',	1),
(58,	'2018_02_20_165505_add_is_direct_sale_column_to_transactions_table',	1),
(59,	'2018_02_21_105329_create_system_table',	1),
(60,	'2018_02_23_100549_version_1_2',	1),
(61,	'2018_02_23_125648_add_enable_editing_sp_from_purchase_column_to_business_table',	1),
(62,	'2018_02_26_103612_add_sales_commission_agent_column_to_business_table',	1),
(63,	'2018_02_26_130519_modify_users_table_for_sales_cmmsn_agnt',	1),
(64,	'2018_02_26_134500_add_commission_agent_to_transactions_table',	1),
(65,	'2018_02_27_121422_add_item_addition_method_to_business_table',	1),
(66,	'2018_02_27_170232_modify_transactions_table_for_stock_transfer',	1),
(67,	'2018_03_05_153510_add_enable_inline_tax_column_to_business_table',	1),
(68,	'2018_03_06_210206_modify_product_barcode_types',	1),
(69,	'2018_03_13_181541_add_expiry_type_to_business_table',	1),
(70,	'2018_03_16_113446_product_expiry_setting_for_business',	1),
(71,	'2018_03_19_113601_add_business_settings_options',	1),
(72,	'2018_03_26_125334_add_pos_settings_to_business_table',	1),
(73,	'2018_03_26_165350_create_customer_groups_table',	1),
(74,	'2018_03_27_122720_customer_group_related_changes_in_tables',	1),
(75,	'2018_03_29_110138_change_tax_field_to_nullable_in_business_table',	1),
(76,	'2018_03_29_115502_add_changes_for_sr_number_in_products_and_sale_lines_table',	1),
(77,	'2018_03_29_134340_add_inline_discount_fields_in_purchase_lines',	1),
(78,	'2018_03_31_140921_update_transactions_table_exchange_rate',	1),
(79,	'2018_04_03_103037_add_contact_id_to_contacts_table',	1),
(80,	'2018_04_03_122709_add_changes_to_invoice_layouts_table',	1),
(81,	'2018_04_09_135320_change_exchage_rate_size_in_business_table',	1),
(82,	'2018_04_17_123122_add_lot_number_to_business',	1),
(83,	'2018_04_17_160845_add_product_racks_table',	1),
(84,	'2018_04_20_182015_create_res_tables_table',	1),
(85,	'2018_04_24_105246_restaurant_fields_in_transaction_table',	1),
(86,	'2018_04_24_114149_add_enabled_modules_business_table',	1),
(87,	'2018_04_24_133704_add_modules_fields_in_invoice_layout_table',	1),
(88,	'2018_04_27_132653_quotation_related_change',	1),
(89,	'2018_05_02_104439_add_date_format_and_time_format_to_business',	1),
(90,	'2018_05_02_111939_add_sell_return_to_transaction_payments',	1),
(91,	'2018_05_14_114027_add_rows_positions_for_products',	1),
(92,	'2018_05_14_125223_add_weight_to_products_table',	1),
(93,	'2018_05_14_164754_add_opening_stock_permission',	1),
(94,	'2018_05_15_134729_add_design_to_invoice_layouts',	1),
(95,	'2018_05_16_183307_add_tax_fields_invoice_layout',	1),
(96,	'2018_05_18_191956_add_sell_return_to_transaction_table',	1),
(97,	'2018_05_21_131349_add_custom_fileds_to_contacts_table',	1),
(98,	'2018_05_21_131607_invoice_layout_fields_for_sell_return',	1),
(99,	'2018_05_21_131949_add_custom_fileds_and_website_to_business_locations_table',	1),
(100,	'2018_05_22_123527_create_reference_counts_table',	1),
(101,	'2018_05_22_154540_add_ref_no_prefixes_column_to_business_table',	1),
(102,	'2018_05_24_132620_add_ref_no_column_to_transaction_payments_table',	1),
(103,	'2018_05_24_161026_add_location_id_column_to_business_location_table',	1),
(104,	'2018_05_25_180603_create_modifiers_related_table',	1),
(105,	'2018_05_29_121714_add_purchase_line_id_to_stock_adjustment_line_table',	1),
(106,	'2018_05_31_114645_add_res_order_status_column_to_transactions_table',	1),
(107,	'2018_06_05_103530_rename_purchase_line_id_in_stock_adjustment_lines_table',	1),
(108,	'2018_06_05_111905_modify_products_table_for_modifiers',	1),
(109,	'2018_06_06_110524_add_parent_sell_line_id_column_to_transaction_sell_lines_table',	1),
(110,	'2018_06_07_152443_add_is_service_staff_to_roles_table',	1),
(111,	'2018_06_07_182258_add_image_field_to_products_table',	1),
(112,	'2018_06_13_133705_create_bookings_table',	1),
(113,	'2018_06_15_173636_add_email_column_to_contacts_table',	1),
(114,	'2018_06_27_182835_add_superadmin_related_fields_business',	1),
(115,	'2018_07_10_101913_add_custom_fields_to_products_table',	1),
(116,	'2018_07_17_103434_add_sales_person_name_label_to_invoice_layouts_table',	1),
(117,	'2018_07_17_163920_add_theme_skin_color_column_to_business_table',	1),
(118,	'2018_07_24_160319_add_lot_no_line_id_to_transaction_sell_lines_table',	1),
(119,	'2018_07_25_110004_add_show_expiry_and_show_lot_colums_to_invoice_layouts_table',	1),
(120,	'2018_07_25_172004_add_discount_columns_to_transaction_sell_lines_table',	1),
(121,	'2018_07_26_124720_change_design_column_type_in_invoice_layouts_table',	1),
(122,	'2018_07_26_170424_add_unit_price_before_discount_column_to_transaction_sell_line_table',	1),
(123,	'2018_07_28_103614_add_credit_limit_column_to_contacts_table',	1),
(124,	'2018_08_08_110755_add_new_payment_methods_to_transaction_payments_table',	1),
(125,	'2018_08_08_122225_modify_cash_register_transactions_table_for_new_payment_methods',	1),
(126,	'2018_08_14_104036_add_opening_balance_type_to_transactions_table',	1),
(127,	'2018_09_04_155900_create_accounts_table',	1),
(128,	'2018_09_06_114438_create_selling_price_groups_table',	1),
(129,	'2018_09_06_154057_create_variation_group_prices_table',	1),
(130,	'2018_09_07_102413_add_permission_to_access_default_selling_price',	1),
(131,	'2018_09_07_134858_add_selling_price_group_id_to_transactions_table',	1),
(132,	'2018_09_10_112448_update_product_type_to_single_if_null_in_products_table',	1),
(133,	'2018_09_10_152703_create_account_transactions_table',	1),
(134,	'2018_09_10_173656_add_account_id_column_to_transaction_payments_table',	1),
(135,	'2018_09_19_123914_create_notification_templates_table',	1),
(136,	'2018_09_22_110504_add_sms_and_email_settings_columns_to_business_table',	1),
(137,	'2018_09_24_134942_add_lot_no_line_id_to_stock_adjustment_lines_table',	1),
(138,	'2018_09_26_105557_add_transaction_payments_for_existing_expenses',	1),
(139,	'2018_09_27_111609_modify_transactions_table_for_purchase_return',	1),
(140,	'2018_09_27_131154_add_quantity_returned_column_to_purchase_lines_table',	1),
(141,	'2018_10_02_131401_add_return_quantity_column_to_transaction_sell_lines_table',	1),
(142,	'2018_10_03_104918_add_qty_returned_column_to_transaction_sell_lines_purchase_lines_table',	1),
(143,	'2018_10_03_185947_add_default_notification_templates_to_database',	1),
(144,	'2018_10_09_153105_add_business_id_to_transaction_payments_table',	1),
(145,	'2018_10_16_135229_create_permission_for_sells_and_purchase',	1),
(146,	'2018_10_22_114441_add_columns_for_variable_product_modifications',	1),
(147,	'2018_10_22_134428_modify_variable_product_data',	1),
(148,	'2018_10_30_181558_add_table_tax_headings_to_invoice_layout',	1),
(149,	'2018_10_31_122619_add_pay_terms_field_transactions_table',	1),
(150,	'2018_10_31_161328_add_new_permissions_for_pos_screen',	1),
(151,	'2018_10_31_174752_add_access_selected_contacts_only_to_users_table',	1),
(152,	'2018_10_31_175627_add_user_contact_access',	1),
(153,	'2018_10_31_180559_add_auto_send_sms_column_to_notification_templates_table',	1),
(154,	'2018_11_02_171949_change_card_type_column_to_varchar_in_transaction_payments_table',	1),
(155,	'2018_11_08_105621_add_role_permissions',	1),
(156,	'2018_11_26_114135_add_is_suspend_column_to_transactions_table',	1),
(157,	'2018_11_28_104410_modify_units_table_for_multi_unit',	1),
(158,	'2018_11_28_170952_add_sub_unit_id_to_purchase_lines_and_sell_lines',	1),
(159,	'2018_11_29_115918_add_primary_key_in_system_table',	1),
(160,	'2018_12_03_185546_add_product_description_column_to_products_table',	1),
(161,	'2018_12_06_114937_modify_system_table_and_users_table',	1),
(162,	'2018_12_13_160007_add_custom_fields_display_options_to_invoice_layouts_table',	1),
(163,	'2018_12_14_103307_modify_system_table',	1),
(164,	'2018_12_18_133837_add_prev_balance_due_columns_to_invoice_layouts_table',	1),
(165,	'2018_12_18_170656_add_invoice_token_column_to_transaction_table',	1),
(166,	'2018_12_20_133639_add_date_time_format_column_to_invoice_layouts_table',	1),
(167,	'2018_12_21_120659_add_recurring_invoice_fields_to_transactions_table',	1),
(168,	'2018_12_24_154933_create_notifications_table',	1),
(169,	'2019_01_08_112015_add_document_column_to_transaction_payments_table',	1),
(170,	'2019_01_10_124645_add_account_permission',	1),
(171,	'2019_01_16_125825_add_subscription_no_column_to_transactions_table',	1),
(172,	'2019_01_28_111647_add_order_addresses_column_to_transactions_table',	1),
(173,	'2019_02_13_173821_add_is_inactive_column_to_products_table',	1),
(174,	'2019_02_19_103118_create_discounts_table',	1),
(175,	'2019_02_21_120324_add_discount_id_column_to_transaction_sell_lines_table',	1),
(176,	'2019_02_21_134324_add_permission_for_discount',	1),
(177,	'2019_03_04_170832_add_service_staff_columns_to_transaction_sell_lines_table',	1),
(178,	'2019_03_09_102425_add_sub_type_column_to_transactions_table',	1),
(179,	'2019_03_09_124457_add_indexing_transaction_sell_lines_purchase_lines_table',	1),
(180,	'2019_03_12_120336_create_activity_log_table',	1),
(181,	'2019_03_15_132925_create_media_table',	1),
(182,	'2019_05_08_130339_add_indexing_to_parent_id_in_transaction_payments_table',	1),
(183,	'2019_05_10_132311_add_missing_column_indexing',	1),
(184,	'2019_05_14_091812_add_show_image_column_to_invoice_layouts_table',	1),
(185,	'2019_05_25_104922_add_view_purchase_price_permission',	1),
(186,	'2019_06_17_103515_add_profile_informations_columns_to_users_table',	1),
(187,	'2019_06_18_135524_add_permission_to_view_own_sales_only',	1),
(188,	'2019_06_19_112058_add_database_changes_for_reward_points',	1),
(189,	'2019_06_28_133732_change_type_column_to_string_in_transactions_table',	1),
(190,	'2019_07_13_111420_add_is_created_from_api_column_to_transactions_table',	1),
(191,	'2019_07_15_165136_add_fields_for_combo_product',	1),
(192,	'2019_07_19_103446_add_mfg_quantity_used_column_to_purchase_lines_table',	1),
(193,	'2019_07_22_152649_add_not_for_selling_in_product_table',	1),
(194,	'2019_07_29_185351_add_show_reward_point_column_to_invoice_layouts_table',	1),
(195,	'2019_08_08_162302_add_sub_units_related_fields',	1),
(196,	'2019_08_26_133419_update_price_fields_decimal_point',	1),
(197,	'2019_09_02_160054_remove_location_permissions_from_roles',	1),
(198,	'2019_09_03_185259_add_permission_for_pos_screen',	1),
(199,	'2019_09_04_163141_add_location_id_to_cash_registers_table',	1),
(200,	'2019_09_04_184008_create_types_of_services_table',	1),
(201,	'2019_09_06_131445_add_types_of_service_fields_to_transactions_table',	1),
(202,	'2019_09_09_134810_add_default_selling_price_group_id_column_to_business_locations_table',	1),
(203,	'2019_09_12_105616_create_product_locations_table',	1),
(204,	'2019_09_17_122522_add_custom_labels_column_to_business_table',	1),
(205,	'2019_09_18_164319_add_shipping_fields_to_transactions_table',	1),
(206,	'2019_09_19_170927_close_all_active_registers',	1),
(207,	'2019_09_23_161906_add_media_description_cloumn_to_media_table',	1),
(208,	'2019_10_18_155633_create_account_types_table',	1),
(209,	'2019_10_22_163335_add_common_settings_column_to_business_table',	1),
(210,	'2019_10_29_132521_add_update_purchase_status_permission',	1),
(211,	'2019_11_09_110522_add_indexing_to_lot_number',	1),
(212,	'2019_11_19_170824_add_is_active_column_to_business_locations_table',	1),
(213,	'2019_11_21_162913_change_quantity_field_types_to_decimal',	1),
(214,	'2019_11_25_160340_modify_categories_table_for_polymerphic_relationship',	1),
(215,	'2019_12_02_105025_create_warranties_table',	1),
(216,	'2019_12_03_180342_add_common_settings_field_to_invoice_layouts_table',	1),
(217,	'2019_12_05_183955_add_more_fields_to_users_table',	1),
(218,	'2019_12_06_174904_add_change_return_label_column_to_invoice_layouts_table',	1),
(219,	'2019_12_11_121307_add_draft_and_quotation_list_permissions',	1),
(220,	'2019_12_12_180126_copy_expense_total_to_total_before_tax',	1),
(221,	'2019_12_19_181412_make_alert_quantity_field_nullable_on_products_table',	1),
(222,	'2019_12_25_173413_create_dashboard_configurations_table',	1),
(223,	'2020_01_08_133506_create_document_and_notes_table',	1),
(224,	'2020_01_09_113252_add_cc_bcc_column_to_notification_templates_table',	1),
(225,	'2020_01_16_174818_add_round_off_amount_field_to_transactions_table',	1),
(226,	'2020_01_28_162345_add_weighing_scale_settings_in_business_settings_table',	1),
(227,	'2020_02_18_172447_add_import_fields_to_transactions_table',	1),
(228,	'2020_03_13_135844_add_is_active_column_to_selling_price_groups_table',	1),
(229,	'2020_03_16_115449_add_contact_status_field_to_contacts_table',	1),
(230,	'2020_03_26_124736_add_allow_login_column_in_users_table',	1),
(231,	'2020_04_13_154150_add_feature_products_column_to_business_loactions',	1),
(232,	'2020_04_15_151802_add_user_type_to_users_table',	1),
(233,	'2020_04_22_153905_add_subscription_repeat_on_column_to_transactions_table',	1),
(234,	'2020_04_28_111436_add_shipping_address_to_contacts_table',	1),
(235,	'2020_06_01_094654_add_max_sale_discount_column_to_users_table',	1),
(236,	'2020_06_12_162245_modify_contacts_table',	1),
(237,	'2020_06_22_103104_change_recur_interval_default_to_one',	1),
(238,	'2020_07_09_174621_add_balance_field_to_contacts_table',	1),
(239,	'2020_07_23_104933_change_status_column_to_varchar_in_transaction_table',	1),
(240,	'2020_09_07_171059_change_completed_stock_transfer_status_to_final',	1),
(241,	'2020_09_21_123224_modify_booking_status_column_in_bookings_table',	1),
(242,	'2020_09_22_121639_create_discount_variations_table',	1),
(243,	'2020_10_05_121550_modify_business_location_table_for_invoice_layout',	1),
(244,	'2020_10_16_175726_set_status_as_received_for_opening_stock',	1),
(245,	'2020_10_23_170823_add_for_group_tax_column_to_tax_rates_table',	1),
(246,	'2020_11_04_130940_add_more_custom_fields_to_contacts_table',	1),
(247,	'2020_11_10_152841_add_cash_register_permissions',	1),
(248,	'2020_11_17_164041_modify_type_column_to_varchar_in_contacts_table',	1),
(249,	'2020_12_18_181447_add_shipping_custom_fields_to_transactions_table',	1),
(250,	'2020_12_22_164303_add_sub_status_column_to_transactions_table',	1),
(251,	'2020_12_24_153050_add_custom_fields_to_transactions_table',	1),
(252,	'2020_12_28_105403_add_whatsapp_text_column_to_notification_templates_table',	1),
(253,	'2020_12_29_165925_add_model_document_type_to_media_table',	1),
(254,	'2021_02_08_175632_add_contact_number_fields_to_users_table',	1),
(255,	'2021_02_11_172217_add_indexing_for_multiple_columns',	1),
(256,	'2021_02_23_122043_add_more_columns_to_customer_groups_table',	1),
(257,	'2021_02_24_175551_add_print_invoice_permission_to_all_roles',	1),
(258,	'2021_03_03_162021_add_purchase_order_columns_to_purchase_lines_and_transactions_table',	1),
(259,	'2021_03_11_120229_add_sales_order_columns',	1),
(260,	'2021_03_16_120705_add_business_id_to_activity_log_table',	1),
(261,	'2021_03_16_153427_add_code_columns_to_business_table',	1),
(262,	'2021_03_18_173308_add_account_details_column_to_accounts_table',	1),
(263,	'2021_03_18_183119_add_prefer_payment_account_columns_to_transactions_table',	1),
(264,	'2021_03_22_120810_add_more_types_of_service_custom_fields',	1),
(265,	'2021_03_24_183132_add_shipping_export_custom_field_details_to_contacts_table',	1),
(266,	'2021_03_25_170715_add_export_custom_fields_info_to_transactions_table',	1),
(267,	'2021_04_15_063449_add_denominations_column_to_cash_registers_table',	1),
(268,	'2021_05_22_083426_add_indexing_to_account_transactions_table',	1),
(269,	'2021_07_08_065808_add_additional_expense_columns_to_transaction_table',	1),
(270,	'2021_07_13_082918_add_qr_code_columns_to_invoice_layouts_table',	1),
(271,	'2021_07_21_061615_add_fields_to_show_commission_agent_in_invoice_layout',	1),
(272,	'2021_08_13_105549_add_crm_contact_id_to_users_table',	1),
(273,	'2021_08_25_114932_add_payment_link_fields_to_transaction_payments_table',	1),
(274,	'2021_09_01_063110_add_spg_column_to_discounts_table',	1),
(275,	'2021_09_03_061528_modify_cash_register_transactions_table',	1),
(276,	'2021_10_05_061658_add_source_column_to_transactions_table',	1),
(277,	'2020_08_18_123107_add_connector_module_version_to_system_table',	2),
(278,	'2018_10_01_151252_create_documents_table',	3),
(279,	'2018_10_02_151803_create_document_shares_table',	3),
(280,	'2018_10_09_134558_create_reminders_table',	3),
(281,	'2018_11_16_170756_create_to_dos_table',	3),
(282,	'2019_02_22_120329_essentials_messages',	3),
(283,	'2019_02_22_161513_add_message_permissions',	3),
(284,	'2019_03_29_164339_add_essentials_version_to_system_table',	3),
(285,	'2019_05_17_153306_create_essentials_leave_types_table',	3),
(286,	'2019_05_17_175921_create_essentials_leaves_table',	3),
(287,	'2019_05_21_154517_add_essentials_settings_columns_to_business_table',	3),
(288,	'2019_05_21_181653_create_table_essentials_attendance',	3),
(289,	'2019_05_30_110049_create_essentials_payrolls_table',	3),
(290,	'2019_06_04_105723_create_essentials_holidays_table',	3),
(291,	'2019_06_28_134217_add_payroll_columns_to_transactions_table',	3),
(292,	'2019_08_26_103520_add_approve_leave_permission',	3),
(293,	'2019_08_27_103724_create_essentials_allowance_and_deduction_table',	3),
(294,	'2019_08_27_105236_create_essentials_user_allowances_and_deductions',	3),
(295,	'2019_09_20_115906_add_more_columns_to_essentials_to_dos_table',	3),
(296,	'2019_09_23_120439_create_essentials_todo_comments_table',	3),
(297,	'2019_12_05_170724_add_hrm_columns_to_users_table',	3),
(298,	'2019_12_09_105809_add_allowance_and_deductions_permission',	3),
(299,	'2020_03_28_152838_create_essentials_shift_table',	3),
(300,	'2020_03_30_162029_create_user_shifts_table',	3),
(301,	'2020_03_31_134558_add_shift_id_to_attendance_table',	3),
(302,	'2019_07_15_114211_add_manufacturing_module_version_to_system_table',	4),
(303,	'2019_07_15_114403_create_mfg_recipes_table',	4),
(304,	'2019_07_18_180217_add_production_columns_to_transactions_table',	4),
(305,	'2019_07_26_110753_add_manufacturing_settings_column_to_business_table',	4),
(306,	'2019_07_26_170450_add_manufacturing_permissions',	4),
(307,	'2019_08_08_110035_create_mfg_recipe_ingredients_table',	4),
(308,	'2019_08_08_172837_add_recipe_add_edit_permissions',	4),
(309,	'2019_08_12_114610_add_ingredient_waste_percent_columns',	4),
(310,	'2019_11_05_115136_create_ingredient_groups_table',	4),
(311,	'2020_02_22_120303_add_column_to_mfg_recipe_ingredients_table',	4),
(312,	'2020_08_19_103831_add_production_cost_type_to_recipe_and_transaction_table',	4),
(313,	'2020_09_29_184909_add_product_catalogue_version',	5),
(314,	'2019_11_12_163135_create_projects_table',	6),
(315,	'2019_11_12_164431_create_project_members_table',	6),
(316,	'2019_11_14_112230_create_project_tasks_table',	6),
(317,	'2019_11_14_112258_create_project_task_members_table',	6),
(318,	'2019_11_18_154617_create_project_task_comments_table',	6),
(319,	'2019_11_19_134807_create_project_time_logs_table',	6),
(320,	'2019_12_11_102549_add_more_fields_in_transactions_table',	6),
(321,	'2019_12_11_102735_create_invoice_lines_table',	6),
(322,	'2020_01_07_172852_add_project_permissions',	6),
(323,	'2020_01_08_115422_add_project_module_version_to_system_table',	6),
(324,	'2020_07_10_114514_set_location_id_on_existing_invoice',	6),
(325,	'2019_03_07_155813_make_repair_statuses_table',	7),
(326,	'2019_03_08_120634_add_repair_columns_to_transactions_table',	7),
(327,	'2019_03_14_182704_add_repair_permissions',	7),
(328,	'2019_03_29_110241_add_repair_version_column_to_system_table',	7),
(329,	'2019_04_12_113901_add_repair_settings_column_to_business_table',	7),
(330,	'2020_05_05_125008_create_device_models_table',	7),
(331,	'2020_05_06_103135_add_repair_model_id_column_to_products_table',	7),
(332,	'2020_07_11_120308_add_columns_to_repair_statuses_table',	7),
(333,	'2020_07_31_130737_create_job_sheets_table',	7),
(334,	'2020_08_07_124241_add_job_sheet_id_to_transactions_table',	7),
(335,	'2020_08_22_104640_add_email_template_field_to_repair_status_table',	7),
(336,	'2020_10_19_131934_add_job_sheet_custom_fields_to_repair_job_sheets_table',	7),
(337,	'2018_06_27_185405_create_packages_table',	8),
(338,	'2018_06_28_182803_create_subscriptions_table',	8),
(339,	'2018_07_17_182021_add_rows_to_system_table',	8),
(340,	'2018_07_19_131721_add_options_to_packages_table',	8),
(341,	'2018_08_17_155534_add_min_termination_alert_days',	8),
(342,	'2018_08_28_105945_add_business_based_username_settings_to_system_table',	8),
(343,	'2018_08_30_105906_add_superadmin_communicator_logs_table',	8),
(344,	'2018_11_02_130636_add_custom_permissions_to_packages_table',	8),
(345,	'2018_11_05_161848_add_more_fields_to_packages_table',	8),
(346,	'2018_12_10_124621_modify_system_table_values_null_default',	8),
(347,	'2019_05_10_135434_add_missing_database_column_indexes',	8),
(348,	'2019_08_16_115300_create_superadmin_frontend_pages_table',	8),
(349,	'2018_10_10_110400_add_module_version_to_system_table',	9),
(350,	'2018_10_10_122845_add_woocommerce_api_settings_to_business_table',	9),
(351,	'2018_10_10_162041_add_woocommerce_category_id_to_categories_table',	9),
(352,	'2018_10_11_173839_create_woocommerce_sync_logs_table',	9),
(353,	'2018_10_16_123522_add_woocommerce_tax_rate_id_column_to_tax_rates_table',	9),
(354,	'2018_10_23_111555_add_woocommerce_attr_id_column_to_variation_templates_table',	9),
(355,	'2018_12_03_163945_add_woocommerce_permissions',	9),
(356,	'2019_02_18_154414_change_woocommerce_sync_logs_table',	9),
(357,	'2019_04_19_174129_add_disable_woocommerce_sync_column_to_products_table',	9),
(358,	'2019_06_08_132440_add_woocommerce_wh_oc_secret_column_to_business_table',	9),
(359,	'2019_10_01_171828_add_woocommerce_media_id_columns',	9);

DROP TABLE IF EXISTS `model_has_permissions`;
CREATE TABLE `model_has_permissions` (
  `permission_id` int(10) unsigned NOT NULL,
  `model_type` varchar(191) NOT NULL,
  `model_id` bigint(20) unsigned NOT NULL,
  PRIMARY KEY (`permission_id`,`model_id`,`model_type`),
  KEY `model_has_permissions_model_type_model_id_index` (`model_type`,`model_id`),
  CONSTRAINT `model_has_permissions_permission_id_foreign` FOREIGN KEY (`permission_id`) REFERENCES `permissions` (`id`) ON DELETE CASCADE
) ENGINE=InnoDB DEFAULT CHARSET=utf8mb4 COLLATE=utf8mb4_unicode_ci;

INSERT INTO `model_has_permissions` (`permission_id`, `model_type`, `model_id`) VALUES
(80,	'App\\User',	1),
(80,	'App\\User',	2),
(80,	'App\\User',	23);

DROP TABLE IF EXISTS `model_has_roles`;
CREATE TABLE `model_has_roles` (
  `role_id` int(10) unsigned NOT NULL,
  `model_type` varchar(191) NOT NULL,
  `model_id` bigint(20) unsigned NOT NULL,
  PRIMARY KEY (`role_id`,`model_id`,`model_type`),
  KEY `model_has_roles_model_type_model_id_index` (`model_type`,`model_id`),
  CONSTRAINT `model_has_roles_role_id_foreign` FOREIGN KEY (`role_id`) REFERENCES `roles` (`id`) ON DELETE CASCADE
) ENGINE=InnoDB DEFAULT CHARSET=utf8mb4 COLLATE=utf8mb4_unicode_ci;

INSERT INTO `model_has_roles` (`role_id`, `model_type`, `model_id`) VALUES
(1,	'App\\User',	1),
(1,	'App\\User',	23),
(2,	'App\\User',	2),
(3,	'App\\User',	3),
(5,	'App\\User',	4),
(7,	'App\\User',	5),
(9,	'App\\User',	6),
(11,	'App\\User',	7),
(13,	'App\\User',	8),
(15,	'App\\User',	9),
(17,	'App\\User',	22);

DROP TABLE IF EXISTS `notifications`;
CREATE TABLE `notifications` (
  `id` char(36) NOT NULL,
  `type` varchar(191) NOT NULL,
  `notifiable_type` varchar(191) NOT NULL,
  `notifiable_id` bigint(20) unsigned NOT NULL,
  `data` text NOT NULL,
  `read_at` timestamp NULL DEFAULT NULL,
  `created_at` timestamp NULL DEFAULT NULL,
  `updated_at` timestamp NULL DEFAULT NULL,
  PRIMARY KEY (`id`),
  KEY `notifications_notifiable_type_notifiable_id_index` (`notifiable_type`,`notifiable_id`)
) ENGINE=InnoDB DEFAULT CHARSET=utf8mb4 COLLATE=utf8mb4_unicode_ci;


DROP TABLE IF EXISTS `notification_templates`;
CREATE TABLE `notification_templates` (
  `id` int(10) unsigned NOT NULL AUTO_INCREMENT,
  `business_id` int(11) NOT NULL,
  `template_for` varchar(191) NOT NULL,
  `email_body` text DEFAULT NULL,
  `sms_body` text DEFAULT NULL,
  `whatsapp_text` text DEFAULT NULL,
  `subject` varchar(191) DEFAULT NULL,
  `cc` varchar(191) DEFAULT NULL,
  `bcc` varchar(191) DEFAULT NULL,
  `auto_send` tinyint(1) NOT NULL DEFAULT 0,
  `auto_send_sms` tinyint(1) NOT NULL DEFAULT 0,
  `auto_send_wa_notif` tinyint(1) NOT NULL DEFAULT 0,
  `created_at` timestamp NULL DEFAULT NULL,
  `updated_at` timestamp NULL DEFAULT NULL,
  PRIMARY KEY (`id`)
) ENGINE=InnoDB DEFAULT CHARSET=utf8mb4 COLLATE=utf8mb4_unicode_ci;

INSERT INTO `notification_templates` (`id`, `business_id`, `template_for`, `email_body`, `sms_body`, `whatsapp_text`, `subject`, `cc`, `bcc`, `auto_send`, `auto_send_sms`, `auto_send_wa_notif`, `created_at`, `updated_at`) VALUES
(1,	1,	'new_sale',	'<p>Dear {contact_name},</p>\n\n                    <p>Your invoice number is {invoice_number}<br />\n                    Total amount: {total_amount}<br />\n                    Paid amount: {received_amount}</p>\n\n                    <p>Thank you for shopping with us.</p>\n\n                    <p>{business_logo}</p>\n\n                    <p>&nbsp;</p>',	'Dear {contact_name}, Thank you for shopping with us. {business_name}',	NULL,	'Thank you from {business_name}',	NULL,	NULL,	0,	0,	0,	'2021-12-22 07:32:36',	'2021-12-22 07:32:36'),
(2,	1,	'payment_received',	'<p>Dear {contact_name},</p>\n\n                <p>We have received a payment of {received_amount}</p>\n\n                <p>{business_logo}</p>',	'Dear {contact_name}, We have received a payment of {received_amount}. {business_name}',	NULL,	'Payment Received, from {business_name}',	NULL,	NULL,	0,	0,	0,	'2021-12-22 07:32:36',	'2021-12-22 07:32:36'),
(3,	1,	'payment_reminder',	'<p>Dear {contact_name},</p>\n\n                    <p>This is to remind you that you have pending payment of {due_amount}. Kindly pay it as soon as possible.</p>\n\n                    <p>{business_logo}</p>',	'Dear {contact_name}, You have pending payment of {due_amount}. Kindly pay it as soon as possible. {business_name}',	NULL,	'Payment Reminder, from {business_name}',	NULL,	NULL,	0,	0,	0,	'2021-12-22 07:32:36',	'2021-12-22 07:32:36'),
(4,	1,	'new_booking',	'<p>Dear {contact_name},</p>\n\n                    <p>Your booking is confirmed</p>\n\n                    <p>Date: {start_time} to {end_time}</p>\n\n                    <p>Table: {table}</p>\n\n                    <p>Location: {location}</p>\n\n                    <p>{business_logo}</p>',	'Dear {contact_name}, Your booking is confirmed. Date: {start_time} to {end_time}, Table: {table}, Location: {location}',	NULL,	'Booking Confirmed - {business_name}',	NULL,	NULL,	0,	0,	0,	'2021-12-22 07:32:36',	'2021-12-22 07:32:36'),
(5,	1,	'new_order',	'<p>Dear {contact_name},</p>\n\n                    <p>We have a new order with reference number {order_ref_number}. Kindly process the products as soon as possible.</p>\n\n                    <p>{business_name}<br />\n                    {business_logo}</p>',	'Dear {contact_name}, We have a new order with reference number {order_ref_number}. Kindly process the products as soon as possible. {business_name}',	NULL,	'New Order, from {business_name}',	NULL,	NULL,	0,	0,	0,	'2021-12-22 07:32:36',	'2021-12-22 07:32:36'),
(6,	1,	'payment_paid',	'<p>Dear {contact_name},</p>\n\n                    <p>We have paid amount {paid_amount} again invoice number {order_ref_number}.<br />\n                    Kindly note it down.</p>\n\n                    <p>{business_name}<br />\n                    {business_logo}</p>',	'We have paid amount {paid_amount} again invoice number {order_ref_number}.\n                    Kindly note it down. {business_name}',	NULL,	'Payment Paid, from {business_name}',	NULL,	NULL,	0,	0,	0,	'2021-12-22 07:32:36',	'2021-12-22 07:32:36'),
(7,	1,	'items_received',	'<p>Dear {contact_name},</p>\n\n                    <p>We have received all items from invoice reference number {order_ref_number}. Thank you for processing it.</p>\n\n                    <p>{business_name}<br />\n                    {business_logo}</p>',	'We have received all items from invoice reference number {order_ref_number}. Thank you for processing it. {business_name}',	NULL,	'Items received, from {business_name}',	NULL,	NULL,	0,	0,	0,	'2021-12-22 07:32:36',	'2021-12-22 07:32:36'),
(8,	1,	'items_pending',	'<p>Dear {contact_name},<br />\n                    This is to remind you that we have not yet received some items from invoice reference number {order_ref_number}. Please process it as soon as possible.</p>\n\n                    <p>{business_name}<br />\n                    {business_logo}</p>',	'This is to remind you that we have not yet received some items from invoice reference number {order_ref_number} . Please process it as soon as possible.{business_name}',	NULL,	'Items Pending, from {business_name}',	NULL,	NULL,	0,	0,	0,	'2021-12-22 07:32:36',	'2021-12-22 07:32:36'),
(9,	1,	'new_quotation',	'<p>Dear {contact_name},</p>\n\n                    <p>Your quotation number is {invoice_number}<br />\n                    Total amount: {total_amount}</p>\n\n                    <p>Thank you for shopping with us.</p>\n\n                    <p>{business_logo}</p>\n\n                    <p>&nbsp;</p>',	'Dear {contact_name}, Thank you for shopping with us. {business_name}',	NULL,	'Thank you from {business_name}',	NULL,	NULL,	0,	0,	0,	'2021-12-22 07:32:36',	'2021-12-22 07:32:36'),
(10,	2,	'new_sale',	'<p>Dear {contact_name},</p>\n\n                    <p>Your invoice number is {invoice_number}<br />\n                    Total amount: {total_amount}<br />\n                    Paid amount: {received_amount}</p>\n\n                    <p>Thank you for shopping with us.</p>\n\n                    <p>{business_logo}</p>\n\n                    <p>&nbsp;</p>',	'Dear {contact_name}, Thank you for shopping with us. {business_name}',	NULL,	'Thank you from {business_name}',	NULL,	NULL,	0,	0,	0,	'2022-10-13 04:03:11',	'2022-10-13 04:03:11'),
(11,	2,	'payment_received',	'<p>Dear {contact_name},</p>\n\n                <p>We have received a payment of {received_amount}</p>\n\n                <p>{business_logo}</p>',	'Dear {contact_name}, We have received a payment of {received_amount}. {business_name}',	NULL,	'Payment Received, from {business_name}',	NULL,	NULL,	0,	0,	0,	'2022-10-13 04:03:11',	'2022-10-13 04:03:11'),
(12,	2,	'payment_reminder',	'<p>Dear {contact_name},</p>\n\n                    <p>This is to remind you that you have pending payment of {due_amount}. Kindly pay it as soon as possible.</p>\n\n                    <p>{business_logo}</p>',	'Dear {contact_name}, You have pending payment of {due_amount}. Kindly pay it as soon as possible. {business_name}',	NULL,	'Payment Reminder, from {business_name}',	NULL,	NULL,	0,	0,	0,	'2022-10-13 04:03:11',	'2022-10-13 04:03:11'),
(13,	2,	'new_booking',	'<p>Dear {contact_name},</p>\n\n                    <p>Your booking is confirmed</p>\n\n                    <p>Date: {start_time} to {end_time}</p>\n\n                    <p>Table: {table}</p>\n\n                    <p>Location: {location}</p>\n\n                    <p>{business_logo}</p>',	'Dear {contact_name}, Your booking is confirmed. Date: {start_time} to {end_time}, Table: {table}, Location: {location}',	NULL,	'Booking Confirmed - {business_name}',	NULL,	NULL,	0,	0,	0,	'2022-10-13 04:03:11',	'2022-10-13 04:03:11'),
(14,	2,	'new_order',	'<p>Dear {contact_name},</p>\n\n                    <p>We have a new order with reference number {order_ref_number}. Kindly process the products as soon as possible.</p>\n\n                    <p>{business_name}<br />\n                    {business_logo}</p>',	'Dear {contact_name}, We have a new order with reference number {order_ref_number}. Kindly process the products as soon as possible. {business_name}',	NULL,	'New Order, from {business_name}',	NULL,	NULL,	0,	0,	0,	'2022-10-13 04:03:11',	'2022-10-13 04:03:11'),
(15,	2,	'payment_paid',	'<p>Dear {contact_name},</p>\n\n                    <p>We have paid amount {paid_amount} again invoice number {order_ref_number}.<br />\n                    Kindly note it down.</p>\n\n                    <p>{business_name}<br />\n                    {business_logo}</p>',	'We have paid amount {paid_amount} again invoice number {order_ref_number}.\n                    Kindly note it down. {business_name}',	NULL,	'Payment Paid, from {business_name}',	NULL,	NULL,	0,	0,	0,	'2022-10-13 04:03:11',	'2022-10-13 04:03:11'),
(16,	2,	'items_received',	'<p>Dear {contact_name},</p>\n\n                    <p>We have received all items from invoice reference number {order_ref_number}. Thank you for processing it.</p>\n\n                    <p>{business_name}<br />\n                    {business_logo}</p>',	'We have received all items from invoice reference number {order_ref_number}. Thank you for processing it. {business_name}',	NULL,	'Items received, from {business_name}',	NULL,	NULL,	0,	0,	0,	'2022-10-13 04:03:11',	'2022-10-13 04:03:11'),
(17,	2,	'items_pending',	'<p>Dear {contact_name},<br />\n                    This is to remind you that we have not yet received some items from invoice reference number {order_ref_number}. Please process it as soon as possible.</p>\n\n                    <p>{business_name}<br />\n                    {business_logo}</p>',	'This is to remind you that we have not yet received some items from invoice reference number {order_ref_number} . Please process it as soon as possible.{business_name}',	NULL,	'Items Pending, from {business_name}',	NULL,	NULL,	0,	0,	0,	'2022-10-13 04:03:11',	'2022-10-13 04:03:11'),
(18,	2,	'new_quotation',	'<p>Dear {contact_name},</p>\n\n                    <p>Your quotation number is {invoice_number}<br />\n                    Total amount: {total_amount}</p>\n\n                    <p>Thank you for shopping with us.</p>\n\n                    <p>{business_logo}</p>\n\n                    <p>&nbsp;</p>',	'Dear {contact_name}, Thank you for shopping with us. {business_name}',	NULL,	'Thank you from {business_name}',	NULL,	NULL,	0,	0,	0,	'2022-10-13 04:03:11',	'2022-10-13 04:03:11'),
(19,	3,	'new_sale',	'<p>Dear {contact_name},</p>\n\n                    <p>Your invoice number is {invoice_number}<br />\n                    Total amount: {total_amount}<br />\n                    Paid amount: {received_amount}</p>\n\n                    <p>Thank you for shopping with us.</p>\n\n                    <p>{business_logo}</p>\n\n                    <p>&nbsp;</p>',	'Dear {contact_name}, Thank you for shopping with us. {business_name}',	NULL,	'Thank you from {business_name}',	NULL,	NULL,	0,	0,	0,	'2022-10-14 21:41:02',	'2022-10-14 21:41:02'),
(20,	3,	'payment_received',	'<p>Dear {contact_name},</p>\n\n                <p>We have received a payment of {received_amount}</p>\n\n                <p>{business_logo}</p>',	'Dear {contact_name}, We have received a payment of {received_amount}. {business_name}',	NULL,	'Payment Received, from {business_name}',	NULL,	NULL,	0,	0,	0,	'2022-10-14 21:41:02',	'2022-10-14 21:41:02'),
(21,	3,	'payment_reminder',	'<p>Dear {contact_name},</p>\n\n                    <p>This is to remind you that you have pending payment of {due_amount}. Kindly pay it as soon as possible.</p>\n\n                    <p>{business_logo}</p>',	'Dear {contact_name}, You have pending payment of {due_amount}. Kindly pay it as soon as possible. {business_name}',	NULL,	'Payment Reminder, from {business_name}',	NULL,	NULL,	0,	0,	0,	'2022-10-14 21:41:02',	'2022-10-14 21:41:02'),
(22,	3,	'new_booking',	'<p>Dear {contact_name},</p>\n\n                    <p>Your booking is confirmed</p>\n\n                    <p>Date: {start_time} to {end_time}</p>\n\n                    <p>Table: {table}</p>\n\n                    <p>Location: {location}</p>\n\n                    <p>{business_logo}</p>',	'Dear {contact_name}, Your booking is confirmed. Date: {start_time} to {end_time}, Table: {table}, Location: {location}',	NULL,	'Booking Confirmed - {business_name}',	NULL,	NULL,	0,	0,	0,	'2022-10-14 21:41:02',	'2022-10-14 21:41:02'),
(23,	3,	'new_order',	'<p>Dear {contact_name},</p>\n\n                    <p>We have a new order with reference number {order_ref_number}. Kindly process the products as soon as possible.</p>\n\n                    <p>{business_name}<br />\n                    {business_logo}</p>',	'Dear {contact_name}, We have a new order with reference number {order_ref_number}. Kindly process the products as soon as possible. {business_name}',	NULL,	'New Order, from {business_name}',	NULL,	NULL,	0,	0,	0,	'2022-10-14 21:41:02',	'2022-10-14 21:41:02'),
(24,	3,	'payment_paid',	'<p>Dear {contact_name},</p>\n\n                    <p>We have paid amount {paid_amount} again invoice number {order_ref_number}.<br />\n                    Kindly note it down.</p>\n\n                    <p>{business_name}<br />\n                    {business_logo}</p>',	'We have paid amount {paid_amount} again invoice number {order_ref_number}.\n                    Kindly note it down. {business_name}',	NULL,	'Payment Paid, from {business_name}',	NULL,	NULL,	0,	0,	0,	'2022-10-14 21:41:02',	'2022-10-14 21:41:02'),
(25,	3,	'items_received',	'<p>Dear {contact_name},</p>\n\n                    <p>We have received all items from invoice reference number {order_ref_number}. Thank you for processing it.</p>\n\n                    <p>{business_name}<br />\n                    {business_logo}</p>',	'We have received all items from invoice reference number {order_ref_number}. Thank you for processing it. {business_name}',	NULL,	'Items received, from {business_name}',	NULL,	NULL,	0,	0,	0,	'2022-10-14 21:41:02',	'2022-10-14 21:41:02'),
(26,	3,	'items_pending',	'<p>Dear {contact_name},<br />\n                    This is to remind you that we have not yet received some items from invoice reference number {order_ref_number}. Please process it as soon as possible.</p>\n\n                    <p>{business_name}<br />\n                    {business_logo}</p>',	'This is to remind you that we have not yet received some items from invoice reference number {order_ref_number} . Please process it as soon as possible.{business_name}',	NULL,	'Items Pending, from {business_name}',	NULL,	NULL,	0,	0,	0,	'2022-10-14 21:41:02',	'2022-10-14 21:41:02'),
(27,	3,	'new_quotation',	'<p>Dear {contact_name},</p>\n\n                    <p>Your quotation number is {invoice_number}<br />\n                    Total amount: {total_amount}</p>\n\n                    <p>Thank you for shopping with us.</p>\n\n                    <p>{business_logo}</p>\n\n                    <p>&nbsp;</p>',	'Dear {contact_name}, Thank you for shopping with us. {business_name}',	NULL,	'Thank you from {business_name}',	NULL,	NULL,	0,	0,	0,	'2022-10-14 21:41:02',	'2022-10-14 21:41:02'),
(28,	4,	'new_sale',	'<p>Dear {contact_name},</p>\n\n                    <p>Your invoice number is {invoice_number}<br />\n                    Total amount: {total_amount}<br />\n                    Paid amount: {received_amount}</p>\n\n                    <p>Thank you for shopping with us.</p>\n\n                    <p>{business_logo}</p>\n\n                    <p>&nbsp;</p>',	'Dear {contact_name}, Thank you for shopping with us. {business_name}',	NULL,	'Thank you from {business_name}',	NULL,	NULL,	0,	0,	0,	'2022-10-19 07:56:23',	'2022-10-19 07:56:23'),
(29,	4,	'payment_received',	'<p>Dear {contact_name},</p>\n\n                <p>We have received a payment of {received_amount}</p>\n\n                <p>{business_logo}</p>',	'Dear {contact_name}, We have received a payment of {received_amount}. {business_name}',	NULL,	'Payment Received, from {business_name}',	NULL,	NULL,	0,	0,	0,	'2022-10-19 07:56:23',	'2022-10-19 07:56:23'),
(30,	4,	'payment_reminder',	'<p>Dear {contact_name},</p>\n\n                    <p>This is to remind you that you have pending payment of {due_amount}. Kindly pay it as soon as possible.</p>\n\n                    <p>{business_logo}</p>',	'Dear {contact_name}, You have pending payment of {due_amount}. Kindly pay it as soon as possible. {business_name}',	NULL,	'Payment Reminder, from {business_name}',	NULL,	NULL,	0,	0,	0,	'2022-10-19 07:56:23',	'2022-10-19 07:56:23'),
(31,	4,	'new_booking',	'<p>Dear {contact_name},</p>\n\n                    <p>Your booking is confirmed</p>\n\n                    <p>Date: {start_time} to {end_time}</p>\n\n                    <p>Table: {table}</p>\n\n                    <p>Location: {location}</p>\n\n                    <p>{business_logo}</p>',	'Dear {contact_name}, Your booking is confirmed. Date: {start_time} to {end_time}, Table: {table}, Location: {location}',	NULL,	'Booking Confirmed - {business_name}',	NULL,	NULL,	0,	0,	0,	'2022-10-19 07:56:23',	'2022-10-19 07:56:23'),
(32,	4,	'new_order',	'<p>Dear {contact_name},</p>\n\n                    <p>We have a new order with reference number {order_ref_number}. Kindly process the products as soon as possible.</p>\n\n                    <p>{business_name}<br />\n                    {business_logo}</p>',	'Dear {contact_name}, We have a new order with reference number {order_ref_number}. Kindly process the products as soon as possible. {business_name}',	NULL,	'New Order, from {business_name}',	NULL,	NULL,	0,	0,	0,	'2022-10-19 07:56:23',	'2022-10-19 07:56:23'),
(33,	4,	'payment_paid',	'<p>Dear {contact_name},</p>\n\n                    <p>We have paid amount {paid_amount} again invoice number {order_ref_number}.<br />\n                    Kindly note it down.</p>\n\n                    <p>{business_name}<br />\n                    {business_logo}</p>',	'We have paid amount {paid_amount} again invoice number {order_ref_number}.\n                    Kindly note it down. {business_name}',	NULL,	'Payment Paid, from {business_name}',	NULL,	NULL,	0,	0,	0,	'2022-10-19 07:56:23',	'2022-10-19 07:56:23'),
(34,	4,	'items_received',	'<p>Dear {contact_name},</p>\n\n                    <p>We have received all items from invoice reference number {order_ref_number}. Thank you for processing it.</p>\n\n                    <p>{business_name}<br />\n                    {business_logo}</p>',	'We have received all items from invoice reference number {order_ref_number}. Thank you for processing it. {business_name}',	NULL,	'Items received, from {business_name}',	NULL,	NULL,	0,	0,	0,	'2022-10-19 07:56:23',	'2022-10-19 07:56:23'),
(35,	4,	'items_pending',	'<p>Dear {contact_name},<br />\n                    This is to remind you that we have not yet received some items from invoice reference number {order_ref_number}. Please process it as soon as possible.</p>\n\n                    <p>{business_name}<br />\n                    {business_logo}</p>',	'This is to remind you that we have not yet received some items from invoice reference number {order_ref_number} . Please process it as soon as possible.{business_name}',	NULL,	'Items Pending, from {business_name}',	NULL,	NULL,	0,	0,	0,	'2022-10-19 07:56:23',	'2022-10-19 07:56:23'),
(36,	4,	'new_quotation',	'<p>Dear {contact_name},</p>\n\n                    <p>Your quotation number is {invoice_number}<br />\n                    Total amount: {total_amount}</p>\n\n                    <p>Thank you for shopping with us.</p>\n\n                    <p>{business_logo}</p>\n\n                    <p>&nbsp;</p>',	'Dear {contact_name}, Thank you for shopping with us. {business_name}',	NULL,	'Thank you from {business_name}',	NULL,	NULL,	0,	0,	0,	'2022-10-19 07:56:23',	'2022-10-19 07:56:23'),
(37,	5,	'new_sale',	'<p>Dear {contact_name},</p>\n\n                    <p>Your invoice number is {invoice_number}<br />\n                    Total amount: {total_amount}<br />\n                    Paid amount: {received_amount}</p>\n\n                    <p>Thank you for shopping with us.</p>\n\n                    <p>{business_logo}</p>\n\n                    <p>&nbsp;</p>',	'Dear {contact_name}, Thank you for shopping with us. {business_name}',	NULL,	'Thank you from {business_name}',	NULL,	NULL,	0,	0,	0,	'2022-10-20 05:22:26',	'2022-10-20 05:22:26'),
(38,	5,	'payment_received',	'<p>Dear {contact_name},</p>\n\n                <p>We have received a payment of {received_amount}</p>\n\n                <p>{business_logo}</p>',	'Dear {contact_name}, We have received a payment of {received_amount}. {business_name}',	NULL,	'Payment Received, from {business_name}',	NULL,	NULL,	0,	0,	0,	'2022-10-20 05:22:26',	'2022-10-20 05:22:26'),
(39,	5,	'payment_reminder',	'<p>Dear {contact_name},</p>\n\n                    <p>This is to remind you that you have pending payment of {due_amount}. Kindly pay it as soon as possible.</p>\n\n                    <p>{business_logo}</p>',	'Dear {contact_name}, You have pending payment of {due_amount}. Kindly pay it as soon as possible. {business_name}',	NULL,	'Payment Reminder, from {business_name}',	NULL,	NULL,	0,	0,	0,	'2022-10-20 05:22:26',	'2022-10-20 05:22:26'),
(40,	5,	'new_booking',	'<p>Dear {contact_name},</p>\n\n                    <p>Your booking is confirmed</p>\n\n                    <p>Date: {start_time} to {end_time}</p>\n\n                    <p>Table: {table}</p>\n\n                    <p>Location: {location}</p>\n\n                    <p>{business_logo}</p>',	'Dear {contact_name}, Your booking is confirmed. Date: {start_time} to {end_time}, Table: {table}, Location: {location}',	NULL,	'Booking Confirmed - {business_name}',	NULL,	NULL,	0,	0,	0,	'2022-10-20 05:22:26',	'2022-10-20 05:22:26'),
(41,	5,	'new_order',	'<p>Dear {contact_name},</p>\n\n                    <p>We have a new order with reference number {order_ref_number}. Kindly process the products as soon as possible.</p>\n\n                    <p>{business_name}<br />\n                    {business_logo}</p>',	'Dear {contact_name}, We have a new order with reference number {order_ref_number}. Kindly process the products as soon as possible. {business_name}',	NULL,	'New Order, from {business_name}',	NULL,	NULL,	0,	0,	0,	'2022-10-20 05:22:26',	'2022-10-20 05:22:26'),
(42,	5,	'payment_paid',	'<p>Dear {contact_name},</p>\n\n                    <p>We have paid amount {paid_amount} again invoice number {order_ref_number}.<br />\n                    Kindly note it down.</p>\n\n                    <p>{business_name}<br />\n                    {business_logo}</p>',	'We have paid amount {paid_amount} again invoice number {order_ref_number}.\n                    Kindly note it down. {business_name}',	NULL,	'Payment Paid, from {business_name}',	NULL,	NULL,	0,	0,	0,	'2022-10-20 05:22:26',	'2022-10-20 05:22:26'),
(43,	5,	'items_received',	'<p>Dear {contact_name},</p>\n\n                    <p>We have received all items from invoice reference number {order_ref_number}. Thank you for processing it.</p>\n\n                    <p>{business_name}<br />\n                    {business_logo}</p>',	'We have received all items from invoice reference number {order_ref_number}. Thank you for processing it. {business_name}',	NULL,	'Items received, from {business_name}',	NULL,	NULL,	0,	0,	0,	'2022-10-20 05:22:26',	'2022-10-20 05:22:26'),
(44,	5,	'items_pending',	'<p>Dear {contact_name},<br />\n                    This is to remind you that we have not yet received some items from invoice reference number {order_ref_number}. Please process it as soon as possible.</p>\n\n                    <p>{business_name}<br />\n                    {business_logo}</p>',	'This is to remind you that we have not yet received some items from invoice reference number {order_ref_number} . Please process it as soon as possible.{business_name}',	NULL,	'Items Pending, from {business_name}',	NULL,	NULL,	0,	0,	0,	'2022-10-20 05:22:26',	'2022-10-20 05:22:26'),
(45,	5,	'new_quotation',	'<p>Dear {contact_name},</p>\n\n                    <p>Your quotation number is {invoice_number}<br />\n                    Total amount: {total_amount}</p>\n\n                    <p>Thank you for shopping with us.</p>\n\n                    <p>{business_logo}</p>\n\n                    <p>&nbsp;</p>',	'Dear {contact_name}, Thank you for shopping with us. {business_name}',	NULL,	'Thank you from {business_name}',	NULL,	NULL,	0,	0,	0,	'2022-10-20 05:22:26',	'2022-10-20 05:22:26'),
(46,	6,	'new_sale',	'<p>Dear {contact_name},</p>\n\n                    <p>Your invoice number is {invoice_number}<br />\n                    Total amount: {total_amount}<br />\n                    Paid amount: {received_amount}</p>\n\n                    <p>Thank you for shopping with us.</p>\n\n                    <p>{business_logo}</p>\n\n                    <p>&nbsp;</p>',	'Dear {contact_name}, Thank you for shopping with us. {business_name}',	NULL,	'Thank you from {business_name}',	NULL,	NULL,	0,	0,	0,	'2022-10-24 04:07:34',	'2022-10-24 04:07:34'),
(47,	6,	'payment_received',	'<p>Dear {contact_name},</p>\n\n                <p>We have received a payment of {received_amount}</p>\n\n                <p>{business_logo}</p>',	'Dear {contact_name}, We have received a payment of {received_amount}. {business_name}',	NULL,	'Payment Received, from {business_name}',	NULL,	NULL,	0,	0,	0,	'2022-10-24 04:07:34',	'2022-10-24 04:07:34'),
(48,	6,	'payment_reminder',	'<p>Dear {contact_name},</p>\n\n                    <p>This is to remind you that you have pending payment of {due_amount}. Kindly pay it as soon as possible.</p>\n\n                    <p>{business_logo}</p>',	'Dear {contact_name}, You have pending payment of {due_amount}. Kindly pay it as soon as possible. {business_name}',	NULL,	'Payment Reminder, from {business_name}',	NULL,	NULL,	0,	0,	0,	'2022-10-24 04:07:34',	'2022-10-24 04:07:34'),
(49,	6,	'new_booking',	'<p>Dear {contact_name},</p>\n\n                    <p>Your booking is confirmed</p>\n\n                    <p>Date: {start_time} to {end_time}</p>\n\n                    <p>Table: {table}</p>\n\n                    <p>Location: {location}</p>\n\n                    <p>{business_logo}</p>',	'Dear {contact_name}, Your booking is confirmed. Date: {start_time} to {end_time}, Table: {table}, Location: {location}',	NULL,	'Booking Confirmed - {business_name}',	NULL,	NULL,	0,	0,	0,	'2022-10-24 04:07:34',	'2022-10-24 04:07:34'),
(50,	6,	'new_order',	'<p>Dear {contact_name},</p>\n\n                    <p>We have a new order with reference number {order_ref_number}. Kindly process the products as soon as possible.</p>\n\n                    <p>{business_name}<br />\n                    {business_logo}</p>',	'Dear {contact_name}, We have a new order with reference number {order_ref_number}. Kindly process the products as soon as possible. {business_name}',	NULL,	'New Order, from {business_name}',	NULL,	NULL,	0,	0,	0,	'2022-10-24 04:07:34',	'2022-10-24 04:07:34'),
(51,	6,	'payment_paid',	'<p>Dear {contact_name},</p>\n\n                    <p>We have paid amount {paid_amount} again invoice number {order_ref_number}.<br />\n                    Kindly note it down.</p>\n\n                    <p>{business_name}<br />\n                    {business_logo}</p>',	'We have paid amount {paid_amount} again invoice number {order_ref_number}.\n                    Kindly note it down. {business_name}',	NULL,	'Payment Paid, from {business_name}',	NULL,	NULL,	0,	0,	0,	'2022-10-24 04:07:34',	'2022-10-24 04:07:34'),
(52,	6,	'items_received',	'<p>Dear {contact_name},</p>\n\n                    <p>We have received all items from invoice reference number {order_ref_number}. Thank you for processing it.</p>\n\n                    <p>{business_name}<br />\n                    {business_logo}</p>',	'We have received all items from invoice reference number {order_ref_number}. Thank you for processing it. {business_name}',	NULL,	'Items received, from {business_name}',	NULL,	NULL,	0,	0,	0,	'2022-10-24 04:07:34',	'2022-10-24 04:07:34'),
(53,	6,	'items_pending',	'<p>Dear {contact_name},<br />\n                    This is to remind you that we have not yet received some items from invoice reference number {order_ref_number}. Please process it as soon as possible.</p>\n\n                    <p>{business_name}<br />\n                    {business_logo}</p>',	'This is to remind you that we have not yet received some items from invoice reference number {order_ref_number} . Please process it as soon as possible.{business_name}',	NULL,	'Items Pending, from {business_name}',	NULL,	NULL,	0,	0,	0,	'2022-10-24 04:07:34',	'2022-10-24 04:07:34'),
(54,	6,	'new_quotation',	'<p>Dear {contact_name},</p>\n\n                    <p>Your quotation number is {invoice_number}<br />\n                    Total amount: {total_amount}</p>\n\n                    <p>Thank you for shopping with us.</p>\n\n                    <p>{business_logo}</p>\n\n                    <p>&nbsp;</p>',	'Dear {contact_name}, Thank you for shopping with us. {business_name}',	NULL,	'Thank you from {business_name}',	NULL,	NULL,	0,	0,	0,	'2022-10-24 04:07:34',	'2022-10-24 04:07:34'),
(55,	7,	'new_sale',	'<p>Dear {contact_name},</p>\n\n                    <p>Your invoice number is {invoice_number}<br />\n                    Total amount: {total_amount}<br />\n                    Paid amount: {received_amount}</p>\n\n                    <p>Thank you for shopping with us.</p>\n\n                    <p>{business_logo}</p>\n\n                    <p>&nbsp;</p>',	'Dear {contact_name}, Thank you for shopping with us. {business_name}',	NULL,	'Thank you from {business_name}',	NULL,	NULL,	0,	0,	0,	'2022-10-25 05:46:02',	'2022-10-25 05:46:02'),
(56,	7,	'payment_received',	'<p>Dear {contact_name},</p>\n\n                <p>We have received a payment of {received_amount}</p>\n\n                <p>{business_logo}</p>',	'Dear {contact_name}, We have received a payment of {received_amount}. {business_name}',	NULL,	'Payment Received, from {business_name}',	NULL,	NULL,	0,	0,	0,	'2022-10-25 05:46:02',	'2022-10-25 05:46:02'),
(57,	7,	'payment_reminder',	'<p>Dear {contact_name},</p>\n\n                    <p>This is to remind you that you have pending payment of {due_amount}. Kindly pay it as soon as possible.</p>\n\n                    <p>{business_logo}</p>',	'Dear {contact_name}, You have pending payment of {due_amount}. Kindly pay it as soon as possible. {business_name}',	NULL,	'Payment Reminder, from {business_name}',	NULL,	NULL,	0,	0,	0,	'2022-10-25 05:46:02',	'2022-10-25 05:46:02'),
(58,	7,	'new_booking',	'<p>Dear {contact_name},</p>\n\n                    <p>Your booking is confirmed</p>\n\n                    <p>Date: {start_time} to {end_time}</p>\n\n                    <p>Table: {table}</p>\n\n                    <p>Location: {location}</p>\n\n                    <p>{business_logo}</p>',	'Dear {contact_name}, Your booking is confirmed. Date: {start_time} to {end_time}, Table: {table}, Location: {location}',	NULL,	'Booking Confirmed - {business_name}',	NULL,	NULL,	0,	0,	0,	'2022-10-25 05:46:02',	'2022-10-25 05:46:02'),
(59,	7,	'new_order',	'<p>Dear {contact_name},</p>\n\n                    <p>We have a new order with reference number {order_ref_number}. Kindly process the products as soon as possible.</p>\n\n                    <p>{business_name}<br />\n                    {business_logo}</p>',	'Dear {contact_name}, We have a new order with reference number {order_ref_number}. Kindly process the products as soon as possible. {business_name}',	NULL,	'New Order, from {business_name}',	NULL,	NULL,	0,	0,	0,	'2022-10-25 05:46:02',	'2022-10-25 05:46:02'),
(60,	7,	'payment_paid',	'<p>Dear {contact_name},</p>\n\n                    <p>We have paid amount {paid_amount} again invoice number {order_ref_number}.<br />\n                    Kindly note it down.</p>\n\n                    <p>{business_name}<br />\n                    {business_logo}</p>',	'We have paid amount {paid_amount} again invoice number {order_ref_number}.\n                    Kindly note it down. {business_name}',	NULL,	'Payment Paid, from {business_name}',	NULL,	NULL,	0,	0,	0,	'2022-10-25 05:46:02',	'2022-10-25 05:46:02'),
(61,	7,	'items_received',	'<p>Dear {contact_name},</p>\n\n                    <p>We have received all items from invoice reference number {order_ref_number}. Thank you for processing it.</p>\n\n                    <p>{business_name}<br />\n                    {business_logo}</p>',	'We have received all items from invoice reference number {order_ref_number}. Thank you for processing it. {business_name}',	NULL,	'Items received, from {business_name}',	NULL,	NULL,	0,	0,	0,	'2022-10-25 05:46:02',	'2022-10-25 05:46:02'),
(62,	7,	'items_pending',	'<p>Dear {contact_name},<br />\n                    This is to remind you that we have not yet received some items from invoice reference number {order_ref_number}. Please process it as soon as possible.</p>\n\n                    <p>{business_name}<br />\n                    {business_logo}</p>',	'This is to remind you that we have not yet received some items from invoice reference number {order_ref_number} . Please process it as soon as possible.{business_name}',	NULL,	'Items Pending, from {business_name}',	NULL,	NULL,	0,	0,	0,	'2022-10-25 05:46:02',	'2022-10-25 05:46:02'),
(63,	7,	'new_quotation',	'<p>Dear {contact_name},</p>\n\n                    <p>Your quotation number is {invoice_number}<br />\n                    Total amount: {total_amount}</p>\n\n                    <p>Thank you for shopping with us.</p>\n\n                    <p>{business_logo}</p>\n\n                    <p>&nbsp;</p>',	'Dear {contact_name}, Thank you for shopping with us. {business_name}',	NULL,	'Thank you from {business_name}',	NULL,	NULL,	0,	0,	0,	'2022-10-25 05:46:02',	'2022-10-25 05:46:02'),
(64,	8,	'new_sale',	'<p>Dear {contact_name},</p>\n\n                    <p>Your invoice number is {invoice_number}<br />\n                    Total amount: {total_amount}<br />\n                    Paid amount: {received_amount}</p>\n\n                    <p>Thank you for shopping with us.</p>\n\n                    <p>{business_logo}</p>\n\n                    <p>&nbsp;</p>',	'Dear {contact_name}, Thank you for shopping with us. {business_name}',	NULL,	'Thank you from {business_name}',	NULL,	NULL,	0,	0,	0,	'2023-06-23 13:36:11',	'2023-06-23 13:36:11'),
(65,	8,	'payment_received',	'<p>Dear {contact_name},</p>\n\n                <p>We have received a payment of {received_amount}</p>\n\n                <p>{business_logo}</p>',	'Dear {contact_name}, We have received a payment of {received_amount}. {business_name}',	NULL,	'Payment Received, from {business_name}',	NULL,	NULL,	0,	0,	0,	'2023-06-23 13:36:11',	'2023-06-23 13:36:11'),
(66,	8,	'payment_reminder',	'<p>Dear {contact_name},</p>\n\n                    <p>This is to remind you that you have pending payment of {due_amount}. Kindly pay it as soon as possible.</p>\n\n                    <p>{business_logo}</p>',	'Dear {contact_name}, You have pending payment of {due_amount}. Kindly pay it as soon as possible. {business_name}',	NULL,	'Payment Reminder, from {business_name}',	NULL,	NULL,	0,	0,	0,	'2023-06-23 13:36:11',	'2023-06-23 13:36:11'),
(67,	8,	'new_booking',	'<p>Dear {contact_name},</p>\n\n                    <p>Your booking is confirmed</p>\n\n                    <p>Date: {start_time} to {end_time}</p>\n\n                    <p>Table: {table}</p>\n\n                    <p>Location: {location}</p>\n\n                    <p>{business_logo}</p>',	'Dear {contact_name}, Your booking is confirmed. Date: {start_time} to {end_time}, Table: {table}, Location: {location}',	NULL,	'Booking Confirmed - {business_name}',	NULL,	NULL,	0,	0,	0,	'2023-06-23 13:36:11',	'2023-06-23 13:36:11'),
(68,	8,	'new_order',	'<p>Dear {contact_name},</p>\n\n                    <p>We have a new order with reference number {order_ref_number}. Kindly process the products as soon as possible.</p>\n\n                    <p>{business_name}<br />\n                    {business_logo}</p>',	'Dear {contact_name}, We have a new order with reference number {order_ref_number}. Kindly process the products as soon as possible. {business_name}',	NULL,	'New Order, from {business_name}',	NULL,	NULL,	0,	0,	0,	'2023-06-23 13:36:11',	'2023-06-23 13:36:11'),
(69,	8,	'payment_paid',	'<p>Dear {contact_name},</p>\n\n                    <p>We have paid amount {paid_amount} again invoice number {order_ref_number}.<br />\n                    Kindly note it down.</p>\n\n                    <p>{business_name}<br />\n                    {business_logo}</p>',	'We have paid amount {paid_amount} again invoice number {order_ref_number}.\n                    Kindly note it down. {business_name}',	NULL,	'Payment Paid, from {business_name}',	NULL,	NULL,	0,	0,	0,	'2023-06-23 13:36:11',	'2023-06-23 13:36:11'),
(70,	8,	'items_received',	'<p>Dear {contact_name},</p>\n\n                    <p>We have received all items from invoice reference number {order_ref_number}. Thank you for processing it.</p>\n\n                    <p>{business_name}<br />\n                    {business_logo}</p>',	'We have received all items from invoice reference number {order_ref_number}. Thank you for processing it. {business_name}',	NULL,	'Items received, from {business_name}',	NULL,	NULL,	0,	0,	0,	'2023-06-23 13:36:11',	'2023-06-23 13:36:11'),
(71,	8,	'items_pending',	'<p>Dear {contact_name},<br />\n                    This is to remind you that we have not yet received some items from invoice reference number {order_ref_number}. Please process it as soon as possible.</p>\n\n                    <p>{business_name}<br />\n                    {business_logo}</p>',	'This is to remind you that we have not yet received some items from invoice reference number {order_ref_number} . Please process it as soon as possible.{business_name}',	NULL,	'Items Pending, from {business_name}',	NULL,	NULL,	0,	0,	0,	'2023-06-23 13:36:11',	'2023-06-23 13:36:11'),
(72,	8,	'new_quotation',	'<p>Dear {contact_name},</p>\n\n                    <p>Your quotation number is {invoice_number}<br />\n                    Total amount: {total_amount}</p>\n\n                    <p>Thank you for shopping with us.</p>\n\n                    <p>{business_logo}</p>\n\n                    <p>&nbsp;</p>',	'Dear {contact_name}, Thank you for shopping with us. {business_name}',	NULL,	'Thank you from {business_name}',	NULL,	NULL,	0,	0,	0,	'2023-06-23 13:36:11',	'2023-06-23 13:36:11'),
(73,	9,	'new_sale',	'<p>Dear {contact_name},</p>\n\n                    <p>Your invoice number is {invoice_number}<br />\n                    Total amount: {total_amount}<br />\n                    Paid amount: {received_amount}</p>\n\n                    <p>Thank you for shopping with us.</p>\n\n                    <p>{business_logo}</p>\n\n                    <p>&nbsp;</p>',	'Dear {contact_name}, Thank you for shopping with us. {business_name}',	NULL,	'Thank you from {business_name}',	NULL,	NULL,	0,	0,	0,	'2024-08-16 21:27:41',	'2024-08-16 21:27:41'),
(74,	9,	'payment_received',	'<p>Dear {contact_name},</p>\n\n                <p>We have received a payment of {received_amount}</p>\n\n                <p>{business_logo}</p>',	'Dear {contact_name}, We have received a payment of {received_amount}. {business_name}',	NULL,	'Payment Received, from {business_name}',	NULL,	NULL,	0,	0,	0,	'2024-08-16 21:27:41',	'2024-08-16 21:27:41'),
(75,	9,	'payment_reminder',	'<p>Dear {contact_name},</p>\n\n                    <p>This is to remind you that you have pending payment of {due_amount}. Kindly pay it as soon as possible.</p>\n\n                    <p>{business_logo}</p>',	'Dear {contact_name}, You have pending payment of {due_amount}. Kindly pay it as soon as possible. {business_name}',	NULL,	'Payment Reminder, from {business_name}',	NULL,	NULL,	0,	0,	0,	'2024-08-16 21:27:41',	'2024-08-16 21:27:41'),
(76,	9,	'new_booking',	'<p>Dear {contact_name},</p>\n\n                    <p>Your booking is confirmed</p>\n\n                    <p>Date: {start_time} to {end_time}</p>\n\n                    <p>Table: {table}</p>\n\n                    <p>Location: {location}</p>\n\n                    <p>{business_logo}</p>',	'Dear {contact_name}, Your booking is confirmed. Date: {start_time} to {end_time}, Table: {table}, Location: {location}',	NULL,	'Booking Confirmed - {business_name}',	NULL,	NULL,	0,	0,	0,	'2024-08-16 21:27:41',	'2024-08-16 21:27:41'),
(77,	9,	'new_order',	'<p>Dear {contact_name},</p>\n\n                    <p>We have a new order with reference number {order_ref_number}. Kindly process the products as soon as possible.</p>\n\n                    <p>{business_name}<br />\n                    {business_logo}</p>',	'Dear {contact_name}, We have a new order with reference number {order_ref_number}. Kindly process the products as soon as possible. {business_name}',	NULL,	'New Order, from {business_name}',	NULL,	NULL,	0,	0,	0,	'2024-08-16 21:27:41',	'2024-08-16 21:27:41'),
(78,	9,	'payment_paid',	'<p>Dear {contact_name},</p>\n\n                    <p>We have paid amount {paid_amount} again invoice number {order_ref_number}.<br />\n                    Kindly note it down.</p>\n\n                    <p>{business_name}<br />\n                    {business_logo}</p>',	'We have paid amount {paid_amount} again invoice number {order_ref_number}.\n                    Kindly note it down. {business_name}',	NULL,	'Payment Paid, from {business_name}',	NULL,	NULL,	0,	0,	0,	'2024-08-16 21:27:41',	'2024-08-16 21:27:41'),
(79,	9,	'items_received',	'<p>Dear {contact_name},</p>\n\n                    <p>We have received all items from invoice reference number {order_ref_number}. Thank you for processing it.</p>\n\n                    <p>{business_name}<br />\n                    {business_logo}</p>',	'We have received all items from invoice reference number {order_ref_number}. Thank you for processing it. {business_name}',	NULL,	'Items received, from {business_name}',	NULL,	NULL,	0,	0,	0,	'2024-08-16 21:27:41',	'2024-08-16 21:27:41'),
(80,	9,	'items_pending',	'<p>Dear {contact_name},<br />\n                    This is to remind you that we have not yet received some items from invoice reference number {order_ref_number}. Please process it as soon as possible.</p>\n\n                    <p>{business_name}<br />\n                    {business_logo}</p>',	'This is to remind you that we have not yet received some items from invoice reference number {order_ref_number} . Please process it as soon as possible.{business_name}',	NULL,	'Items Pending, from {business_name}',	NULL,	NULL,	0,	0,	0,	'2024-08-16 21:27:41',	'2024-08-16 21:27:41'),
(81,	9,	'new_quotation',	'<p>Dear {contact_name},</p>\n\n                    <p>Your quotation number is {invoice_number}<br />\n                    Total amount: {total_amount}</p>\n\n                    <p>Thank you for shopping with us.</p>\n\n                    <p>{business_logo}</p>\n\n                    <p>&nbsp;</p>',	'Dear {contact_name}, Thank you for shopping with us. {business_name}',	NULL,	'Thank you from {business_name}',	NULL,	NULL,	0,	0,	0,	'2024-08-16 21:27:41',	'2024-08-16 21:27:41');

DROP TABLE IF EXISTS `oauth_access_tokens`;
CREATE TABLE `oauth_access_tokens` (
  `id` varchar(100) NOT NULL,
  `user_id` bigint(20) DEFAULT NULL,
  `client_id` int(10) unsigned NOT NULL,
  `name` varchar(191) DEFAULT NULL,
  `scopes` text DEFAULT NULL,
  `revoked` tinyint(1) NOT NULL,
  `created_at` timestamp NULL DEFAULT NULL,
  `updated_at` timestamp NULL DEFAULT NULL,
  `expires_at` datetime DEFAULT NULL,
  PRIMARY KEY (`id`),
  KEY `oauth_access_tokens_user_id_index` (`user_id`)
) ENGINE=InnoDB DEFAULT CHARSET=utf8mb4 COLLATE=utf8mb4_unicode_ci;


DROP TABLE IF EXISTS `oauth_auth_codes`;
CREATE TABLE `oauth_auth_codes` (
  `id` varchar(100) NOT NULL,
  `user_id` bigint(20) NOT NULL,
  `client_id` int(10) unsigned NOT NULL,
  `scopes` text DEFAULT NULL,
  `revoked` tinyint(1) NOT NULL,
  `expires_at` datetime DEFAULT NULL,
  PRIMARY KEY (`id`)
) ENGINE=InnoDB DEFAULT CHARSET=utf8mb4 COLLATE=utf8mb4_unicode_ci;


DROP TABLE IF EXISTS `oauth_clients`;
CREATE TABLE `oauth_clients` (
  `id` int(10) unsigned NOT NULL AUTO_INCREMENT,
  `user_id` bigint(20) DEFAULT NULL,
  `name` varchar(191) NOT NULL,
  `secret` varchar(100) NOT NULL,
  `redirect` text NOT NULL,
  `personal_access_client` tinyint(1) NOT NULL,
  `password_client` tinyint(1) NOT NULL,
  `revoked` tinyint(1) NOT NULL,
  `created_at` timestamp NULL DEFAULT NULL,
  `updated_at` timestamp NULL DEFAULT NULL,
  PRIMARY KEY (`id`),
  KEY `oauth_clients_user_id_index` (`user_id`)
) ENGINE=InnoDB DEFAULT CHARSET=utf8mb4 COLLATE=utf8mb4_unicode_ci;

INSERT INTO `oauth_clients` (`id`, `user_id`, `name`, `secret`, `redirect`, `personal_access_client`, `password_client`, `revoked`, `created_at`, `updated_at`) VALUES
(1,	NULL,	'RevealPOS Personal Access Client',	'6MD31fmHyCVjYbbKkpGkKuUed7zLCFH1CZH665Oj',	'http://localhost',	1,	0,	0,	'2021-12-22 07:36:26',	'2021-12-22 07:36:26'),
(2,	NULL,	'RevealPOS Password Grant Client',	'3wnWueFUBvX7M59HW0DtIMtPZ0WWRwpSgkiZZ5IQ',	'http://localhost',	0,	1,	0,	'2021-12-22 07:36:26',	'2021-12-22 07:36:26');

DROP TABLE IF EXISTS `oauth_personal_access_clients`;
CREATE TABLE `oauth_personal_access_clients` (
  `id` int(10) unsigned NOT NULL AUTO_INCREMENT,
  `client_id` int(10) unsigned NOT NULL,
  `created_at` timestamp NULL DEFAULT NULL,
  `updated_at` timestamp NULL DEFAULT NULL,
  PRIMARY KEY (`id`),
  KEY `oauth_personal_access_clients_client_id_index` (`client_id`)
) ENGINE=InnoDB DEFAULT CHARSET=utf8mb4 COLLATE=utf8mb4_unicode_ci;

INSERT INTO `oauth_personal_access_clients` (`id`, `client_id`, `created_at`, `updated_at`) VALUES
(1,	1,	'2021-12-22 07:36:26',	'2021-12-22 07:36:26');

DROP TABLE IF EXISTS `oauth_refresh_tokens`;
CREATE TABLE `oauth_refresh_tokens` (
  `id` varchar(100) NOT NULL,
  `access_token_id` varchar(100) NOT NULL,
  `revoked` tinyint(1) NOT NULL,
  `expires_at` datetime DEFAULT NULL,
  PRIMARY KEY (`id`),
  KEY `oauth_refresh_tokens_access_token_id_index` (`access_token_id`)
) ENGINE=InnoDB DEFAULT CHARSET=utf8mb4 COLLATE=utf8mb4_unicode_ci;


DROP TABLE IF EXISTS `packages`;
CREATE TABLE `packages` (
  `id` int(10) unsigned NOT NULL AUTO_INCREMENT,
  `name` varchar(191) NOT NULL,
  `description` text NOT NULL,
  `location_count` int(11) NOT NULL COMMENT 'No. of Business Locations, 0 = infinite option.',
  `user_count` int(11) NOT NULL,
  `product_count` int(11) NOT NULL,
  `bookings` tinyint(1) NOT NULL DEFAULT 0 COMMENT 'Enable/Disable bookings',
  `kitchen` tinyint(1) NOT NULL DEFAULT 0 COMMENT 'Enable/Disable kitchen',
  `order_screen` tinyint(1) NOT NULL DEFAULT 0 COMMENT 'Enable/Disable order_screen',
  `tables` tinyint(1) NOT NULL DEFAULT 0 COMMENT 'Enable/Disable tables',
  `invoice_count` int(11) NOT NULL,
  `interval` enum('days','months','years') NOT NULL,
  `interval_count` int(11) NOT NULL,
  `trial_days` int(11) NOT NULL,
  `price` decimal(22,4) NOT NULL,
  `custom_permissions` longtext NOT NULL,
  `created_by` int(11) NOT NULL,
  `sort_order` int(11) NOT NULL DEFAULT 0,
  `is_active` tinyint(1) NOT NULL,
  `is_private` tinyint(1) NOT NULL DEFAULT 0,
  `is_one_time` tinyint(1) NOT NULL DEFAULT 0,
  `enable_custom_link` tinyint(1) NOT NULL DEFAULT 0,
  `custom_link` varchar(191) DEFAULT NULL,
  `custom_link_text` varchar(191) DEFAULT NULL,
  `deleted_at` timestamp NULL DEFAULT NULL,
  `created_at` timestamp NULL DEFAULT NULL,
  `updated_at` timestamp NULL DEFAULT NULL,
  PRIMARY KEY (`id`)
) ENGINE=InnoDB DEFAULT CHARSET=utf8mb4 COLLATE=utf8mb4_unicode_ci;

INSERT INTO `packages` (`id`, `name`, `description`, `location_count`, `user_count`, `product_count`, `bookings`, `kitchen`, `order_screen`, `tables`, `invoice_count`, `interval`, `interval_count`, `trial_days`, `price`, `custom_permissions`, `created_by`, `sort_order`, `is_active`, `is_private`, `is_one_time`, `enable_custom_link`, `custom_link`, `custom_link_text`, `deleted_at`, `created_at`, `updated_at`) VALUES
(1,	'Trial',	'Package',	1,	0,	50,	0,	0,	0,	0,	0,	'years',	10000,	0,	500.0000,	'{\"connector_module\":\"1\",\"essentials_module\":\"1\",\"manufacturing_module\":\"1\",\"productcatalogue_module\":\"1\",\"project_module\":\"1\",\"repair_module\":\"1\",\"woocommerce_module\":\"1\"}',	1,	1,	0,	0,	0,	0,	'',	'',	NULL,	'2021-12-22 07:39:31',	'2022-10-24 04:29:47'),
(2,	'Demo',	'Rep Demo',	1,	0,	0,	0,	0,	0,	0,	0,	'years',	0,	14,	0.0000,	'{\"connector_module\":\"1\",\"essentials_module\":\"1\",\"manufacturing_module\":\"1\",\"productcatalogue_module\":\"1\",\"project_module\":\"1\",\"repair_module\":\"1\",\"woocommerce_module\":\"1\"}',	1,	1,	1,	1,	0,	0,	'',	'',	NULL,	'2022-10-19 12:55:46',	'2022-10-23 15:02:41'),
(3,	'Kickoff - Retail',	'Business Starter Package - Special Pricing',	1,	1,	50,	0,	0,	0,	0,	0,	'months',	1,	0,	10.0000,	'',	1,	1,	1,	0,	0,	0,	'',	'',	NULL,	'2022-10-24 02:37:53',	'2022-10-24 05:33:40'),
(4,	'Retail - Lite',	'Small Business Starter Package',	1,	2,	100,	0,	0,	0,	0,	0,	'months',	1,	0,	15.0000,	'',	1,	1,	1,	0,	0,	0,	'',	'',	NULL,	'2022-10-24 07:02:42',	'2022-10-24 07:02:42'),
(5,	'Retail - Standard',	'Small Business Standard Package',	1,	3,	500,	0,	0,	0,	0,	0,	'months',	1,	0,	25.0000,	'',	1,	1,	1,	0,	0,	0,	'',	'',	NULL,	'2022-10-24 07:09:43',	'2022-10-24 07:09:43'),
(6,	'Retail - Pro',	'Small Business Professional Package',	1,	5,	2000,	0,	0,	0,	0,	0,	'months',	1,	0,	50.0000,	'',	1,	1,	1,	0,	0,	0,	'',	'',	NULL,	'2022-10-24 07:15:13',	'2022-10-24 07:15:13'),
(7,	'Retail - POS & Ecommerce',	'Small Business POS with Ecommerce Sync',	1,	0,	0,	0,	0,	0,	0,	0,	'months',	1,	0,	99.0000,	'{\"woocommerce_module\":\"1\"}',	1,	1,	1,	0,	0,	0,	'',	'',	NULL,	'2022-10-24 07:18:36',	'2022-10-24 07:19:05'),
(8,	'Restaurant - Ultimate',	'Restaurant POS',	1,	0,	0,	0,	0,	0,	0,	0,	'months',	1,	0,	129.0000,	'{\"productcatalogue_module\":\"1\"}',	1,	1,	1,	0,	0,	0,	'',	'',	NULL,	'2022-10-24 07:23:30',	'2022-10-24 07:23:30');

DROP TABLE IF EXISTS `password_resets`;
CREATE TABLE `password_resets` (
  `email` varchar(191) NOT NULL,
  `token` varchar(191) NOT NULL,
  `created_at` timestamp NULL DEFAULT NULL,
  KEY `password_resets_email_index` (`email`)
) ENGINE=InnoDB DEFAULT CHARSET=utf8mb4 COLLATE=utf8mb4_unicode_ci;


DROP TABLE IF EXISTS `permissions`;
CREATE TABLE `permissions` (
  `id` int(10) unsigned NOT NULL AUTO_INCREMENT,
  `name` varchar(191) NOT NULL,
  `guard_name` varchar(191) NOT NULL,
  `created_at` timestamp NULL DEFAULT NULL,
  `updated_at` timestamp NULL DEFAULT NULL,
  PRIMARY KEY (`id`)
) ENGINE=InnoDB DEFAULT CHARSET=utf8mb4 COLLATE=utf8mb4_unicode_ci;

INSERT INTO `permissions` (`id`, `name`, `guard_name`, `created_at`, `updated_at`) VALUES
(1,	'profit_loss_report.view',	'web',	'2021-12-22 07:30:16',	NULL),
(2,	'direct_sell.access',	'web',	'2021-12-22 07:30:16',	NULL),
(3,	'product.opening_stock',	'web',	'2021-12-22 07:30:17',	'2021-12-22 07:30:17'),
(4,	'crud_all_bookings',	'web',	'2021-12-22 07:30:18',	'2021-12-22 07:30:18'),
(5,	'crud_own_bookings',	'web',	'2021-12-22 07:30:18',	'2021-12-22 07:30:18'),
(6,	'access_default_selling_price',	'web',	'2021-12-22 07:30:18',	'2021-12-22 07:30:18'),
(7,	'purchase.payments',	'web',	'2021-12-22 07:30:18',	'2021-12-22 07:30:18'),
(8,	'sell.payments',	'web',	'2021-12-22 07:30:18',	'2021-12-22 07:30:18'),
(9,	'edit_product_price_from_sale_screen',	'web',	'2021-12-22 07:30:19',	'2021-12-22 07:30:19'),
(10,	'edit_product_discount_from_sale_screen',	'web',	'2021-12-22 07:30:19',	'2021-12-22 07:30:19'),
(11,	'roles.view',	'web',	'2021-12-22 07:30:19',	'2021-12-22 07:30:19'),
(12,	'roles.create',	'web',	'2021-12-22 07:30:19',	'2021-12-22 07:30:19'),
(13,	'roles.update',	'web',	'2021-12-22 07:30:19',	'2021-12-22 07:30:19'),
(14,	'roles.delete',	'web',	'2021-12-22 07:30:19',	'2021-12-22 07:30:19'),
(15,	'account.access',	'web',	'2021-12-22 07:30:19',	'2021-12-22 07:30:19'),
(16,	'discount.access',	'web',	'2021-12-22 07:30:19',	'2021-12-22 07:30:19'),
(17,	'view_purchase_price',	'web',	'2021-12-22 07:30:20',	'2021-12-22 07:30:20'),
(18,	'view_own_sell_only',	'web',	'2021-12-22 07:30:20',	'2021-12-22 07:30:20'),
(19,	'edit_product_discount_from_pos_screen',	'web',	'2021-12-22 07:30:20',	'2021-12-22 07:30:20'),
(20,	'edit_product_price_from_pos_screen',	'web',	'2021-12-22 07:30:20',	'2021-12-22 07:30:20'),
(21,	'access_shipping',	'web',	'2021-12-22 07:30:20',	'2021-12-22 07:30:20'),
(22,	'purchase.update_status',	'web',	'2021-12-22 07:30:20',	'2021-12-22 07:30:20'),
(23,	'list_drafts',	'web',	'2021-12-22 07:30:21',	'2021-12-22 07:30:21'),
(24,	'list_quotations',	'web',	'2021-12-22 07:30:21',	'2021-12-22 07:30:21'),
(25,	'view_cash_register',	'web',	'2021-12-22 07:30:21',	'2021-12-22 07:30:21'),
(26,	'close_cash_register',	'web',	'2021-12-22 07:30:21',	'2021-12-22 07:30:21'),
(27,	'print_invoice',	'web',	'2021-12-22 07:30:22',	'2021-12-22 07:30:22'),
(28,	'user.view',	'web',	'2021-12-22 07:30:23',	NULL),
(29,	'user.create',	'web',	'2021-12-22 07:30:23',	NULL),
(30,	'user.update',	'web',	'2021-12-22 07:30:23',	NULL),
(31,	'user.delete',	'web',	'2021-12-22 07:30:23',	NULL),
(32,	'supplier.view',	'web',	'2021-12-22 07:30:23',	NULL),
(33,	'supplier.create',	'web',	'2021-12-22 07:30:23',	NULL),
(34,	'supplier.update',	'web',	'2021-12-22 07:30:23',	NULL),
(35,	'supplier.delete',	'web',	'2021-12-22 07:30:23',	NULL),
(36,	'customer.view',	'web',	'2021-12-22 07:30:23',	NULL),
(37,	'customer.create',	'web',	'2021-12-22 07:30:23',	NULL),
(38,	'customer.update',	'web',	'2021-12-22 07:30:23',	NULL),
(39,	'customer.delete',	'web',	'2021-12-22 07:30:23',	NULL),
(40,	'product.view',	'web',	'2021-12-22 07:30:23',	NULL),
(41,	'product.create',	'web',	'2021-12-22 07:30:23',	NULL),
(42,	'product.update',	'web',	'2021-12-22 07:30:23',	NULL),
(43,	'product.delete',	'web',	'2021-12-22 07:30:23',	NULL),
(44,	'purchase.view',	'web',	'2021-12-22 07:30:23',	NULL),
(45,	'purchase.create',	'web',	'2021-12-22 07:30:23',	NULL),
(46,	'purchase.update',	'web',	'2021-12-22 07:30:23',	NULL),
(47,	'purchase.delete',	'web',	'2021-12-22 07:30:23',	NULL),
(48,	'sell.view',	'web',	'2021-12-22 07:30:23',	NULL),
(49,	'sell.create',	'web',	'2021-12-22 07:30:23',	NULL),
(50,	'sell.update',	'web',	'2021-12-22 07:30:23',	NULL),
(51,	'sell.delete',	'web',	'2021-12-22 07:30:23',	NULL),
(52,	'purchase_n_sell_report.view',	'web',	'2021-12-22 07:30:23',	NULL),
(53,	'contacts_report.view',	'web',	'2021-12-22 07:30:23',	NULL),
(54,	'stock_report.view',	'web',	'2021-12-22 07:30:23',	NULL),
(55,	'tax_report.view',	'web',	'2021-12-22 07:30:23',	NULL),
(56,	'trending_product_report.view',	'web',	'2021-12-22 07:30:23',	NULL),
(57,	'register_report.view',	'web',	'2021-12-22 07:30:23',	NULL),
(58,	'sales_representative.view',	'web',	'2021-12-22 07:30:23',	NULL),
(59,	'expense_report.view',	'web',	'2021-12-22 07:30:23',	NULL),
(60,	'business_settings.access',	'web',	'2021-12-22 07:30:23',	NULL),
(61,	'barcode_settings.access',	'web',	'2021-12-22 07:30:23',	NULL),
(62,	'invoice_settings.access',	'web',	'2021-12-22 07:30:23',	NULL),
(63,	'brand.view',	'web',	'2021-12-22 07:30:23',	NULL),
(64,	'brand.create',	'web',	'2021-12-22 07:30:23',	NULL),
(65,	'brand.update',	'web',	'2021-12-22 07:30:23',	NULL),
(66,	'brand.delete',	'web',	'2021-12-22 07:30:23',	NULL),
(67,	'tax_rate.view',	'web',	'2021-12-22 07:30:23',	NULL),
(68,	'tax_rate.create',	'web',	'2021-12-22 07:30:23',	NULL),
(69,	'tax_rate.update',	'web',	'2021-12-22 07:30:23',	NULL),
(70,	'tax_rate.delete',	'web',	'2021-12-22 07:30:23',	NULL),
(71,	'unit.view',	'web',	'2021-12-22 07:30:23',	NULL),
(72,	'unit.create',	'web',	'2021-12-22 07:30:23',	NULL),
(73,	'unit.update',	'web',	'2021-12-22 07:30:23',	NULL),
(74,	'unit.delete',	'web',	'2021-12-22 07:30:23',	NULL),
(75,	'category.view',	'web',	'2021-12-22 07:30:23',	NULL),
(76,	'category.create',	'web',	'2021-12-22 07:30:23',	NULL),
(77,	'category.update',	'web',	'2021-12-22 07:30:23',	NULL),
(78,	'category.delete',	'web',	'2021-12-22 07:30:23',	NULL),
(79,	'expense.access',	'web',	'2021-12-22 07:30:23',	NULL),
(80,	'access_all_locations',	'web',	'2021-12-22 07:30:23',	NULL),
(81,	'dashboard.data',	'web',	'2021-12-22 07:30:23',	NULL),
(82,	'location.1',	'web',	'2021-12-22 07:32:36',	'2021-12-22 07:32:36'),
(83,	'essentials.create_message',	'web',	'2021-12-22 07:36:33',	'2021-12-22 07:36:33'),
(84,	'essentials.view_message',	'web',	'2021-12-22 07:36:33',	'2021-12-22 07:36:33'),
(85,	'essentials.approve_leave',	'web',	'2021-12-22 07:36:34',	'2021-12-22 07:36:34'),
(86,	'essentials.assign_todos',	'web',	'2021-12-22 07:36:34',	'2021-12-22 07:36:34'),
(87,	'essentials.add_allowance_and_deduction',	'web',	'2021-12-22 07:36:34',	'2021-12-22 07:36:34'),
(88,	'manufacturing.access_recipe',	'web',	'2021-12-22 07:36:47',	'2021-12-22 07:36:47'),
(89,	'manufacturing.access_production',	'web',	'2021-12-22 07:36:47',	'2021-12-22 07:36:47'),
(90,	'manufacturing.add_recipe',	'web',	'2021-12-22 07:36:47',	'2021-12-22 07:36:47'),
(91,	'manufacturing.edit_recipe',	'web',	'2021-12-22 07:36:47',	'2021-12-22 07:36:47'),
(92,	'project.create_project',	'web',	'2021-12-22 07:37:09',	'2021-12-22 07:37:09'),
(93,	'project.edit_project',	'web',	'2021-12-22 07:37:09',	'2021-12-22 07:37:09'),
(94,	'project.delete_project',	'web',	'2021-12-22 07:37:09',	'2021-12-22 07:37:09'),
(95,	'repair.create',	'web',	'2021-12-22 07:37:19',	'2021-12-22 07:37:19'),
(96,	'repair.update',	'web',	'2021-12-22 07:37:19',	'2021-12-22 07:37:19'),
(97,	'repair.view',	'web',	'2021-12-22 07:37:19',	'2021-12-22 07:37:19'),
(98,	'repair.delete',	'web',	'2021-12-22 07:37:19',	'2021-12-22 07:37:19'),
(99,	'repair_status.update',	'web',	'2021-12-22 07:37:19',	'2021-12-22 07:37:19'),
(100,	'repair_status.access',	'web',	'2021-12-22 07:37:19',	'2021-12-22 07:37:19'),
(101,	'woocommerce.syc_categories',	'web',	'2021-12-22 07:37:30',	'2021-12-22 07:37:30'),
(102,	'woocommerce.sync_products',	'web',	'2021-12-22 07:37:30',	'2021-12-22 07:37:30'),
(103,	'woocommerce.sync_orders',	'web',	'2021-12-22 07:37:30',	'2021-12-22 07:37:30'),
(104,	'woocommerce.map_tax_rates',	'web',	'2021-12-22 07:37:30',	'2021-12-22 07:37:30'),
(105,	'woocommerce.access_woocommerce_api_settings',	'web',	'2021-12-22 07:37:30',	'2021-12-22 07:37:30'),
(106,	'location.2',	'web',	'2022-10-13 04:03:11',	'2022-10-13 04:03:11'),
(107,	'location.3',	'web',	'2022-10-14 21:41:02',	'2022-10-14 21:41:02'),
(108,	'location.4',	'web',	'2022-10-19 07:56:23',	'2022-10-19 07:56:23'),
(109,	'location.5',	'web',	'2022-10-20 05:22:26',	'2022-10-20 05:22:26'),
(110,	'location.6',	'web',	'2022-10-24 04:07:34',	'2022-10-24 04:07:34'),
(111,	'location.7',	'web',	'2022-10-25 05:46:02',	'2022-10-25 05:46:02'),
(112,	'location.8',	'web',	'2023-06-23 13:36:11',	'2023-06-23 13:36:11'),
(113,	'location.9',	'web',	'2024-08-16 21:27:41',	'2024-08-16 21:27:41');

DROP TABLE IF EXISTS `pjt_invoice_lines`;
CREATE TABLE `pjt_invoice_lines` (
  `id` int(10) unsigned NOT NULL AUTO_INCREMENT,
  `transaction_id` int(10) unsigned NOT NULL,
  `task` varchar(191) NOT NULL,
  `description` text DEFAULT NULL,
  `rate` decimal(22,4) NOT NULL,
  `tax_rate_id` int(11) DEFAULT NULL,
  `quantity` decimal(22,4) NOT NULL,
  `total` decimal(22,4) NOT NULL,
  `created_at` timestamp NULL DEFAULT NULL,
  `updated_at` timestamp NULL DEFAULT NULL,
  PRIMARY KEY (`id`),
  KEY `pjt_invoice_lines_transaction_id_foreign` (`transaction_id`),
  KEY `pjt_invoice_lines_tax_rate_id_index` (`tax_rate_id`),
  CONSTRAINT `pjt_invoice_lines_transaction_id_foreign` FOREIGN KEY (`transaction_id`) REFERENCES `transactions` (`id`) ON DELETE CASCADE
) ENGINE=InnoDB DEFAULT CHARSET=utf8mb4 COLLATE=utf8mb4_unicode_ci;


DROP TABLE IF EXISTS `pjt_projects`;
CREATE TABLE `pjt_projects` (
  `id` int(10) unsigned NOT NULL AUTO_INCREMENT,
  `business_id` int(11) NOT NULL,
  `name` varchar(191) NOT NULL,
  `contact_id` int(11) DEFAULT NULL,
  `status` enum('not_started','in_progress','on_hold','cancelled','completed') NOT NULL,
  `lead_id` int(11) NOT NULL,
  `start_date` datetime DEFAULT NULL,
  `end_date` datetime DEFAULT NULL,
  `description` text DEFAULT NULL,
  `created_by` int(11) NOT NULL,
  `settings` text DEFAULT NULL,
  `created_at` timestamp NULL DEFAULT NULL,
  `updated_at` timestamp NULL DEFAULT NULL,
  PRIMARY KEY (`id`),
  KEY `pjt_projects_business_id_index` (`business_id`),
  KEY `pjt_projects_contact_id_index` (`contact_id`),
  KEY `pjt_projects_lead_id_index` (`lead_id`),
  KEY `pjt_projects_created_by_index` (`created_by`)
) ENGINE=InnoDB DEFAULT CHARSET=utf8mb4 COLLATE=utf8mb4_unicode_ci;


DROP TABLE IF EXISTS `pjt_project_members`;
CREATE TABLE `pjt_project_members` (
  `id` int(10) unsigned NOT NULL AUTO_INCREMENT,
  `project_id` int(10) unsigned NOT NULL,
  `user_id` int(11) NOT NULL,
  PRIMARY KEY (`id`),
  KEY `pjt_project_members_project_id_foreign` (`project_id`),
  KEY `pjt_project_members_user_id_index` (`user_id`),
  CONSTRAINT `pjt_project_members_project_id_foreign` FOREIGN KEY (`project_id`) REFERENCES `pjt_projects` (`id`) ON DELETE CASCADE
) ENGINE=InnoDB DEFAULT CHARSET=utf8mb4 COLLATE=utf8mb4_unicode_ci;


DROP TABLE IF EXISTS `pjt_project_tasks`;
CREATE TABLE `pjt_project_tasks` (
  `id` int(10) unsigned NOT NULL AUTO_INCREMENT,
  `business_id` int(11) NOT NULL,
  `project_id` int(10) unsigned NOT NULL,
  `task_id` varchar(191) NOT NULL,
  `subject` varchar(191) NOT NULL,
  `start_date` datetime DEFAULT NULL,
  `due_date` datetime DEFAULT NULL,
  `priority` enum('low','medium','high','urgent') NOT NULL DEFAULT 'low',
  `description` text DEFAULT NULL,
  `created_by` int(11) NOT NULL,
  `status` enum('completed','not_started','in_progress','on_hold','cancelled') NOT NULL DEFAULT 'not_started',
  `custom_field_1` varchar(191) DEFAULT NULL,
  `custom_field_2` varchar(191) DEFAULT NULL,
  `custom_field_3` varchar(191) DEFAULT NULL,
  `custom_field_4` varchar(191) DEFAULT NULL,
  `created_at` timestamp NULL DEFAULT NULL,
  `updated_at` timestamp NULL DEFAULT NULL,
  PRIMARY KEY (`id`),
  KEY `pjt_project_tasks_project_id_foreign` (`project_id`),
  KEY `pjt_project_tasks_business_id_index` (`business_id`),
  KEY `pjt_project_tasks_created_by_index` (`created_by`),
  CONSTRAINT `pjt_project_tasks_project_id_foreign` FOREIGN KEY (`project_id`) REFERENCES `pjt_projects` (`id`) ON DELETE CASCADE
) ENGINE=InnoDB DEFAULT CHARSET=utf8mb4 COLLATE=utf8mb4_unicode_ci;


DROP TABLE IF EXISTS `pjt_project_task_comments`;
CREATE TABLE `pjt_project_task_comments` (
  `id` int(10) unsigned NOT NULL AUTO_INCREMENT,
  `project_task_id` int(10) unsigned NOT NULL,
  `comment` text NOT NULL,
  `commented_by` int(11) NOT NULL,
  `created_at` timestamp NULL DEFAULT NULL,
  `updated_at` timestamp NULL DEFAULT NULL,
  PRIMARY KEY (`id`),
  KEY `pjt_project_task_comments_project_task_id_foreign` (`project_task_id`),
  CONSTRAINT `pjt_project_task_comments_project_task_id_foreign` FOREIGN KEY (`project_task_id`) REFERENCES `pjt_project_tasks` (`id`) ON DELETE CASCADE
) ENGINE=InnoDB DEFAULT CHARSET=utf8mb4 COLLATE=utf8mb4_unicode_ci;


DROP TABLE IF EXISTS `pjt_project_task_members`;
CREATE TABLE `pjt_project_task_members` (
  `id` int(10) unsigned NOT NULL AUTO_INCREMENT,
  `project_task_id` int(10) unsigned NOT NULL,
  `user_id` int(11) NOT NULL,
  PRIMARY KEY (`id`),
  KEY `pjt_project_task_members_project_task_id_foreign` (`project_task_id`),
  KEY `pjt_project_task_members_user_id_index` (`user_id`),
  CONSTRAINT `pjt_project_task_members_project_task_id_foreign` FOREIGN KEY (`project_task_id`) REFERENCES `pjt_project_tasks` (`id`) ON DELETE CASCADE
) ENGINE=InnoDB DEFAULT CHARSET=utf8mb4 COLLATE=utf8mb4_unicode_ci;


DROP TABLE IF EXISTS `pjt_project_time_logs`;
CREATE TABLE `pjt_project_time_logs` (
  `id` int(10) unsigned NOT NULL AUTO_INCREMENT,
  `project_id` int(10) unsigned NOT NULL,
  `project_task_id` int(10) unsigned DEFAULT NULL,
  `user_id` int(11) NOT NULL,
  `start_datetime` datetime NOT NULL,
  `end_datetime` datetime NOT NULL,
  `note` text DEFAULT NULL,
  `created_by` int(11) NOT NULL,
  `created_at` timestamp NULL DEFAULT NULL,
  `updated_at` timestamp NULL DEFAULT NULL,
  PRIMARY KEY (`id`),
  KEY `pjt_project_time_logs_project_id_foreign` (`project_id`),
  KEY `pjt_project_time_logs_project_task_id_foreign` (`project_task_id`),
  KEY `pjt_project_time_logs_user_id_index` (`user_id`),
  KEY `pjt_project_time_logs_created_by_index` (`created_by`),
  CONSTRAINT `pjt_project_time_logs_project_id_foreign` FOREIGN KEY (`project_id`) REFERENCES `pjt_projects` (`id`) ON DELETE CASCADE,
  CONSTRAINT `pjt_project_time_logs_project_task_id_foreign` FOREIGN KEY (`project_task_id`) REFERENCES `pjt_project_tasks` (`id`) ON DELETE CASCADE
) ENGINE=InnoDB DEFAULT CHARSET=utf8mb4 COLLATE=utf8mb4_unicode_ci;


DROP TABLE IF EXISTS `printers`;
CREATE TABLE `printers` (
  `id` int(10) unsigned NOT NULL AUTO_INCREMENT,
  `business_id` int(10) unsigned NOT NULL,
  `name` varchar(191) NOT NULL,
  `connection_type` enum('network','windows','linux') NOT NULL,
  `capability_profile` enum('default','simple','SP2000','TEP-200M','P822D') NOT NULL DEFAULT 'default',
  `char_per_line` varchar(191) DEFAULT NULL,
  `ip_address` varchar(191) DEFAULT NULL,
  `port` varchar(191) DEFAULT NULL,
  `path` varchar(191) DEFAULT NULL,
  `created_by` int(10) unsigned NOT NULL,
  `created_at` timestamp NULL DEFAULT NULL,
  `updated_at` timestamp NULL DEFAULT NULL,
  PRIMARY KEY (`id`),
  KEY `printers_business_id_foreign` (`business_id`),
  CONSTRAINT `printers_business_id_foreign` FOREIGN KEY (`business_id`) REFERENCES `business` (`id`) ON DELETE CASCADE
) ENGINE=InnoDB DEFAULT CHARSET=utf8mb4 COLLATE=utf8mb4_unicode_ci;

INSERT INTO `printers` (`id`, `business_id`, `name`, `connection_type`, `capability_profile`, `char_per_line`, `ip_address`, `port`, `path`, `created_by`, `created_at`, `updated_at`) VALUES
(1,	1,	'Quik Local',	'windows',	'default',	'42',	'',	'',	'USB001',	1,	'2022-09-04 03:44:54',	'2022-09-04 07:11:48');

DROP TABLE IF EXISTS `products`;
CREATE TABLE `products` (
  `id` int(10) unsigned NOT NULL AUTO_INCREMENT,
  `name` varchar(191) NOT NULL,
  `business_id` int(10) unsigned NOT NULL,
  `type` enum('single','variable','modifier','combo') DEFAULT NULL,
  `unit_id` int(11) unsigned DEFAULT NULL,
  `sub_unit_ids` text DEFAULT NULL,
  `brand_id` int(10) unsigned DEFAULT NULL,
  `category_id` int(10) unsigned DEFAULT NULL,
  `sub_category_id` int(10) unsigned DEFAULT NULL,
  `tax` int(10) unsigned DEFAULT NULL,
  `tax_type` enum('inclusive','exclusive') NOT NULL,
  `enable_stock` tinyint(1) NOT NULL DEFAULT 0,
  `alert_quantity` decimal(22,4) DEFAULT NULL,
  `sku` varchar(191) NOT NULL,
  `barcode_type` enum('C39','C128','EAN13','EAN8','UPCA','UPCE') DEFAULT 'C128',
  `expiry_period` decimal(4,2) DEFAULT NULL,
  `expiry_period_type` enum('days','months') DEFAULT NULL,
  `enable_sr_no` tinyint(1) NOT NULL DEFAULT 0,
  `weight` varchar(191) DEFAULT NULL,
  `product_custom_field1` varchar(191) DEFAULT NULL,
  `product_custom_field2` varchar(191) DEFAULT NULL,
  `product_custom_field3` varchar(191) DEFAULT NULL,
  `product_custom_field4` varchar(191) DEFAULT NULL,
  `image` varchar(191) DEFAULT NULL,
  `woocommerce_media_id` int(11) DEFAULT NULL,
  `product_description` text DEFAULT NULL,
  `created_by` int(10) unsigned NOT NULL,
  `woocommerce_product_id` int(11) DEFAULT NULL,
  `woocommerce_disable_sync` tinyint(1) NOT NULL DEFAULT 0,
  `warranty_id` int(11) DEFAULT NULL,
  `is_inactive` tinyint(1) NOT NULL DEFAULT 0,
  `repair_model_id` int(10) unsigned DEFAULT NULL,
  `not_for_selling` tinyint(1) NOT NULL DEFAULT 0,
  `created_at` timestamp NULL DEFAULT NULL,
  `updated_at` timestamp NULL DEFAULT NULL,
  PRIMARY KEY (`id`),
  KEY `products_brand_id_foreign` (`brand_id`),
  KEY `products_category_id_foreign` (`category_id`),
  KEY `products_sub_category_id_foreign` (`sub_category_id`),
  KEY `products_tax_foreign` (`tax`),
  KEY `products_name_index` (`name`),
  KEY `products_business_id_index` (`business_id`),
  KEY `products_unit_id_index` (`unit_id`),
  KEY `products_created_by_index` (`created_by`),
  KEY `products_warranty_id_index` (`warranty_id`),
  KEY `products_type_index` (`type`),
  KEY `products_tax_type_index` (`tax_type`),
  KEY `products_barcode_type_index` (`barcode_type`),
  KEY `products_repair_model_id_foreign` (`repair_model_id`),
  CONSTRAINT `products_brand_id_foreign` FOREIGN KEY (`brand_id`) REFERENCES `brands` (`id`) ON DELETE CASCADE,
  CONSTRAINT `products_business_id_foreign` FOREIGN KEY (`business_id`) REFERENCES `business` (`id`) ON DELETE CASCADE,
  CONSTRAINT `products_category_id_foreign` FOREIGN KEY (`category_id`) REFERENCES `categories` (`id`) ON DELETE CASCADE,
  CONSTRAINT `products_created_by_foreign` FOREIGN KEY (`created_by`) REFERENCES `users` (`id`) ON DELETE CASCADE,
  CONSTRAINT `products_repair_model_id_foreign` FOREIGN KEY (`repair_model_id`) REFERENCES `repair_device_models` (`id`),
  CONSTRAINT `products_sub_category_id_foreign` FOREIGN KEY (`sub_category_id`) REFERENCES `categories` (`id`) ON DELETE CASCADE,
  CONSTRAINT `products_tax_foreign` FOREIGN KEY (`tax`) REFERENCES `tax_rates` (`id`),
  CONSTRAINT `products_unit_id_foreign` FOREIGN KEY (`unit_id`) REFERENCES `units` (`id`) ON DELETE CASCADE
) ENGINE=InnoDB DEFAULT CHARSET=utf8mb4 COLLATE=utf8mb4_unicode_ci;

INSERT INTO `products` (`id`, `name`, `business_id`, `type`, `unit_id`, `sub_unit_ids`, `brand_id`, `category_id`, `sub_category_id`, `tax`, `tax_type`, `enable_stock`, `alert_quantity`, `sku`, `barcode_type`, `expiry_period`, `expiry_period_type`, `enable_sr_no`, `weight`, `product_custom_field1`, `product_custom_field2`, `product_custom_field3`, `product_custom_field4`, `image`, `woocommerce_media_id`, `product_description`, `created_by`, `woocommerce_product_id`, `woocommerce_disable_sync`, `warranty_id`, `is_inactive`, `repair_model_id`, `not_for_selling`, `created_at`, `updated_at`) VALUES
(1,	'Test',	1,	'single',	1,	NULL,	NULL,	NULL,	NULL,	NULL,	'exclusive',	0,	0.0000,	'0001',	'C128',	NULL,	NULL,	0,	NULL,	NULL,	NULL,	NULL,	NULL,	'1667775079_pngtree-vector-find-product-icon-png-image_854792.jpg',	NULL,	NULL,	1,	NULL,	0,	NULL,	0,	NULL,	0,	'2022-01-15 06:42:19',	'2022-11-06 17:51:19'),
(2,	'ljh',	1,	'single',	1,	NULL,	NULL,	1,	NULL,	NULL,	'exclusive',	1,	4.0000,	'0002',	'C128',	NULL,	NULL,	0,	NULL,	NULL,	NULL,	NULL,	NULL,	'1667774974_pngtree-vector-find-product-icon-png-image_854792.jpg',	NULL,	NULL,	1,	NULL,	0,	NULL,	0,	NULL,	0,	'2022-04-12 17:29:24',	'2022-11-06 17:49:34'),
(3,	'testing alo alo',	1,	'single',	1,	NULL,	NULL,	1,	NULL,	NULL,	'exclusive',	1,	5.0000,	'0003',	'C128',	NULL,	NULL,	0,	NULL,	NULL,	NULL,	NULL,	NULL,	'1667775113_pngtree-vector-find-product-icon-png-image_854792.jpg',	NULL,	NULL,	1,	NULL,	0,	NULL,	0,	NULL,	0,	'2022-04-13 19:52:50',	'2022-11-06 17:51:53'),
(5,	'Coca Cola 12oz.',	1,	'single',	1,	NULL,	NULL,	NULL,	NULL,	NULL,	'exclusive',	1,	0.0000,	'0005',	'C128',	NULL,	NULL,	0,	NULL,	NULL,	NULL,	NULL,	NULL,	'1661635408_Coca Cola.png',	NULL,	NULL,	1,	NULL,	0,	NULL,	0,	NULL,	0,	'2022-04-13 20:05:42',	'2022-09-04 07:19:19'),
(6,	'Hot Shot Ant & Roach Spray',	1,	'single',	1,	NULL,	NULL,	NULL,	NULL,	NULL,	'exclusive',	1,	0.0000,	'071121544162',	'C128',	NULL,	NULL,	0,	NULL,	NULL,	NULL,	NULL,	NULL,	'1667772538_Hot Shot Roach & Ant Spray.webp',	NULL,	NULL,	1,	NULL,	0,	NULL,	0,	NULL,	0,	'2022-11-06 15:57:45',	'2022-11-06 17:08:58'),
(7,	'Misc test Prod',	1,	'single',	1,	NULL,	NULL,	NULL,	NULL,	NULL,	'exclusive',	1,	0.0000,	'0007',	'C128',	NULL,	NULL,	0,	NULL,	NULL,	NULL,	NULL,	NULL,	'1667775002_pngtree-vector-find-product-icon-png-image_854792.jpg',	NULL,	NULL,	1,	NULL,	0,	NULL,	0,	NULL,	0,	'2022-11-06 16:27:28',	'2022-11-06 17:50:02'),
(8,	'Misc test Prod 2',	1,	'single',	1,	NULL,	NULL,	NULL,	NULL,	NULL,	'exclusive',	1,	0.0000,	'0008',	'C128',	NULL,	NULL,	0,	NULL,	NULL,	NULL,	NULL,	NULL,	'1667775033_pngtree-vector-find-product-icon-png-image_854792.jpg',	NULL,	NULL,	1,	NULL,	0,	NULL,	0,	NULL,	0,	'2022-11-06 16:28:40',	'2022-11-06 17:50:33'),
(9,	'Great Value Honey Roasted Peanuts',	1,	'single',	1,	NULL,	NULL,	NULL,	NULL,	NULL,	'exclusive',	1,	0.0000,	'078742048765',	'C128',	NULL,	NULL,	0,	NULL,	NULL,	NULL,	NULL,	NULL,	'1667772878_Great Value Honey Roasted Peanuts.webp',	NULL,	NULL,	1,	NULL,	0,	NULL,	0,	NULL,	0,	'2022-11-06 17:13:50',	'2022-11-06 17:14:38'),
(10,	'Burman\'s Memphis BBQ Sauce',	1,	'single',	1,	NULL,	NULL,	NULL,	NULL,	NULL,	'inclusive',	1,	0.0000,	'4099100079340',	'C128',	NULL,	NULL,	0,	NULL,	NULL,	NULL,	NULL,	NULL,	'1667773276_Burman\'s Memphis BBQ Sauce.jpg',	NULL,	NULL,	1,	NULL,	0,	NULL,	0,	NULL,	0,	'2022-11-06 17:19:56',	'2022-11-06 17:21:16'),
(11,	'Cream of Wheat Whole Grain',	1,	'single',	1,	NULL,	NULL,	NULL,	NULL,	NULL,	'exclusive',	1,	NULL,	'072400000256',	'C128',	NULL,	NULL,	0,	NULL,	NULL,	NULL,	NULL,	NULL,	'1667773599_Cream of Wheat Whole Grain.png',	NULL,	NULL,	1,	NULL,	0,	NULL,	0,	NULL,	0,	'2022-11-06 17:26:39',	'2022-11-06 17:26:39'),
(12,	'Casa Mamita Chunky Salsa',	1,	'single',	1,	NULL,	NULL,	NULL,	NULL,	NULL,	'exclusive',	1,	NULL,	'4099100247626',	'C128',	NULL,	NULL,	0,	NULL,	NULL,	NULL,	NULL,	NULL,	'1667773781_Chunky Mamita Chunky Salsa Medium.webp',	NULL,	NULL,	1,	NULL,	0,	NULL,	0,	NULL,	0,	'2022-11-06 17:29:41',	'2022-11-06 17:29:41'),
(13,	'Taco Bell Creamy Chipotle Sauce',	1,	'single',	1,	NULL,	NULL,	NULL,	NULL,	NULL,	'exclusive',	1,	NULL,	'021000080311',	'C128',	NULL,	NULL,	0,	NULL,	NULL,	NULL,	NULL,	NULL,	'1667773910_Taco Bell Creamy Chipotle Sauce.jpg',	NULL,	NULL,	1,	NULL,	0,	NULL,	0,	NULL,	0,	'2022-11-06 17:31:50',	'2022-11-06 17:31:50'),
(14,	'Berry Hill Clover Honey',	1,	'single',	1,	NULL,	NULL,	NULL,	NULL,	NULL,	'exclusive',	1,	0.0000,	'4099100133387',	'C128',	NULL,	NULL,	0,	NULL,	NULL,	NULL,	NULL,	NULL,	'1667774468_Berry Hill Clover Honey.webp',	NULL,	NULL,	1,	NULL,	0,	NULL,	0,	NULL,	0,	'2022-11-06 17:40:39',	'2022-11-06 17:41:08'),
(15,	'northern catch chunk light tuna in water',	1,	'single',	1,	NULL,	NULL,	NULL,	NULL,	NULL,	'exclusive',	1,	0.0000,	'4099100095708',	'C128',	NULL,	NULL,	0,	NULL,	NULL,	NULL,	NULL,	NULL,	'1667775469_northern catch chunk light tuna in water.webp',	NULL,	NULL,	1,	NULL,	0,	NULL,	0,	NULL,	0,	'2022-11-06 17:57:18',	'2022-11-06 17:57:49'),
(16,	'Great Value Hamburger Buns, 8 Count',	1,	'single',	1,	NULL,	NULL,	NULL,	NULL,	NULL,	'exclusive',	1,	0.0000,	'078742223759',	'C128',	NULL,	NULL,	0,	NULL,	NULL,	NULL,	NULL,	NULL,	'1667775846_Great Value Hamburger Buns, 8 Count.webp',	NULL,	NULL,	1,	NULL,	0,	NULL,	0,	NULL,	0,	'2022-11-06 18:03:28',	'2022-11-06 18:04:06'),
(17,	'Reggano Pastas Spaghetti',	1,	'single',	1,	NULL,	NULL,	NULL,	NULL,	NULL,	'exclusive',	1,	NULL,	'4099100002898',	'C128',	NULL,	NULL,	0,	NULL,	NULL,	NULL,	NULL,	NULL,	'1667776165_Reggano Pastas Spaghetti.webp',	NULL,	NULL,	1,	NULL,	0,	NULL,	0,	NULL,	0,	'2022-11-06 18:09:25',	'2022-11-06 18:09:25'),
(18,	'Cheeseburger',	1,	'single',	1,	NULL,	NULL,	NULL,	NULL,	NULL,	'exclusive',	0,	0.0000,	'0018',	'C128',	NULL,	NULL,	0,	NULL,	NULL,	NULL,	NULL,	NULL,	NULL,	NULL,	NULL,	1,	NULL,	0,	NULL,	0,	NULL,	0,	'2024-08-13 15:25:41',	'2024-08-13 15:26:30'),
(19,	'Toppings',	1,	'modifier',	NULL,	NULL,	NULL,	NULL,	NULL,	NULL,	'inclusive',	0,	NULL,	'0019',	'C128',	NULL,	NULL,	0,	NULL,	NULL,	NULL,	NULL,	NULL,	NULL,	NULL,	NULL,	1,	NULL,	0,	NULL,	0,	NULL,	0,	'2024-08-13 15:32:31',	'2024-08-13 15:32:31');

DROP TABLE IF EXISTS `product_locations`;
CREATE TABLE `product_locations` (
  `product_id` int(11) NOT NULL,
  `location_id` int(11) NOT NULL,
  KEY `product_locations_product_id_index` (`product_id`),
  KEY `product_locations_location_id_index` (`location_id`)
) ENGINE=InnoDB DEFAULT CHARSET=utf8mb4 COLLATE=utf8mb4_unicode_ci;

INSERT INTO `product_locations` (`product_id`, `location_id`) VALUES
(1,	1),
(2,	1),
(3,	1),
(4,	1),
(5,	1),
(6,	1),
(7,	1),
(8,	1),
(9,	1),
(10,	1),
(11,	1),
(12,	1),
(13,	1),
(14,	1),
(15,	1),
(16,	1),
(17,	1),
(18,	1);

DROP TABLE IF EXISTS `product_racks`;
CREATE TABLE `product_racks` (
  `id` int(10) unsigned NOT NULL AUTO_INCREMENT,
  `business_id` int(10) unsigned NOT NULL,
  `location_id` int(10) unsigned NOT NULL,
  `product_id` int(10) unsigned NOT NULL,
  `rack` varchar(191) DEFAULT NULL,
  `row` varchar(191) DEFAULT NULL,
  `position` varchar(191) DEFAULT NULL,
  `created_at` timestamp NULL DEFAULT NULL,
  `updated_at` timestamp NULL DEFAULT NULL,
  PRIMARY KEY (`id`),
  KEY `product_racks_business_id_index` (`business_id`),
  KEY `product_racks_location_id_index` (`location_id`),
  KEY `product_racks_product_id_index` (`product_id`)
) ENGINE=InnoDB DEFAULT CHARSET=utf8mb4 COLLATE=utf8mb4_unicode_ci;


DROP TABLE IF EXISTS `product_variations`;
CREATE TABLE `product_variations` (
  `id` int(10) unsigned NOT NULL AUTO_INCREMENT,
  `variation_template_id` int(11) DEFAULT NULL,
  `name` varchar(191) NOT NULL,
  `product_id` int(10) unsigned NOT NULL,
  `is_dummy` tinyint(1) NOT NULL DEFAULT 1,
  `created_at` timestamp NULL DEFAULT NULL,
  `updated_at` timestamp NULL DEFAULT NULL,
  PRIMARY KEY (`id`),
  KEY `product_variations_name_index` (`name`),
  KEY `product_variations_product_id_index` (`product_id`),
  CONSTRAINT `product_variations_product_id_foreign` FOREIGN KEY (`product_id`) REFERENCES `products` (`id`) ON DELETE CASCADE
) ENGINE=InnoDB DEFAULT CHARSET=utf8mb4 COLLATE=utf8mb4_unicode_ci;

INSERT INTO `product_variations` (`id`, `variation_template_id`, `name`, `product_id`, `is_dummy`, `created_at`, `updated_at`) VALUES
(1,	NULL,	'DUMMY',	1,	1,	'2022-01-15 06:42:19',	'2022-01-15 06:42:19'),
(2,	NULL,	'DUMMY',	2,	1,	'2022-04-12 17:29:24',	'2022-04-12 17:29:24'),
(3,	NULL,	'DUMMY',	3,	1,	'2022-04-13 19:52:50',	'2022-04-13 19:52:50'),
(5,	NULL,	'DUMMY',	5,	1,	'2022-04-13 20:05:42',	'2022-04-13 20:05:42'),
(6,	NULL,	'DUMMY',	6,	1,	'2022-11-06 15:57:45',	'2022-11-06 15:57:45'),
(7,	NULL,	'DUMMY',	7,	1,	'2022-11-06 16:27:28',	'2022-11-06 16:27:28'),
(8,	NULL,	'DUMMY',	8,	1,	'2022-11-06 16:28:40',	'2022-11-06 16:28:40'),
(9,	NULL,	'DUMMY',	9,	1,	'2022-11-06 17:13:51',	'2022-11-06 17:13:51'),
(10,	NULL,	'DUMMY',	10,	1,	'2022-11-06 17:19:56',	'2022-11-06 17:19:56'),
(11,	NULL,	'DUMMY',	11,	1,	'2022-11-06 17:26:39',	'2022-11-06 17:26:39'),
(12,	NULL,	'DUMMY',	12,	1,	'2022-11-06 17:29:41',	'2022-11-06 17:29:41'),
(13,	NULL,	'DUMMY',	13,	1,	'2022-11-06 17:31:50',	'2022-11-06 17:31:50'),
(14,	NULL,	'DUMMY',	14,	1,	'2022-11-06 17:40:39',	'2022-11-06 17:40:39'),
(15,	NULL,	'DUMMY',	15,	1,	'2022-11-06 17:57:18',	'2022-11-06 17:57:18'),
(16,	NULL,	'DUMMY',	16,	1,	'2022-11-06 18:03:28',	'2022-11-06 18:03:28'),
(17,	NULL,	'DUMMY',	17,	1,	'2022-11-06 18:09:25',	'2022-11-06 18:09:25'),
(18,	NULL,	'DUMMY',	18,	1,	'2024-08-13 15:25:41',	'2024-08-13 15:25:41'),
(19,	NULL,	'DUMMY',	19,	0,	'2024-08-13 15:32:31',	'2024-08-13 15:32:31');

DROP TABLE IF EXISTS `purchase_lines`;
CREATE TABLE `purchase_lines` (
  `id` int(10) unsigned NOT NULL AUTO_INCREMENT,
  `transaction_id` int(10) unsigned NOT NULL,
  `product_id` int(10) unsigned NOT NULL,
  `variation_id` int(10) unsigned NOT NULL,
  `quantity` decimal(22,4) NOT NULL DEFAULT 0.0000,
  `pp_without_discount` decimal(22,4) NOT NULL DEFAULT 0.0000 COMMENT 'Purchase price before inline discounts',
  `discount_percent` decimal(5,2) NOT NULL DEFAULT 0.00 COMMENT 'Inline discount percentage',
  `purchase_price` decimal(22,4) NOT NULL,
  `purchase_price_inc_tax` decimal(22,4) NOT NULL DEFAULT 0.0000,
  `item_tax` decimal(22,4) NOT NULL COMMENT 'Tax for one quantity',
  `tax_id` int(10) unsigned DEFAULT NULL,
  `purchase_order_line_id` int(11) DEFAULT NULL,
  `quantity_sold` decimal(22,4) NOT NULL DEFAULT 0.0000 COMMENT 'Quanity sold from this purchase line',
  `quantity_adjusted` decimal(22,4) NOT NULL DEFAULT 0.0000 COMMENT 'Quanity adjusted in stock adjustment from this purchase line',
  `quantity_returned` decimal(22,4) NOT NULL DEFAULT 0.0000,
  `po_quantity_purchased` decimal(22,4) NOT NULL DEFAULT 0.0000,
  `mfg_quantity_used` decimal(22,4) NOT NULL DEFAULT 0.0000,
  `mfg_date` date DEFAULT NULL,
  `exp_date` date DEFAULT NULL,
  `lot_number` varchar(191) DEFAULT NULL,
  `sub_unit_id` int(11) DEFAULT NULL,
  `created_at` timestamp NULL DEFAULT NULL,
  `updated_at` timestamp NULL DEFAULT NULL,
  PRIMARY KEY (`id`),
  KEY `purchase_lines_transaction_id_foreign` (`transaction_id`),
  KEY `purchase_lines_product_id_foreign` (`product_id`),
  KEY `purchase_lines_variation_id_foreign` (`variation_id`),
  KEY `purchase_lines_tax_id_foreign` (`tax_id`),
  KEY `purchase_lines_sub_unit_id_index` (`sub_unit_id`),
  KEY `purchase_lines_lot_number_index` (`lot_number`),
  CONSTRAINT `purchase_lines_product_id_foreign` FOREIGN KEY (`product_id`) REFERENCES `products` (`id`) ON DELETE CASCADE,
  CONSTRAINT `purchase_lines_tax_id_foreign` FOREIGN KEY (`tax_id`) REFERENCES `tax_rates` (`id`) ON DELETE CASCADE,
  CONSTRAINT `purchase_lines_transaction_id_foreign` FOREIGN KEY (`transaction_id`) REFERENCES `transactions` (`id`) ON DELETE CASCADE,
  CONSTRAINT `purchase_lines_variation_id_foreign` FOREIGN KEY (`variation_id`) REFERENCES `variations` (`id`) ON DELETE CASCADE
) ENGINE=InnoDB DEFAULT CHARSET=utf8mb4 COLLATE=utf8mb4_unicode_ci;

INSERT INTO `purchase_lines` (`id`, `transaction_id`, `product_id`, `variation_id`, `quantity`, `pp_without_discount`, `discount_percent`, `purchase_price`, `purchase_price_inc_tax`, `item_tax`, `tax_id`, `purchase_order_line_id`, `quantity_sold`, `quantity_adjusted`, `quantity_returned`, `po_quantity_purchased`, `mfg_quantity_used`, `mfg_date`, `exp_date`, `lot_number`, `sub_unit_id`, `created_at`, `updated_at`) VALUES
(1,	4,	2,	2,	1.0000,	878.0000,	0.00,	878.0000,	878.0000,	0.0000,	NULL,	NULL,	1.0000,	0.0000,	0.0000,	0.0000,	0.0000,	NULL,	NULL,	NULL,	NULL,	'2022-04-12 17:29:40',	'2022-09-04 03:36:09'),
(2,	10,	5,	5,	10.0000,	100.0000,	80.00,	20.0000,	20.0000,	0.0000,	NULL,	NULL,	10.0000,	0.0000,	0.0000,	0.0000,	0.0000,	NULL,	NULL,	NULL,	NULL,	'2022-04-13 20:10:37',	'2022-09-04 07:13:10'),
(3,	21,	5,	5,	132.0000,	100.0000,	0.00,	100.0000,	100.0000,	0.0000,	NULL,	NULL,	83.0000,	0.0000,	0.0000,	0.0000,	0.0000,	NULL,	NULL,	NULL,	NULL,	'2022-09-04 07:16:50',	'2022-11-22 08:57:44'),
(4,	106,	6,	6,	50.0000,	5.9900,	0.00,	5.9900,	5.9900,	0.0000,	NULL,	NULL,	0.0000,	0.0000,	0.0000,	0.0000,	0.0000,	NULL,	NULL,	NULL,	NULL,	'2022-11-06 15:59:03',	'2022-11-06 15:59:03'),
(5,	108,	7,	7,	51.0000,	10.0000,	0.00,	10.0000,	10.0000,	0.0000,	NULL,	NULL,	1.0000,	0.0000,	0.0000,	0.0000,	0.0000,	NULL,	NULL,	NULL,	NULL,	'2022-11-06 16:27:28',	'2022-11-06 18:14:02'),
(6,	109,	8,	8,	51.0000,	10.0000,	0.00,	10.0000,	10.0000,	0.0000,	NULL,	NULL,	1.0000,	0.0000,	0.0000,	0.0000,	0.0000,	NULL,	NULL,	NULL,	NULL,	'2022-11-06 16:28:40',	'2022-11-06 18:14:58'),
(7,	112,	14,	14,	50.0000,	4.2900,	0.00,	4.2900,	4.2900,	0.0000,	NULL,	NULL,	13.0000,	0.0000,	0.0000,	0.0000,	0.0000,	NULL,	NULL,	NULL,	NULL,	'2022-11-06 18:11:34',	'2023-01-30 19:20:53'),
(8,	113,	10,	10,	50.0000,	1.9900,	0.00,	1.9900,	1.9900,	0.0000,	NULL,	NULL,	11.0000,	0.0000,	0.0000,	0.0000,	0.0000,	NULL,	NULL,	NULL,	NULL,	'2022-11-06 18:11:47',	'2023-01-30 19:20:53'),
(9,	114,	12,	12,	50.0000,	2.3500,	0.00,	2.3500,	2.3500,	0.0000,	NULL,	NULL,	8.0000,	0.0000,	0.0000,	0.0000,	0.0000,	NULL,	NULL,	NULL,	NULL,	'2022-11-06 18:12:20',	'2022-11-22 08:57:44'),
(10,	115,	11,	11,	50.0000,	5.1900,	0.00,	5.1900,	5.1900,	0.0000,	NULL,	NULL,	2.0000,	0.0000,	0.0000,	0.0000,	0.0000,	NULL,	NULL,	NULL,	NULL,	'2022-11-06 18:13:06',	'2023-01-14 18:42:53'),
(11,	116,	16,	16,	50.0000,	0.9900,	0.00,	0.9900,	0.9900,	0.0000,	NULL,	NULL,	3.0000,	0.0000,	0.0000,	0.0000,	0.0000,	NULL,	NULL,	NULL,	NULL,	'2022-11-06 18:13:18',	'2023-01-14 18:42:53'),
(12,	117,	9,	9,	50.0000,	2.2800,	0.00,	2.2800,	2.2800,	0.0000,	NULL,	NULL,	4.0000,	0.0000,	0.0000,	0.0000,	0.0000,	NULL,	NULL,	NULL,	NULL,	'2022-11-06 18:13:33',	'2022-11-11 00:43:40'),
(13,	118,	2,	2,	50.0000,	878.0000,	0.00,	878.0000,	878.0000,	0.0000,	NULL,	NULL,	0.0000,	0.0000,	0.0000,	0.0000,	0.0000,	NULL,	NULL,	NULL,	NULL,	'2022-11-06 18:13:53',	'2022-11-06 18:13:53'),
(14,	119,	15,	15,	50.0000,	1.0900,	0.00,	1.0900,	1.0900,	0.0000,	NULL,	NULL,	0.0000,	0.0000,	0.0000,	0.0000,	0.0000,	NULL,	NULL,	NULL,	NULL,	'2022-11-06 18:15:10',	'2022-11-06 18:15:10'),
(15,	120,	17,	17,	50.0000,	1.8500,	0.00,	1.8500,	1.8500,	0.0000,	NULL,	NULL,	0.0000,	0.0000,	0.0000,	0.0000,	0.0000,	NULL,	NULL,	NULL,	NULL,	'2022-11-06 18:15:33',	'2022-11-06 18:15:33'),
(16,	121,	13,	13,	50.0000,	1.9800,	0.00,	1.9800,	1.9800,	0.0000,	NULL,	NULL,	0.0000,	0.0000,	0.0000,	0.0000,	0.0000,	NULL,	NULL,	NULL,	NULL,	'2022-11-06 18:15:43',	'2022-11-06 18:15:43'),
(17,	122,	3,	3,	50.0000,	5.0000,	0.00,	5.0000,	5.0000,	0.0000,	NULL,	NULL,	0.0000,	0.0000,	0.0000,	0.0000,	0.0000,	NULL,	NULL,	NULL,	NULL,	'2022-11-06 18:17:32',	'2022-11-06 18:17:32');

DROP TABLE IF EXISTS `reference_counts`;
CREATE TABLE `reference_counts` (
  `id` int(10) unsigned NOT NULL AUTO_INCREMENT,
  `ref_type` varchar(191) NOT NULL,
  `ref_count` int(11) NOT NULL,
  `business_id` int(11) NOT NULL,
  `created_at` timestamp NULL DEFAULT NULL,
  `updated_at` timestamp NULL DEFAULT NULL,
  PRIMARY KEY (`id`),
  KEY `reference_counts_business_id_index` (`business_id`)
) ENGINE=InnoDB DEFAULT CHARSET=utf8mb4 COLLATE=utf8mb4_unicode_ci;

INSERT INTO `reference_counts` (`id`, `ref_type`, `ref_count`, `business_id`, `created_at`, `updated_at`) VALUES
(1,	'contacts',	6,	1,	'2021-12-22 07:32:36',	'2023-07-11 10:02:32'),
(2,	'business_location',	1,	1,	'2021-12-22 07:32:36',	'2021-12-22 07:32:36'),
(3,	'sell_payment',	119,	1,	'2022-01-15 07:05:48',	'2024-08-13 16:01:17'),
(4,	'purchase',	2,	1,	'2022-04-12 17:29:40',	'2022-04-13 20:10:37'),
(5,	'draft',	5,	1,	'2022-04-13 19:19:11',	'2024-08-13 15:58:08'),
(6,	'purchase_payment',	2,	1,	'2022-04-13 19:46:13',	'2022-04-13 20:10:37'),
(7,	'contacts',	1,	2,	'2022-10-13 04:03:11',	'2022-10-13 04:03:11'),
(8,	'business_location',	1,	2,	'2022-10-13 04:03:11',	'2022-10-13 04:03:11'),
(9,	'contacts',	1,	3,	'2022-10-14 21:41:02',	'2022-10-14 21:41:02'),
(10,	'business_location',	1,	3,	'2022-10-14 21:41:02',	'2022-10-14 21:41:02'),
(11,	'contacts',	1,	4,	'2022-10-19 07:56:23',	'2022-10-19 07:56:23'),
(12,	'business_location',	1,	4,	'2022-10-19 07:56:23',	'2022-10-19 07:56:23'),
(13,	'contacts',	1,	5,	'2022-10-20 05:22:26',	'2022-10-20 05:22:26'),
(14,	'business_location',	1,	5,	'2022-10-20 05:22:26',	'2022-10-20 05:22:26'),
(15,	'contacts',	1,	6,	'2022-10-24 04:07:34',	'2022-10-24 04:07:34'),
(16,	'business_location',	1,	6,	'2022-10-24 04:07:34',	'2022-10-24 04:07:34'),
(17,	'contacts',	1,	7,	'2022-10-25 05:46:02',	'2022-10-25 05:46:02'),
(18,	'business_location',	1,	7,	'2022-10-25 05:46:02',	'2022-10-25 05:46:02'),
(19,	'contacts',	1,	8,	'2023-06-23 13:36:11',	'2023-06-23 13:36:11'),
(20,	'business_location',	1,	8,	'2023-06-23 13:36:11',	'2023-06-23 13:36:11'),
(21,	'contacts',	1,	9,	'2024-08-16 21:27:41',	'2024-08-16 21:27:41'),
(22,	'business_location',	1,	9,	'2024-08-16 21:27:41',	'2024-08-16 21:27:41');

DROP TABLE IF EXISTS `repair_device_models`;
CREATE TABLE `repair_device_models` (
  `id` int(10) unsigned NOT NULL AUTO_INCREMENT,
  `business_id` int(10) unsigned NOT NULL,
  `name` varchar(191) NOT NULL,
  `repair_checklist` text DEFAULT NULL,
  `brand_id` int(10) unsigned DEFAULT NULL,
  `device_id` int(10) unsigned DEFAULT NULL,
  `created_by` int(10) unsigned NOT NULL,
  `created_at` timestamp NULL DEFAULT NULL,
  `updated_at` timestamp NULL DEFAULT NULL,
  PRIMARY KEY (`id`),
  KEY `repair_device_models_business_id_foreign` (`business_id`),
  KEY `repair_device_models_brand_id_foreign` (`brand_id`),
  KEY `repair_device_models_device_id_foreign` (`device_id`),
  KEY `repair_device_models_created_by_foreign` (`created_by`),
  CONSTRAINT `repair_device_models_brand_id_foreign` FOREIGN KEY (`brand_id`) REFERENCES `brands` (`id`),
  CONSTRAINT `repair_device_models_business_id_foreign` FOREIGN KEY (`business_id`) REFERENCES `business` (`id`) ON DELETE CASCADE,
  CONSTRAINT `repair_device_models_created_by_foreign` FOREIGN KEY (`created_by`) REFERENCES `users` (`id`),
  CONSTRAINT `repair_device_models_device_id_foreign` FOREIGN KEY (`device_id`) REFERENCES `categories` (`id`)
) ENGINE=InnoDB DEFAULT CHARSET=utf8mb4 COLLATE=utf8mb4_unicode_ci;


DROP TABLE IF EXISTS `repair_job_sheets`;
CREATE TABLE `repair_job_sheets` (
  `id` int(10) unsigned NOT NULL AUTO_INCREMENT,
  `business_id` int(10) unsigned NOT NULL,
  `location_id` int(10) unsigned DEFAULT NULL,
  `contact_id` int(10) unsigned NOT NULL,
  `job_sheet_no` varchar(191) NOT NULL,
  `service_type` enum('carry_in','pick_up','on_site') NOT NULL,
  `pick_up_on_site_addr` text DEFAULT NULL,
  `brand_id` int(10) unsigned DEFAULT NULL,
  `device_id` int(10) unsigned DEFAULT NULL,
  `device_model_id` int(10) unsigned DEFAULT NULL,
  `checklist` text DEFAULT NULL,
  `security_pwd` varchar(191) DEFAULT NULL,
  `security_pattern` varchar(191) DEFAULT NULL,
  `serial_no` varchar(191) NOT NULL,
  `status_id` int(11) NOT NULL,
  `delivery_date` datetime DEFAULT NULL,
  `product_configuration` text DEFAULT NULL,
  `defects` text DEFAULT NULL,
  `product_condition` text DEFAULT NULL,
  `service_staff` int(10) unsigned DEFAULT NULL,
  `comment_by_ss` text DEFAULT NULL COMMENT 'comment made by technician',
  `estimated_cost` decimal(22,4) DEFAULT NULL,
  `created_by` int(10) unsigned NOT NULL,
  `custom_field_1` varchar(191) DEFAULT NULL,
  `custom_field_2` varchar(191) DEFAULT NULL,
  `custom_field_3` varchar(191) DEFAULT NULL,
  `custom_field_4` varchar(191) DEFAULT NULL,
  `custom_field_5` varchar(191) DEFAULT NULL,
  `created_at` timestamp NULL DEFAULT NULL,
  `updated_at` timestamp NULL DEFAULT NULL,
  PRIMARY KEY (`id`),
  KEY `repair_job_sheets_business_id_foreign` (`business_id`),
  KEY `repair_job_sheets_contact_id_foreign` (`contact_id`),
  KEY `repair_job_sheets_brand_id_foreign` (`brand_id`),
  KEY `repair_job_sheets_device_id_foreign` (`device_id`),
  KEY `repair_job_sheets_device_model_id_foreign` (`device_model_id`),
  KEY `repair_job_sheets_service_staff_foreign` (`service_staff`),
  KEY `repair_job_sheets_created_by_foreign` (`created_by`),
  CONSTRAINT `repair_job_sheets_brand_id_foreign` FOREIGN KEY (`brand_id`) REFERENCES `brands` (`id`),
  CONSTRAINT `repair_job_sheets_business_id_foreign` FOREIGN KEY (`business_id`) REFERENCES `business` (`id`) ON DELETE CASCADE,
  CONSTRAINT `repair_job_sheets_contact_id_foreign` FOREIGN KEY (`contact_id`) REFERENCES `contacts` (`id`) ON DELETE CASCADE,
  CONSTRAINT `repair_job_sheets_created_by_foreign` FOREIGN KEY (`created_by`) REFERENCES `users` (`id`),
  CONSTRAINT `repair_job_sheets_device_id_foreign` FOREIGN KEY (`device_id`) REFERENCES `categories` (`id`),
  CONSTRAINT `repair_job_sheets_device_model_id_foreign` FOREIGN KEY (`device_model_id`) REFERENCES `repair_device_models` (`id`),
  CONSTRAINT `repair_job_sheets_service_staff_foreign` FOREIGN KEY (`service_staff`) REFERENCES `users` (`id`)
) ENGINE=InnoDB DEFAULT CHARSET=utf8mb4 COLLATE=utf8mb4_unicode_ci;


DROP TABLE IF EXISTS `repair_statuses`;
CREATE TABLE `repair_statuses` (
  `id` int(10) unsigned NOT NULL AUTO_INCREMENT,
  `name` varchar(191) NOT NULL,
  `color` varchar(191) DEFAULT NULL,
  `sort_order` int(11) DEFAULT NULL,
  `business_id` int(11) NOT NULL,
  `is_completed_status` tinyint(1) NOT NULL DEFAULT 0,
  `sms_template` text DEFAULT NULL,
  `email_subject` text DEFAULT NULL,
  `email_body` text DEFAULT NULL,
  `created_at` timestamp NULL DEFAULT NULL,
  `updated_at` timestamp NULL DEFAULT NULL,
  PRIMARY KEY (`id`)
) ENGINE=InnoDB DEFAULT CHARSET=utf8mb4 COLLATE=utf8mb4_unicode_ci;


DROP TABLE IF EXISTS `res_product_modifier_sets`;
CREATE TABLE `res_product_modifier_sets` (
  `modifier_set_id` int(10) unsigned NOT NULL,
  `product_id` int(10) unsigned NOT NULL COMMENT 'Table use to store the modifier sets applicable for a product',
  KEY `res_product_modifier_sets_modifier_set_id_foreign` (`modifier_set_id`),
  CONSTRAINT `res_product_modifier_sets_modifier_set_id_foreign` FOREIGN KEY (`modifier_set_id`) REFERENCES `products` (`id`) ON DELETE CASCADE
) ENGINE=InnoDB DEFAULT CHARSET=utf8mb4 COLLATE=utf8mb4_unicode_ci;

INSERT INTO `res_product_modifier_sets` (`modifier_set_id`, `product_id`) VALUES
(19,	18);

DROP TABLE IF EXISTS `res_tables`;
CREATE TABLE `res_tables` (
  `id` int(10) unsigned NOT NULL AUTO_INCREMENT,
  `business_id` int(10) unsigned NOT NULL,
  `location_id` int(10) unsigned NOT NULL,
  `name` varchar(191) NOT NULL,
  `description` text DEFAULT NULL,
  `created_by` int(10) unsigned NOT NULL,
  `deleted_at` timestamp NULL DEFAULT NULL,
  `created_at` timestamp NULL DEFAULT NULL,
  `updated_at` timestamp NULL DEFAULT NULL,
  PRIMARY KEY (`id`),
  KEY `res_tables_business_id_foreign` (`business_id`),
  CONSTRAINT `res_tables_business_id_foreign` FOREIGN KEY (`business_id`) REFERENCES `business` (`id`) ON DELETE CASCADE
) ENGINE=InnoDB DEFAULT CHARSET=utf8mb4 COLLATE=utf8mb4_unicode_ci;

INSERT INTO `res_tables` (`id`, `business_id`, `location_id`, `name`, `description`, `created_by`, `deleted_at`, `created_at`, `updated_at`) VALUES
(1,	1,	1,	'Test Table 1',	'Table 1',	1,	NULL,	'2024-08-13 02:10:37',	'2024-08-13 02:10:37');

DROP TABLE IF EXISTS `roles`;
CREATE TABLE `roles` (
  `id` int(10) unsigned NOT NULL AUTO_INCREMENT,
  `name` varchar(191) NOT NULL,
  `guard_name` varchar(191) NOT NULL,
  `business_id` int(10) unsigned NOT NULL,
  `is_default` tinyint(1) NOT NULL DEFAULT 0,
  `is_service_staff` tinyint(1) NOT NULL DEFAULT 0,
  `created_at` timestamp NULL DEFAULT NULL,
  `updated_at` timestamp NULL DEFAULT NULL,
  PRIMARY KEY (`id`),
  KEY `roles_business_id_foreign` (`business_id`),
  CONSTRAINT `roles_business_id_foreign` FOREIGN KEY (`business_id`) REFERENCES `business` (`id`) ON DELETE CASCADE
) ENGINE=InnoDB DEFAULT CHARSET=utf8mb4 COLLATE=utf8mb4_unicode_ci;

INSERT INTO `roles` (`id`, `name`, `guard_name`, `business_id`, `is_default`, `is_service_staff`, `created_at`, `updated_at`) VALUES
(1,	'Admin#1',	'web',	1,	1,	0,	'2021-12-22 07:32:36',	'2021-12-22 07:32:36'),
(2,	'Cashier#1',	'web',	1,	0,	0,	'2021-12-22 07:32:36',	'2021-12-22 07:32:36'),
(3,	'Admin#2',	'web',	2,	1,	0,	'2022-10-13 04:03:11',	'2022-10-13 04:03:11'),
(4,	'Cashier#2',	'web',	2,	0,	0,	'2022-10-13 04:03:11',	'2022-10-13 04:03:11'),
(5,	'Admin#3',	'web',	3,	1,	0,	'2022-10-14 21:41:02',	'2022-10-14 21:41:02'),
(6,	'Cashier#3',	'web',	3,	0,	0,	'2022-10-14 21:41:02',	'2022-10-14 21:41:02'),
(7,	'Admin#4',	'web',	4,	1,	0,	'2022-10-19 07:56:23',	'2022-10-19 07:56:23'),
(8,	'Cashier#4',	'web',	4,	0,	0,	'2022-10-19 07:56:23',	'2022-10-19 07:56:23'),
(9,	'Admin#5',	'web',	5,	1,	0,	'2022-10-20 05:22:26',	'2022-10-20 05:22:26'),
(10,	'Cashier#5',	'web',	5,	0,	0,	'2022-10-20 05:22:26',	'2022-10-20 05:22:26'),
(11,	'Admin#6',	'web',	6,	1,	0,	'2022-10-24 04:07:34',	'2022-10-24 04:07:34'),
(12,	'Cashier#6',	'web',	6,	0,	0,	'2022-10-24 04:07:34',	'2022-10-24 04:07:34'),
(13,	'Admin#7',	'web',	7,	1,	0,	'2022-10-25 05:46:02',	'2022-10-25 05:46:02'),
(14,	'Cashier#7',	'web',	7,	0,	0,	'2022-10-25 05:46:02',	'2022-10-25 05:46:02'),
(15,	'Admin#8',	'web',	8,	1,	0,	'2023-06-23 13:36:11',	'2023-06-23 13:36:11'),
(16,	'Cashier#8',	'web',	8,	0,	0,	'2023-06-23 13:36:11',	'2023-06-23 13:36:11'),
(17,	'Admin#9',	'web',	9,	1,	0,	'2024-08-16 21:27:41',	'2024-08-16 21:27:41'),
(18,	'Cashier#9',	'web',	9,	0,	0,	'2024-08-16 21:27:41',	'2024-08-16 21:27:41');

DROP TABLE IF EXISTS `role_has_permissions`;
CREATE TABLE `role_has_permissions` (
  `permission_id` int(10) unsigned NOT NULL,
  `role_id` int(10) unsigned NOT NULL,
  PRIMARY KEY (`permission_id`,`role_id`),
  KEY `role_has_permissions_role_id_foreign` (`role_id`),
  CONSTRAINT `role_has_permissions_permission_id_foreign` FOREIGN KEY (`permission_id`) REFERENCES `permissions` (`id`) ON DELETE CASCADE,
  CONSTRAINT `role_has_permissions_role_id_foreign` FOREIGN KEY (`role_id`) REFERENCES `roles` (`id`) ON DELETE CASCADE
) ENGINE=InnoDB DEFAULT CHARSET=utf8mb4 COLLATE=utf8mb4_unicode_ci;

INSERT INTO `role_has_permissions` (`permission_id`, `role_id`) VALUES
(25,	2),
(25,	4),
(25,	6),
(25,	8),
(25,	10),
(25,	12),
(25,	14),
(25,	16),
(25,	18),
(26,	2),
(26,	4),
(26,	6),
(26,	8),
(26,	10),
(26,	12),
(26,	14),
(26,	16),
(26,	18),
(48,	2),
(48,	4),
(48,	6),
(48,	8),
(48,	10),
(48,	12),
(48,	14),
(48,	16),
(48,	18),
(49,	2),
(49,	4),
(49,	6),
(49,	8),
(49,	10),
(49,	12),
(49,	14),
(49,	16),
(49,	18),
(50,	2),
(50,	4),
(50,	6),
(50,	8),
(50,	10),
(50,	12),
(50,	14),
(50,	16),
(50,	18),
(51,	2),
(51,	4),
(51,	6),
(51,	8),
(51,	10),
(51,	12),
(51,	14),
(51,	16),
(51,	18),
(80,	4),
(80,	6),
(80,	8),
(80,	10),
(80,	12),
(80,	14),
(80,	16),
(80,	18);

DROP TABLE IF EXISTS `selling_price_groups`;
CREATE TABLE `selling_price_groups` (
  `id` int(10) unsigned NOT NULL AUTO_INCREMENT,
  `name` varchar(191) NOT NULL,
  `description` text DEFAULT NULL,
  `business_id` int(10) unsigned NOT NULL,
  `is_active` tinyint(1) NOT NULL DEFAULT 1,
  `deleted_at` timestamp NULL DEFAULT NULL,
  `created_at` timestamp NULL DEFAULT NULL,
  `updated_at` timestamp NULL DEFAULT NULL,
  PRIMARY KEY (`id`),
  KEY `selling_price_groups_business_id_foreign` (`business_id`),
  CONSTRAINT `selling_price_groups_business_id_foreign` FOREIGN KEY (`business_id`) REFERENCES `business` (`id`) ON DELETE CASCADE
) ENGINE=InnoDB DEFAULT CHARSET=utf8mb4 COLLATE=utf8mb4_unicode_ci;


DROP TABLE IF EXISTS `sell_line_warranties`;
CREATE TABLE `sell_line_warranties` (
  `sell_line_id` int(11) NOT NULL,
  `warranty_id` int(11) NOT NULL
) ENGINE=InnoDB DEFAULT CHARSET=utf8mb4 COLLATE=utf8mb4_unicode_ci;


DROP TABLE IF EXISTS `sessions`;
CREATE TABLE `sessions` (
  `id` varchar(191) NOT NULL,
  `user_id` int(10) unsigned DEFAULT NULL,
  `ip_address` varchar(45) DEFAULT NULL,
  `user_agent` text DEFAULT NULL,
  `payload` text NOT NULL,
  `last_activity` int(11) NOT NULL,
  UNIQUE KEY `sessions_id_unique` (`id`)
) ENGINE=InnoDB DEFAULT CHARSET=utf8mb4 COLLATE=utf8mb4_unicode_ci;


DROP TABLE IF EXISTS `stock_adjustments_temp`;
CREATE TABLE `stock_adjustments_temp` (
  `id` int(11) DEFAULT NULL
) ENGINE=InnoDB DEFAULT CHARSET=latin1 COLLATE=latin1_swedish_ci;


DROP TABLE IF EXISTS `stock_adjustment_lines`;
CREATE TABLE `stock_adjustment_lines` (
  `id` int(10) unsigned NOT NULL AUTO_INCREMENT,
  `transaction_id` int(10) unsigned NOT NULL,
  `product_id` int(10) unsigned NOT NULL,
  `variation_id` int(10) unsigned NOT NULL,
  `quantity` decimal(22,4) NOT NULL,
  `unit_price` decimal(22,4) DEFAULT NULL COMMENT 'Last purchase unit price',
  `removed_purchase_line` int(11) DEFAULT NULL,
  `lot_no_line_id` int(11) DEFAULT NULL,
  `created_at` timestamp NULL DEFAULT NULL,
  `updated_at` timestamp NULL DEFAULT NULL,
  PRIMARY KEY (`id`),
  KEY `stock_adjustment_lines_product_id_foreign` (`product_id`),
  KEY `stock_adjustment_lines_variation_id_foreign` (`variation_id`),
  KEY `stock_adjustment_lines_transaction_id_index` (`transaction_id`),
  KEY `stock_adjustment_lines_lot_no_line_id_index` (`lot_no_line_id`),
  CONSTRAINT `stock_adjustment_lines_product_id_foreign` FOREIGN KEY (`product_id`) REFERENCES `products` (`id`) ON DELETE CASCADE,
  CONSTRAINT `stock_adjustment_lines_transaction_id_foreign` FOREIGN KEY (`transaction_id`) REFERENCES `transactions` (`id`) ON DELETE CASCADE,
  CONSTRAINT `stock_adjustment_lines_variation_id_foreign` FOREIGN KEY (`variation_id`) REFERENCES `variations` (`id`) ON DELETE CASCADE
) ENGINE=InnoDB DEFAULT CHARSET=utf8mb4 COLLATE=utf8mb4_unicode_ci;


DROP TABLE IF EXISTS `subscriptions`;
CREATE TABLE `subscriptions` (
  `id` int(10) unsigned NOT NULL AUTO_INCREMENT,
  `business_id` int(10) unsigned NOT NULL,
  `package_id` int(10) unsigned NOT NULL,
  `start_date` date DEFAULT NULL,
  `trial_end_date` date DEFAULT NULL,
  `end_date` date DEFAULT NULL,
  `package_price` decimal(22,4) NOT NULL,
  `package_details` longtext NOT NULL,
  `created_id` int(10) unsigned NOT NULL,
  `paid_via` varchar(191) DEFAULT NULL,
  `payment_transaction_id` varchar(191) DEFAULT NULL,
  `status` enum('approved','waiting','declined') NOT NULL DEFAULT 'waiting',
  `deleted_at` timestamp NULL DEFAULT NULL,
  `created_at` timestamp NULL DEFAULT NULL,
  `updated_at` timestamp NULL DEFAULT NULL,
  PRIMARY KEY (`id`),
  KEY `subscriptions_business_id_foreign` (`business_id`),
  KEY `subscriptions_package_id_index` (`package_id`),
  KEY `subscriptions_created_id_index` (`created_id`),
  CONSTRAINT `subscriptions_business_id_foreign` FOREIGN KEY (`business_id`) REFERENCES `business` (`id`) ON DELETE CASCADE
) ENGINE=InnoDB DEFAULT CHARSET=utf8mb4 COLLATE=utf8mb4_unicode_ci;

INSERT INTO `subscriptions` (`id`, `business_id`, `package_id`, `start_date`, `trial_end_date`, `end_date`, `package_price`, `package_details`, `created_id`, `paid_via`, `payment_transaction_id`, `status`, `deleted_at`, `created_at`, `updated_at`) VALUES
(1,	1,	1,	'2021-12-22',	NULL,	'2023-03-24',	500.0000,	'{\"location_count\":0,\"user_count\":0,\"product_count\":0,\"invoice_count\":0,\"name\":\"Trial\",\"connector_module\":\"1\",\"essentials_module\":\"1\",\"manufacturing_module\":\"1\",\"productcatalogue_module\":\"1\",\"project_module\":\"1\",\"repair_module\":\"1\",\"woocommerce_module\":\"1\"}',	1,	'offline',	NULL,	'approved',	NULL,	'2021-12-22 07:40:37',	'2021-12-22 07:42:41'),
(2,	3,	1,	NULL,	NULL,	NULL,	500.0000,	'{\"location_count\":0,\"user_count\":0,\"product_count\":0,\"invoice_count\":0,\"name\":\"Trial\",\"connector_module\":\"1\",\"essentials_module\":\"1\",\"manufacturing_module\":\"1\",\"productcatalogue_module\":\"1\",\"project_module\":\"1\",\"repair_module\":\"1\",\"woocommerce_module\":\"1\"}',	4,	'offline',	NULL,	'waiting',	NULL,	'2022-10-14 21:41:49',	'2022-10-14 21:41:49'),
(3,	4,	2,	'2022-10-19',	'2023-10-01',	'2023-10-31',	0.0000,	'{\"location_count\":1,\"user_count\":0,\"product_count\":0,\"invoice_count\":0,\"name\":\"Demo\",\"connector_module\":\"1\",\"essentials_module\":\"1\",\"manufacturing_module\":\"1\",\"productcatalogue_module\":\"1\",\"project_module\":\"1\",\"repair_module\":\"1\",\"woocommerce_module\":\"1\"}',	1,	'offline',	NULL,	'approved',	NULL,	'2022-10-19 12:57:27',	'2022-10-22 14:29:14'),
(4,	5,	2,	'2022-10-20',	'2022-11-03',	'2022-10-20',	0.0000,	'{\"location_count\":1,\"user_count\":0,\"product_count\":0,\"invoice_count\":0,\"name\":\"Demo\",\"connector_module\":\"1\",\"essentials_module\":\"1\",\"manufacturing_module\":\"1\",\"productcatalogue_module\":\"1\",\"project_module\":\"1\",\"repair_module\":\"1\",\"woocommerce_module\":\"1\"}',	1,	'offline',	NULL,	'approved',	NULL,	'2022-10-20 05:22:26',	'2022-10-20 05:22:26'),
(5,	5,	3,	'2022-10-21',	'2022-11-21',	'2022-11-21',	10.0000,	'{\"location_count\":1,\"user_count\":2,\"product_count\":100,\"invoice_count\":0,\"name\":\"Kickoff Package\"}',	1,	'offline',	NULL,	'approved',	NULL,	'2022-10-24 02:44:42',	'2022-10-24 02:44:42'),
(6,	6,	3,	'2022-10-23',	'2022-10-23',	'2022-10-23',	10.0000,	'{\"location_count\":1,\"user_count\":2,\"product_count\":100,\"invoice_count\":0,\"name\":\"Kickoff Package\"}',	7,	'offline',	NULL,	'waiting',	NULL,	'2022-10-24 00:50:36',	'2022-10-24 05:08:02'),
(7,	6,	3,	'2022-11-25',	'2022-12-25',	'2022-12-25',	10.0000,	'{\"location_count\":1,\"user_count\":2,\"product_count\":100,\"invoice_count\":0,\"name\":\"Kickoff Package\"}',	7,	'offline',	NULL,	'declined',	NULL,	'2022-10-24 00:50:57',	'2022-10-24 05:06:46'),
(8,	1,	8,	'2023-03-25',	'2023-04-25',	'2023-04-25',	129.0000,	'{\"location_count\":1,\"user_count\":0,\"product_count\":0,\"invoice_count\":0,\"name\":\"Restaurant - Ultimate\",\"productcatalogue_module\":\"1\"}',	1,	'offline',	NULL,	'approved',	NULL,	'2023-05-04 07:34:23',	'2023-05-04 07:34:23'),
(9,	1,	8,	'2023-04-26',	'2023-05-26',	'2023-05-26',	129.0000,	'{\"location_count\":1,\"user_count\":0,\"product_count\":0,\"invoice_count\":0,\"name\":\"Restaurant - Ultimate\",\"productcatalogue_module\":\"1\"}',	1,	'offline',	NULL,	'approved',	NULL,	'2023-05-04 07:36:03',	'2023-05-04 07:36:03'),
(10,	2,	8,	'2023-07-10',	'2023-08-10',	'2023-08-10',	129.0000,	'{\"location_count\":1,\"user_count\":0,\"product_count\":0,\"invoice_count\":0,\"name\":\"Restaurant - Ultimate\",\"productcatalogue_module\":\"1\"}',	1,	'offline',	'001',	'approved',	NULL,	'2023-07-10 22:58:50',	'2023-07-10 22:58:50'),
(11,	1,	2,	'2023-05-27',	'2023-06-10',	'2023-05-27',	0.0000,	'{\"location_count\":1,\"user_count\":0,\"product_count\":0,\"invoice_count\":0,\"name\":\"Demo\",\"connector_module\":\"1\",\"essentials_module\":\"1\",\"manufacturing_module\":\"1\",\"productcatalogue_module\":\"1\",\"project_module\":\"1\",\"repair_module\":\"1\",\"woocommerce_module\":\"1\"}',	1,	NULL,	'FREE',	'approved',	NULL,	'2023-07-10 13:29:19',	'2023-07-10 13:29:19'),
(12,	5,	2,	'2022-11-22',	'2022-12-06',	'2022-11-22',	0.0000,	'{\"location_count\":1,\"user_count\":0,\"product_count\":0,\"invoice_count\":0,\"name\":\"Demo\",\"connector_module\":\"1\",\"essentials_module\":\"1\",\"manufacturing_module\":\"1\",\"productcatalogue_module\":\"1\",\"project_module\":\"1\",\"repair_module\":\"1\",\"woocommerce_module\":\"1\"}',	1,	'offline',	NULL,	'approved',	NULL,	'2023-07-10 23:00:43',	'2023-07-10 23:00:43'),
(13,	5,	2,	'2022-11-23',	'2022-12-07',	'2022-11-23',	0.0000,	'{\"location_count\":1,\"user_count\":0,\"product_count\":0,\"invoice_count\":0,\"name\":\"Demo\",\"connector_module\":\"1\",\"essentials_module\":\"1\",\"manufacturing_module\":\"1\",\"productcatalogue_module\":\"1\",\"project_module\":\"1\",\"repair_module\":\"1\",\"woocommerce_module\":\"1\"}',	1,	'offline',	NULL,	'approved',	NULL,	'2023-07-10 23:01:20',	'2023-07-10 23:01:20'),
(14,	5,	2,	'2022-11-24',	'2022-12-08',	'2022-11-24',	0.0000,	'{\"location_count\":1,\"user_count\":0,\"product_count\":0,\"invoice_count\":0,\"name\":\"Demo\",\"connector_module\":\"1\",\"essentials_module\":\"1\",\"manufacturing_module\":\"1\",\"productcatalogue_module\":\"1\",\"project_module\":\"1\",\"repair_module\":\"1\",\"woocommerce_module\":\"1\"}',	1,	'offline',	NULL,	'approved',	NULL,	'2023-07-10 23:01:58',	'2023-07-10 23:01:58'),
(15,	1,	2,	'2023-05-28',	'2023-06-11',	'2023-05-28',	0.0000,	'{\"location_count\":1,\"user_count\":0,\"product_count\":0,\"invoice_count\":0,\"name\":\"Demo\",\"connector_module\":\"1\",\"essentials_module\":\"1\",\"manufacturing_module\":\"1\",\"productcatalogue_module\":\"1\",\"project_module\":\"1\",\"repair_module\":\"1\",\"woocommerce_module\":\"1\"}',	1,	NULL,	'FREE',	'approved',	NULL,	'2023-07-10 14:16:58',	'2023-07-10 14:16:58'),
(16,	1,	8,	'2023-05-29',	'2023-06-29',	'2023-06-29',	129.0000,	'{\"location_count\":1,\"user_count\":0,\"product_count\":0,\"invoice_count\":0,\"name\":\"Restaurant - Ultimate\",\"productcatalogue_module\":\"1\"}',	1,	'offline',	NULL,	'approved',	NULL,	'2023-07-10 23:48:37',	'2023-07-10 23:48:37'),
(17,	1,	8,	'2023-06-30',	'2023-07-30',	'2023-07-30',	129.0000,	'{\"location_count\":1,\"user_count\":0,\"product_count\":0,\"invoice_count\":0,\"name\":\"Restaurant - Ultimate\",\"productcatalogue_module\":\"1\"}',	1,	'offline',	NULL,	'approved',	NULL,	'2023-07-11 17:04:10',	'2023-07-11 17:04:10'),
(18,	1,	8,	'2023-07-31',	'2023-08-31',	'2023-08-31',	129.0000,	'{\"location_count\":1,\"user_count\":0,\"product_count\":0,\"invoice_count\":0,\"name\":\"Restaurant - Ultimate\",\"productcatalogue_module\":\"1\"}',	1,	'offline',	NULL,	'approved',	NULL,	'2024-01-24 04:03:17',	'2024-01-24 04:03:17'),
(19,	1,	8,	'2023-09-01',	'2023-10-01',	'2023-10-01',	129.0000,	'{\"location_count\":1,\"user_count\":0,\"product_count\":0,\"invoice_count\":0,\"name\":\"Restaurant - Ultimate\",\"productcatalogue_module\":\"1\"}',	1,	'offline',	NULL,	'approved',	NULL,	'2024-03-02 10:28:35',	'2024-03-02 10:28:35'),
(20,	1,	8,	'2023-10-02',	'2023-11-02',	'2023-11-02',	129.0000,	'{\"location_count\":1,\"user_count\":0,\"product_count\":0,\"invoice_count\":0,\"name\":\"Restaurant - Ultimate\",\"productcatalogue_module\":\"1\"}',	1,	'offline',	NULL,	'approved',	NULL,	'2024-03-02 10:30:18',	'2024-03-02 10:30:18'),
(21,	1,	8,	'2023-11-03',	'2023-12-03',	'2023-12-03',	129.0000,	'{\"location_count\":1,\"user_count\":0,\"product_count\":0,\"invoice_count\":0,\"name\":\"Restaurant - Ultimate\",\"productcatalogue_module\":\"1\"}',	1,	'offline',	NULL,	'approved',	NULL,	'2024-03-02 00:09:08',	'2024-03-02 10:40:34'),
(22,	1,	8,	'2024-03-02',	NULL,	'2029-01-01',	129.0000,	'{\"location_count\":1,\"user_count\":0,\"product_count\":0,\"invoice_count\":0,\"name\":\"Restaurant - Ultimate\",\"productcatalogue_module\":\"1\"}',	1,	'offline',	NULL,	'approved',	NULL,	'2024-03-02 00:19:14',	'2024-03-02 10:51:47'),
(23,	9,	8,	'2024-08-16',	'2024-09-16',	'2024-09-16',	129.0000,	'{\"location_count\":1,\"user_count\":0,\"product_count\":0,\"invoice_count\":0,\"name\":\"Restaurant - Ultimate\",\"productcatalogue_module\":\"1\"}',	1,	'offline',	NULL,	'approved',	NULL,	'2024-08-16 21:27:41',	'2024-08-16 21:27:41');

DROP TABLE IF EXISTS `superadmin_communicator_logs`;
CREATE TABLE `superadmin_communicator_logs` (
  `id` int(10) unsigned NOT NULL AUTO_INCREMENT,
  `business_ids` text DEFAULT NULL,
  `subject` varchar(191) DEFAULT NULL,
  `message` text DEFAULT NULL,
  `created_at` timestamp NULL DEFAULT NULL,
  `updated_at` timestamp NULL DEFAULT NULL,
  PRIMARY KEY (`id`)
) ENGINE=InnoDB DEFAULT CHARSET=utf8mb4 COLLATE=utf8mb4_unicode_ci;

INSERT INTO `superadmin_communicator_logs` (`id`, `business_ids`, `subject`, `message`, `created_at`, `updated_at`) VALUES
(1,	'[\"1\"]',	'Test Email Reveal POS Cloud',	'Outgoing Email Test',	'2022-10-24 04:51:53',	'2022-10-24 04:51:53'),
(2,	'[\"6\"]',	'Test Email Reveal POS Cloud',	'Outgoing Email Test',	'2022-10-24 04:53:12',	'2022-10-24 04:53:12');

DROP TABLE IF EXISTS `superadmin_frontend_pages`;
CREATE TABLE `superadmin_frontend_pages` (
  `id` int(10) unsigned NOT NULL AUTO_INCREMENT,
  `title` varchar(191) DEFAULT NULL,
  `slug` varchar(191) NOT NULL,
  `content` longtext NOT NULL,
  `is_shown` tinyint(1) NOT NULL,
  `menu_order` int(11) DEFAULT 0,
  `created_at` timestamp NULL DEFAULT NULL,
  `updated_at` timestamp NULL DEFAULT NULL,
  PRIMARY KEY (`id`)
) ENGINE=InnoDB DEFAULT CHARSET=utf8mb4 COLLATE=utf8mb4_unicode_ci;


DROP TABLE IF EXISTS `system`;
CREATE TABLE `system` (
  `id` int(10) unsigned NOT NULL AUTO_INCREMENT,
  `key` varchar(191) NOT NULL,
  `value` text DEFAULT NULL,
  PRIMARY KEY (`id`)
) ENGINE=InnoDB DEFAULT CHARSET=utf8mb4 COLLATE=utf8mb4_unicode_ci;

INSERT INTO `system` (`id`, `key`, `value`) VALUES
(1,	'db_version',	'4.7.3'),
(2,	'default_business_active_status',	'1'),
(3,	'connector_version',	'1.1'),
(4,	'essentials_version',	'2.2'),
(5,	'manufacturing_version',	'2.1'),
(6,	'productcatalogue_version',	'0.4'),
(7,	'project_version',	'1.6'),
(8,	'repair_version',	'0.9'),
(9,	'superadmin_version',	'2.5'),
(10,	'app_currency_id',	'2'),
(11,	'invoice_business_name',	'RevealPOS'),
(12,	'invoice_business_landmark',	'Manhattan NY Financial District'),
(13,	'invoice_business_zip',	'10006'),
(14,	'invoice_business_state',	'NY'),
(15,	'invoice_business_city',	'New York'),
(16,	'invoice_business_country',	'USA'),
(17,	'email',	'admin@revealpos.co'),
(18,	'package_expiry_alert_days',	'5'),
(19,	'enable_business_based_username',	'0'),
(20,	'woocommerce_version',	'2.0'),
(21,	'superadmin_register_tc',	NULL),
(22,	'welcome_email_subject',	NULL),
(23,	'welcome_email_body',	NULL),
(24,	'additional_js',	NULL),
(25,	'additional_css',	NULL),
(26,	'offline_payment_details',	'Bank\r\n92749274929'),
(27,	'superadmin_enable_register_tc',	'0'),
(28,	'allow_email_settings_to_businesses',	'0'),
(29,	'enable_new_business_registration_notification',	'0'),
(30,	'enable_new_subscription_notification',	'0'),
(31,	'enable_welcome_email',	'0'),
(32,	'enable_offline_payment',	'1');

DROP TABLE IF EXISTS `tax_rates`;
CREATE TABLE `tax_rates` (
  `id` int(10) unsigned NOT NULL AUTO_INCREMENT,
  `business_id` int(10) unsigned NOT NULL,
  `name` varchar(191) NOT NULL,
  `amount` double(22,4) NOT NULL,
  `is_tax_group` tinyint(1) NOT NULL DEFAULT 0,
  `for_tax_group` tinyint(1) NOT NULL DEFAULT 0,
  `created_by` int(10) unsigned NOT NULL,
  `woocommerce_tax_rate_id` int(11) DEFAULT NULL,
  `deleted_at` timestamp NULL DEFAULT NULL,
  `created_at` timestamp NULL DEFAULT NULL,
  `updated_at` timestamp NULL DEFAULT NULL,
  PRIMARY KEY (`id`),
  KEY `tax_rates_business_id_foreign` (`business_id`),
  KEY `tax_rates_created_by_foreign` (`created_by`),
  CONSTRAINT `tax_rates_business_id_foreign` FOREIGN KEY (`business_id`) REFERENCES `business` (`id`) ON DELETE CASCADE,
  CONSTRAINT `tax_rates_created_by_foreign` FOREIGN KEY (`created_by`) REFERENCES `users` (`id`) ON DELETE CASCADE
) ENGINE=InnoDB DEFAULT CHARSET=utf8mb4 COLLATE=utf8mb4_unicode_ci;


DROP TABLE IF EXISTS `transactions`;
CREATE TABLE `transactions` (
  `id` int(10) unsigned NOT NULL AUTO_INCREMENT,
  `business_id` int(10) unsigned NOT NULL,
  `location_id` int(10) unsigned DEFAULT NULL,
  `res_table_id` int(10) unsigned DEFAULT NULL COMMENT 'fields to restaurant module',
  `res_waiter_id` int(10) unsigned DEFAULT NULL COMMENT 'fields to restaurant module',
  `res_order_status` enum('received','cooked','served') DEFAULT NULL,
  `type` varchar(191) DEFAULT NULL,
  `sub_type` varchar(20) DEFAULT NULL,
  `status` varchar(191) NOT NULL,
  `sub_status` varchar(191) DEFAULT NULL,
  `is_quotation` tinyint(1) NOT NULL DEFAULT 0,
  `payment_status` enum('paid','due','partial') DEFAULT NULL,
  `adjustment_type` enum('normal','abnormal') DEFAULT NULL,
  `contact_id` int(11) unsigned DEFAULT NULL,
  `customer_group_id` int(11) DEFAULT NULL COMMENT 'used to add customer group while selling',
  `invoice_no` varchar(191) DEFAULT NULL,
  `ref_no` varchar(191) DEFAULT NULL,
  `source` varchar(191) DEFAULT NULL,
  `subscription_no` varchar(191) DEFAULT NULL,
  `subscription_repeat_on` varchar(191) DEFAULT NULL,
  `transaction_date` datetime NOT NULL,
  `total_before_tax` decimal(22,4) NOT NULL DEFAULT 0.0000 COMMENT 'Total before the purchase/invoice tax, this includeds the indivisual product tax',
  `tax_id` int(10) unsigned DEFAULT NULL,
  `tax_amount` decimal(22,4) NOT NULL DEFAULT 0.0000,
  `discount_type` enum('fixed','percentage') DEFAULT NULL,
  `discount_amount` decimal(22,4) DEFAULT 0.0000,
  `rp_redeemed` int(11) NOT NULL DEFAULT 0 COMMENT 'rp is the short form of reward points',
  `rp_redeemed_amount` decimal(22,4) NOT NULL DEFAULT 0.0000 COMMENT 'rp is the short form of reward points',
  `total_tender` decimal(22,4) DEFAULT NULL,
  `shipping_details` varchar(191) DEFAULT NULL,
  `shipping_address` text DEFAULT NULL,
  `shipping_status` varchar(191) DEFAULT NULL,
  `delivered_to` varchar(191) DEFAULT NULL,
  `shipping_charges` decimal(22,4) NOT NULL DEFAULT 0.0000,
  `shipping_custom_field_1` varchar(191) DEFAULT NULL,
  `shipping_custom_field_2` varchar(191) DEFAULT NULL,
  `shipping_custom_field_3` varchar(191) DEFAULT NULL,
  `shipping_custom_field_4` varchar(191) DEFAULT NULL,
  `shipping_custom_field_5` varchar(191) DEFAULT NULL,
  `additional_notes` text DEFAULT NULL,
  `staff_note` text DEFAULT NULL,
  `is_export` tinyint(1) NOT NULL DEFAULT 0,
  `export_custom_fields_info` longtext DEFAULT NULL,
  `round_off_amount` decimal(22,4) NOT NULL DEFAULT 0.0000 COMMENT 'Difference of rounded total and actual total',
  `additional_expense_key_1` varchar(191) DEFAULT NULL,
  `additional_expense_value_1` decimal(22,4) NOT NULL DEFAULT 0.0000,
  `additional_expense_key_2` varchar(191) DEFAULT NULL,
  `additional_expense_value_2` decimal(22,4) NOT NULL DEFAULT 0.0000,
  `additional_expense_key_3` varchar(191) DEFAULT NULL,
  `additional_expense_value_3` decimal(22,4) NOT NULL DEFAULT 0.0000,
  `additional_expense_key_4` varchar(191) DEFAULT NULL,
  `additional_expense_value_4` decimal(22,4) NOT NULL DEFAULT 0.0000,
  `final_total` decimal(22,4) NOT NULL DEFAULT 0.0000,
  `expense_category_id` int(10) unsigned DEFAULT NULL,
  `expense_for` int(10) unsigned DEFAULT NULL,
  `commission_agent` int(11) DEFAULT NULL,
  `document` varchar(191) DEFAULT NULL,
  `is_direct_sale` tinyint(1) NOT NULL DEFAULT 0,
  `is_suspend` tinyint(1) NOT NULL DEFAULT 0,
  `exchange_rate` decimal(20,3) NOT NULL DEFAULT 1.000,
  `total_amount_recovered` decimal(22,4) DEFAULT NULL COMMENT 'Used for stock adjustment.',
  `transfer_parent_id` int(11) DEFAULT NULL,
  `return_parent_id` int(11) DEFAULT NULL,
  `opening_stock_product_id` int(11) DEFAULT NULL,
  `created_by` int(10) unsigned NOT NULL,
  `woocommerce_order_id` int(11) DEFAULT NULL,
  `repair_completed_on` datetime DEFAULT NULL,
  `repair_warranty_id` int(11) DEFAULT NULL,
  `repair_brand_id` int(11) DEFAULT NULL,
  `repair_status_id` int(11) DEFAULT NULL,
  `repair_model_id` int(11) DEFAULT NULL,
  `repair_job_sheet_id` int(10) unsigned DEFAULT NULL,
  `repair_defects` text DEFAULT NULL,
  `repair_serial_no` varchar(191) DEFAULT NULL,
  `repair_checklist` text DEFAULT NULL,
  `repair_security_pwd` varchar(191) DEFAULT NULL,
  `repair_security_pattern` varchar(191) DEFAULT NULL,
  `repair_due_date` datetime DEFAULT NULL,
  `repair_device_id` int(11) DEFAULT NULL,
  `repair_updates_notif` tinyint(1) NOT NULL DEFAULT 0,
  `mfg_parent_production_purchase_id` int(11) DEFAULT NULL,
  `mfg_wasted_units` decimal(22,4) DEFAULT NULL,
  `mfg_production_cost` decimal(22,4) NOT NULL DEFAULT 0.0000,
  `mfg_production_cost_type` varchar(191) DEFAULT 'percentage',
  `mfg_is_final` tinyint(1) NOT NULL DEFAULT 0,
  `essentials_duration` decimal(8,2) NOT NULL,
  `essentials_duration_unit` varchar(20) DEFAULT NULL,
  `essentials_amount_per_unit_duration` decimal(22,4) NOT NULL DEFAULT 0.0000,
  `essentials_allowances` text DEFAULT NULL,
  `essentials_deductions` text DEFAULT NULL,
  `prefer_payment_method` varchar(191) DEFAULT NULL,
  `prefer_payment_account` int(11) DEFAULT NULL,
  `sales_order_ids` text DEFAULT NULL,
  `purchase_order_ids` text DEFAULT NULL,
  `custom_field_1` varchar(191) DEFAULT NULL,
  `custom_field_2` varchar(191) DEFAULT NULL,
  `custom_field_3` varchar(191) DEFAULT NULL,
  `custom_field_4` varchar(191) DEFAULT NULL,
  `import_batch` int(11) DEFAULT NULL,
  `import_time` datetime DEFAULT NULL,
  `types_of_service_id` int(11) DEFAULT NULL,
  `packing_charge` decimal(22,4) DEFAULT NULL,
  `packing_charge_type` enum('fixed','percent') DEFAULT NULL,
  `service_custom_field_1` text DEFAULT NULL,
  `service_custom_field_2` text DEFAULT NULL,
  `service_custom_field_3` text DEFAULT NULL,
  `service_custom_field_4` text DEFAULT NULL,
  `service_custom_field_5` text DEFAULT NULL,
  `service_custom_field_6` text DEFAULT NULL,
  `is_created_from_api` tinyint(1) NOT NULL DEFAULT 0,
  `rp_earned` int(11) NOT NULL DEFAULT 0 COMMENT 'rp is the short form of reward points',
  `order_addresses` text DEFAULT NULL,
  `is_recurring` tinyint(1) NOT NULL DEFAULT 0,
  `recur_interval` double(22,4) DEFAULT NULL,
  `recur_interval_type` enum('days','months','years') DEFAULT NULL,
  `recur_repetitions` int(11) DEFAULT NULL,
  `recur_stopped_on` datetime DEFAULT NULL,
  `recur_parent_id` int(11) DEFAULT NULL,
  `invoice_token` varchar(191) DEFAULT NULL,
  `pay_term_number` int(11) DEFAULT NULL,
  `pay_term_type` enum('days','months') DEFAULT NULL,
  `pjt_project_id` int(10) unsigned DEFAULT NULL,
  `pjt_title` varchar(191) DEFAULT NULL,
  `selling_price_group_id` int(11) DEFAULT NULL,
  `created_at` timestamp NULL DEFAULT NULL,
  `updated_at` timestamp NULL DEFAULT NULL,
  PRIMARY KEY (`id`),
  KEY `transactions_tax_id_foreign` (`tax_id`),
  KEY `transactions_business_id_index` (`business_id`),
  KEY `transactions_type_index` (`type`),
  KEY `transactions_contact_id_index` (`contact_id`),
  KEY `transactions_transaction_date_index` (`transaction_date`),
  KEY `transactions_created_by_index` (`created_by`),
  KEY `transactions_location_id_index` (`location_id`),
  KEY `transactions_expense_for_foreign` (`expense_for`),
  KEY `transactions_expense_category_id_index` (`expense_category_id`),
  KEY `transactions_sub_type_index` (`sub_type`),
  KEY `transactions_return_parent_id_index` (`return_parent_id`),
  KEY `type` (`type`),
  KEY `transactions_status_index` (`status`),
  KEY `transactions_sub_status_index` (`sub_status`),
  KEY `transactions_res_table_id_index` (`res_table_id`),
  KEY `transactions_res_waiter_id_index` (`res_waiter_id`),
  KEY `transactions_res_order_status_index` (`res_order_status`),
  KEY `transactions_payment_status_index` (`payment_status`),
  KEY `transactions_discount_type_index` (`discount_type`),
  KEY `transactions_commission_agent_index` (`commission_agent`),
  KEY `transactions_transfer_parent_id_index` (`transfer_parent_id`),
  KEY `transactions_types_of_service_id_index` (`types_of_service_id`),
  KEY `transactions_packing_charge_type_index` (`packing_charge_type`),
  KEY `transactions_recur_parent_id_index` (`recur_parent_id`),
  KEY `transactions_selling_price_group_id_index` (`selling_price_group_id`),
  KEY `transactions_pjt_project_id_foreign` (`pjt_project_id`),
  KEY `transactions_repair_model_id_index` (`repair_model_id`),
  KEY `transactions_repair_job_sheet_id_foreign` (`repair_job_sheet_id`),
  CONSTRAINT `transactions_business_id_foreign` FOREIGN KEY (`business_id`) REFERENCES `business` (`id`) ON DELETE CASCADE,
  CONSTRAINT `transactions_contact_id_foreign` FOREIGN KEY (`contact_id`) REFERENCES `contacts` (`id`) ON DELETE CASCADE,
  CONSTRAINT `transactions_created_by_foreign` FOREIGN KEY (`created_by`) REFERENCES `users` (`id`) ON DELETE CASCADE,
  CONSTRAINT `transactions_expense_category_id_foreign` FOREIGN KEY (`expense_category_id`) REFERENCES `expense_categories` (`id`) ON DELETE CASCADE,
  CONSTRAINT `transactions_expense_for_foreign` FOREIGN KEY (`expense_for`) REFERENCES `users` (`id`) ON DELETE CASCADE,
  CONSTRAINT `transactions_location_id_foreign` FOREIGN KEY (`location_id`) REFERENCES `business_locations` (`id`),
  CONSTRAINT `transactions_pjt_project_id_foreign` FOREIGN KEY (`pjt_project_id`) REFERENCES `pjt_projects` (`id`) ON DELETE CASCADE,
  CONSTRAINT `transactions_repair_job_sheet_id_foreign` FOREIGN KEY (`repair_job_sheet_id`) REFERENCES `repair_job_sheets` (`id`) ON DELETE CASCADE,
  CONSTRAINT `transactions_tax_id_foreign` FOREIGN KEY (`tax_id`) REFERENCES `tax_rates` (`id`) ON DELETE CASCADE
) ENGINE=InnoDB DEFAULT CHARSET=utf8mb4 COLLATE=utf8mb4_unicode_ci;

INSERT INTO `transactions` (`id`, `business_id`, `location_id`, `res_table_id`, `res_waiter_id`, `res_order_status`, `type`, `sub_type`, `status`, `sub_status`, `is_quotation`, `payment_status`, `adjustment_type`, `contact_id`, `customer_group_id`, `invoice_no`, `ref_no`, `source`, `subscription_no`, `subscription_repeat_on`, `transaction_date`, `total_before_tax`, `tax_id`, `tax_amount`, `discount_type`, `discount_amount`, `rp_redeemed`, `rp_redeemed_amount`, `total_tender`, `shipping_details`, `shipping_address`, `shipping_status`, `delivered_to`, `shipping_charges`, `shipping_custom_field_1`, `shipping_custom_field_2`, `shipping_custom_field_3`, `shipping_custom_field_4`, `shipping_custom_field_5`, `additional_notes`, `staff_note`, `is_export`, `export_custom_fields_info`, `round_off_amount`, `additional_expense_key_1`, `additional_expense_value_1`, `additional_expense_key_2`, `additional_expense_value_2`, `additional_expense_key_3`, `additional_expense_value_3`, `additional_expense_key_4`, `additional_expense_value_4`, `final_total`, `expense_category_id`, `expense_for`, `commission_agent`, `document`, `is_direct_sale`, `is_suspend`, `exchange_rate`, `total_amount_recovered`, `transfer_parent_id`, `return_parent_id`, `opening_stock_product_id`, `created_by`, `woocommerce_order_id`, `repair_completed_on`, `repair_warranty_id`, `repair_brand_id`, `repair_status_id`, `repair_model_id`, `repair_job_sheet_id`, `repair_defects`, `repair_serial_no`, `repair_checklist`, `repair_security_pwd`, `repair_security_pattern`, `repair_due_date`, `repair_device_id`, `repair_updates_notif`, `mfg_parent_production_purchase_id`, `mfg_wasted_units`, `mfg_production_cost`, `mfg_production_cost_type`, `mfg_is_final`, `essentials_duration`, `essentials_duration_unit`, `essentials_amount_per_unit_duration`, `essentials_allowances`, `essentials_deductions`, `prefer_payment_method`, `prefer_payment_account`, `sales_order_ids`, `purchase_order_ids`, `custom_field_1`, `custom_field_2`, `custom_field_3`, `custom_field_4`, `import_batch`, `import_time`, `types_of_service_id`, `packing_charge`, `packing_charge_type`, `service_custom_field_1`, `service_custom_field_2`, `service_custom_field_3`, `service_custom_field_4`, `service_custom_field_5`, `service_custom_field_6`, `is_created_from_api`, `rp_earned`, `order_addresses`, `is_recurring`, `recur_interval`, `recur_interval_type`, `recur_repetitions`, `recur_stopped_on`, `recur_parent_id`, `invoice_token`, `pay_term_number`, `pay_term_type`, `pjt_project_id`, `pjt_title`, `selling_price_group_id`, `created_at`, `updated_at`) VALUES
(1,	1,	1,	NULL,	NULL,	NULL,	'sell',	NULL,	'final',	NULL,	0,	'paid',	NULL,	1,	NULL,	'0001',	'',	NULL,	NULL,	NULL,	'2022-01-15 02:05:48',	1.0000,	NULL,	0.0000,	'percentage',	0.0000,	0,	0.0000,	NULL,	NULL,	NULL,	NULL,	NULL,	0.0000,	NULL,	NULL,	NULL,	NULL,	NULL,	NULL,	NULL,	0,	NULL,	0.0000,	NULL,	0.0000,	NULL,	0.0000,	NULL,	0.0000,	NULL,	0.0000,	1.0000,	NULL,	NULL,	NULL,	NULL,	0,	0,	1.000,	NULL,	NULL,	NULL,	NULL,	1,	NULL,	NULL,	NULL,	NULL,	NULL,	NULL,	NULL,	NULL,	NULL,	NULL,	NULL,	NULL,	NULL,	NULL,	0,	NULL,	NULL,	0.0000,	'percentage',	0,	0.00,	NULL,	0.0000,	NULL,	NULL,	NULL,	NULL,	NULL,	NULL,	NULL,	NULL,	NULL,	NULL,	NULL,	NULL,	NULL,	0.0000,	NULL,	NULL,	NULL,	NULL,	NULL,	NULL,	NULL,	0,	0,	NULL,	0,	1.0000,	'days',	0,	NULL,	NULL,	NULL,	NULL,	NULL,	NULL,	NULL,	0,	'2022-01-15 07:05:48',	'2022-01-15 07:05:48'),
(2,	1,	1,	NULL,	NULL,	NULL,	'sell',	NULL,	'final',	NULL,	0,	'paid',	NULL,	1,	NULL,	'0002',	'',	NULL,	NULL,	NULL,	'2022-01-15 02:07:28',	1.0000,	NULL,	0.0000,	'percentage',	0.0000,	0,	0.0000,	NULL,	NULL,	NULL,	NULL,	NULL,	0.0000,	NULL,	NULL,	NULL,	NULL,	NULL,	NULL,	NULL,	0,	NULL,	0.0000,	NULL,	0.0000,	NULL,	0.0000,	NULL,	0.0000,	NULL,	0.0000,	1.0000,	NULL,	NULL,	NULL,	NULL,	0,	0,	1.000,	NULL,	NULL,	NULL,	NULL,	1,	NULL,	NULL,	NULL,	NULL,	NULL,	NULL,	NULL,	NULL,	NULL,	NULL,	NULL,	NULL,	NULL,	NULL,	0,	NULL,	NULL,	0.0000,	'percentage',	0,	0.00,	NULL,	0.0000,	NULL,	NULL,	NULL,	NULL,	NULL,	NULL,	NULL,	NULL,	NULL,	NULL,	NULL,	NULL,	NULL,	0.0000,	NULL,	NULL,	NULL,	NULL,	NULL,	NULL,	NULL,	0,	0,	NULL,	0,	1.0000,	'days',	0,	NULL,	NULL,	NULL,	NULL,	NULL,	NULL,	NULL,	0,	'2022-01-15 07:07:28',	'2022-01-15 07:07:28'),
(3,	1,	1,	NULL,	NULL,	NULL,	'sell',	NULL,	'final',	NULL,	0,	'paid',	NULL,	1,	NULL,	'0003',	'',	NULL,	NULL,	NULL,	'2022-01-28 18:02:02',	2.0000,	NULL,	0.0000,	'percentage',	0.0000,	0,	0.0000,	NULL,	NULL,	NULL,	NULL,	NULL,	0.0000,	NULL,	NULL,	NULL,	NULL,	NULL,	NULL,	NULL,	0,	NULL,	0.0000,	NULL,	0.0000,	NULL,	0.0000,	NULL,	0.0000,	NULL,	0.0000,	2.0000,	NULL,	NULL,	NULL,	NULL,	0,	0,	1.000,	NULL,	NULL,	NULL,	NULL,	1,	NULL,	NULL,	NULL,	NULL,	NULL,	NULL,	NULL,	NULL,	NULL,	NULL,	NULL,	NULL,	NULL,	NULL,	0,	NULL,	NULL,	0.0000,	'percentage',	0,	0.00,	NULL,	0.0000,	NULL,	NULL,	NULL,	NULL,	NULL,	NULL,	NULL,	NULL,	NULL,	NULL,	NULL,	NULL,	NULL,	0.0000,	NULL,	NULL,	NULL,	NULL,	NULL,	NULL,	NULL,	0,	0,	NULL,	0,	1.0000,	'days',	0,	NULL,	NULL,	NULL,	NULL,	NULL,	NULL,	NULL,	0,	'2022-01-28 23:02:02',	'2022-01-28 23:02:02'),
(4,	1,	1,	NULL,	NULL,	NULL,	'purchase',	NULL,	'received',	NULL,	0,	'paid',	NULL,	2,	NULL,	NULL,	'456',	NULL,	NULL,	NULL,	'2022-04-12 13:26:00',	878.0000,	NULL,	0.0000,	NULL,	0.0000,	0,	0.0000,	NULL,	NULL,	NULL,	NULL,	NULL,	0.0000,	NULL,	NULL,	NULL,	NULL,	NULL,	NULL,	NULL,	0,	NULL,	0.0000,	NULL,	0.0000,	NULL,	0.0000,	NULL,	0.0000,	NULL,	0.0000,	878.0000,	NULL,	NULL,	NULL,	NULL,	0,	0,	1.000,	NULL,	NULL,	NULL,	NULL,	1,	NULL,	NULL,	NULL,	NULL,	NULL,	NULL,	NULL,	NULL,	NULL,	NULL,	NULL,	NULL,	NULL,	NULL,	0,	NULL,	NULL,	0.0000,	'percentage',	0,	0.00,	NULL,	0.0000,	NULL,	NULL,	NULL,	NULL,	NULL,	NULL,	NULL,	NULL,	NULL,	NULL,	NULL,	NULL,	NULL,	NULL,	NULL,	NULL,	NULL,	NULL,	NULL,	NULL,	NULL,	0,	0,	NULL,	0,	NULL,	NULL,	NULL,	NULL,	NULL,	NULL,	5,	'days',	NULL,	NULL,	NULL,	'2022-04-12 17:29:40',	'2022-04-13 19:46:36'),
(8,	1,	1,	NULL,	NULL,	NULL,	'sell',	NULL,	'final',	NULL,	0,	'paid',	NULL,	1,	NULL,	'0006',	'',	NULL,	NULL,	NULL,	'2022-04-13 15:24:11',	10.0000,	NULL,	0.0000,	'percentage',	0.0000,	0,	0.0000,	NULL,	NULL,	NULL,	NULL,	NULL,	0.0000,	NULL,	NULL,	NULL,	NULL,	NULL,	NULL,	NULL,	0,	NULL,	0.0000,	NULL,	0.0000,	NULL,	0.0000,	NULL,	0.0000,	NULL,	0.0000,	10.0000,	NULL,	NULL,	NULL,	NULL,	0,	1,	1.000,	NULL,	NULL,	NULL,	NULL,	2,	NULL,	NULL,	NULL,	NULL,	NULL,	NULL,	NULL,	NULL,	NULL,	NULL,	NULL,	NULL,	NULL,	NULL,	0,	NULL,	NULL,	0.0000,	'percentage',	0,	0.00,	NULL,	0.0000,	NULL,	NULL,	NULL,	NULL,	NULL,	NULL,	NULL,	NULL,	NULL,	NULL,	NULL,	NULL,	NULL,	0.0000,	NULL,	NULL,	NULL,	NULL,	NULL,	NULL,	NULL,	0,	0,	NULL,	0,	1.0000,	'days',	0,	NULL,	NULL,	NULL,	NULL,	NULL,	NULL,	NULL,	NULL,	'2022-04-13 19:24:11',	'2022-04-13 19:39:05'),
(9,	1,	1,	NULL,	NULL,	NULL,	'sell',	NULL,	'final',	NULL,	0,	'paid',	NULL,	1,	NULL,	'0007',	'',	NULL,	NULL,	NULL,	'2022-04-13 15:38:22',	5.0000,	NULL,	0.0000,	'percentage',	0.0000,	0,	0.0000,	NULL,	'tecgh',	'sfhjbb',	'ordered',	'khlju987876',	500.0000,	NULL,	NULL,	NULL,	NULL,	NULL,	NULL,	NULL,	0,	NULL,	0.0000,	NULL,	0.0000,	NULL,	0.0000,	NULL,	0.0000,	NULL,	0.0000,	505.0000,	NULL,	NULL,	NULL,	NULL,	0,	0,	1.000,	NULL,	NULL,	NULL,	NULL,	2,	NULL,	NULL,	NULL,	NULL,	NULL,	NULL,	NULL,	NULL,	NULL,	NULL,	NULL,	NULL,	NULL,	NULL,	0,	NULL,	NULL,	0.0000,	'percentage',	0,	0.00,	NULL,	0.0000,	NULL,	NULL,	NULL,	NULL,	NULL,	NULL,	NULL,	NULL,	NULL,	NULL,	NULL,	NULL,	NULL,	0.0000,	NULL,	NULL,	NULL,	NULL,	NULL,	NULL,	NULL,	0,	0,	NULL,	0,	1.0000,	'days',	0,	NULL,	NULL,	NULL,	NULL,	NULL,	NULL,	NULL,	NULL,	'2022-04-13 19:38:22',	'2022-04-13 19:39:48'),
(10,	1,	1,	NULL,	NULL,	NULL,	'purchase',	NULL,	'received',	NULL,	0,	'paid',	NULL,	2,	NULL,	NULL,	'1',	NULL,	NULL,	NULL,	'2022-04-13 16:03:00',	200.0000,	NULL,	0.0000,	NULL,	0.0000,	0,	0.0000,	NULL,	NULL,	NULL,	NULL,	NULL,	0.0000,	NULL,	NULL,	NULL,	NULL,	NULL,	NULL,	NULL,	0,	NULL,	0.0000,	NULL,	0.0000,	NULL,	0.0000,	NULL,	0.0000,	NULL,	0.0000,	200.0000,	NULL,	NULL,	NULL,	NULL,	0,	0,	1.000,	NULL,	NULL,	NULL,	NULL,	1,	NULL,	NULL,	NULL,	NULL,	NULL,	NULL,	NULL,	NULL,	NULL,	NULL,	NULL,	NULL,	NULL,	NULL,	0,	NULL,	NULL,	0.0000,	'percentage',	0,	0.00,	NULL,	0.0000,	NULL,	NULL,	NULL,	NULL,	NULL,	NULL,	NULL,	NULL,	NULL,	NULL,	NULL,	NULL,	NULL,	NULL,	NULL,	NULL,	NULL,	NULL,	NULL,	NULL,	NULL,	0,	0,	NULL,	0,	NULL,	NULL,	NULL,	NULL,	NULL,	NULL,	NULL,	NULL,	NULL,	NULL,	NULL,	'2022-04-13 20:10:37',	'2022-04-13 20:10:37'),
(11,	1,	1,	NULL,	NULL,	NULL,	'sell',	NULL,	'final',	NULL,	0,	'paid',	NULL,	1,	NULL,	'0008',	'',	NULL,	NULL,	NULL,	'2022-04-18 16:45:07',	30.0000,	NULL,	0.0000,	'percentage',	0.0000,	0,	0.0000,	NULL,	NULL,	NULL,	NULL,	NULL,	0.0000,	NULL,	NULL,	NULL,	NULL,	NULL,	NULL,	NULL,	0,	NULL,	0.0000,	NULL,	0.0000,	NULL,	0.0000,	NULL,	0.0000,	NULL,	0.0000,	30.0000,	NULL,	NULL,	NULL,	NULL,	0,	0,	1.000,	NULL,	NULL,	NULL,	NULL,	1,	NULL,	NULL,	NULL,	NULL,	NULL,	NULL,	NULL,	NULL,	NULL,	NULL,	NULL,	NULL,	NULL,	NULL,	0,	NULL,	NULL,	0.0000,	'percentage',	0,	0.00,	NULL,	0.0000,	NULL,	NULL,	NULL,	NULL,	NULL,	NULL,	NULL,	NULL,	NULL,	NULL,	NULL,	NULL,	NULL,	0.0000,	NULL,	NULL,	NULL,	NULL,	NULL,	NULL,	NULL,	0,	0,	NULL,	0,	1.0000,	'days',	0,	NULL,	NULL,	NULL,	NULL,	NULL,	NULL,	NULL,	0,	'2022-04-18 20:45:07',	'2022-04-18 20:45:07'),
(12,	1,	1,	NULL,	NULL,	NULL,	'sell',	NULL,	'draft',	'quotation',	1,	NULL,	NULL,	1,	NULL,	'2022/0003',	'',	NULL,	NULL,	NULL,	'2022-07-13 09:59:54',	1128.5000,	NULL,	0.0000,	'percentage',	0.0000,	0,	0.0000,	NULL,	NULL,	NULL,	NULL,	NULL,	0.0000,	NULL,	NULL,	NULL,	NULL,	NULL,	NULL,	NULL,	0,	NULL,	0.0000,	NULL,	0.0000,	NULL,	0.0000,	NULL,	0.0000,	NULL,	0.0000,	1128.5000,	NULL,	NULL,	NULL,	NULL,	0,	0,	1.000,	NULL,	NULL,	NULL,	NULL,	1,	NULL,	NULL,	NULL,	NULL,	NULL,	NULL,	NULL,	NULL,	NULL,	NULL,	NULL,	NULL,	NULL,	NULL,	0,	NULL,	NULL,	0.0000,	'percentage',	0,	0.00,	NULL,	0.0000,	NULL,	NULL,	NULL,	NULL,	NULL,	NULL,	NULL,	NULL,	NULL,	NULL,	NULL,	NULL,	NULL,	0.0000,	NULL,	NULL,	NULL,	NULL,	NULL,	NULL,	NULL,	0,	0,	NULL,	0,	1.0000,	'days',	0,	NULL,	NULL,	NULL,	NULL,	NULL,	NULL,	NULL,	0,	'2022-07-13 13:59:54',	'2022-07-13 13:59:54'),
(13,	1,	1,	NULL,	NULL,	NULL,	'sell',	NULL,	'final',	NULL,	0,	'paid',	NULL,	1,	NULL,	'0009',	'',	NULL,	NULL,	NULL,	'2022-09-03 23:20:05',	31.0000,	NULL,	0.0000,	'percentage',	0.0000,	0,	0.0000,	NULL,	NULL,	NULL,	NULL,	NULL,	0.0000,	NULL,	NULL,	NULL,	NULL,	NULL,	NULL,	NULL,	0,	NULL,	0.0000,	NULL,	0.0000,	NULL,	0.0000,	NULL,	0.0000,	NULL,	0.0000,	31.0000,	NULL,	NULL,	NULL,	NULL,	0,	0,	1.000,	NULL,	NULL,	NULL,	NULL,	1,	NULL,	NULL,	NULL,	NULL,	NULL,	NULL,	NULL,	NULL,	NULL,	NULL,	NULL,	NULL,	NULL,	NULL,	0,	NULL,	NULL,	0.0000,	'percentage',	0,	0.00,	NULL,	0.0000,	NULL,	NULL,	NULL,	NULL,	NULL,	NULL,	NULL,	NULL,	NULL,	NULL,	NULL,	NULL,	NULL,	0.0000,	NULL,	NULL,	NULL,	NULL,	NULL,	NULL,	NULL,	0,	0,	NULL,	0,	1.0000,	'days',	0,	NULL,	NULL,	NULL,	NULL,	NULL,	NULL,	NULL,	0,	'2022-09-04 03:20:05',	'2022-09-04 03:20:05'),
(14,	1,	1,	NULL,	NULL,	NULL,	'sell',	NULL,	'final',	NULL,	0,	'paid',	NULL,	1,	NULL,	'0010',	'',	NULL,	NULL,	NULL,	'2022-09-03 23:36:09',	1127.5000,	NULL,	0.0000,	'percentage',	0.0000,	0,	0.0000,	NULL,	NULL,	NULL,	NULL,	NULL,	0.0000,	NULL,	NULL,	NULL,	NULL,	NULL,	NULL,	NULL,	0,	NULL,	0.0000,	NULL,	0.0000,	NULL,	0.0000,	NULL,	0.0000,	NULL,	0.0000,	1127.5000,	NULL,	NULL,	NULL,	NULL,	0,	0,	1.000,	NULL,	NULL,	NULL,	NULL,	1,	NULL,	NULL,	NULL,	NULL,	NULL,	NULL,	NULL,	NULL,	NULL,	NULL,	NULL,	NULL,	NULL,	NULL,	0,	NULL,	NULL,	0.0000,	'percentage',	0,	0.00,	NULL,	0.0000,	NULL,	NULL,	NULL,	NULL,	NULL,	NULL,	NULL,	NULL,	NULL,	NULL,	NULL,	NULL,	NULL,	0.0000,	NULL,	NULL,	NULL,	NULL,	NULL,	NULL,	NULL,	0,	0,	NULL,	0,	1.0000,	'days',	0,	NULL,	NULL,	NULL,	NULL,	NULL,	NULL,	NULL,	0,	'2022-09-04 03:36:09',	'2022-09-04 03:36:09'),
(15,	1,	1,	NULL,	NULL,	NULL,	'sell',	NULL,	'final',	NULL,	0,	'paid',	NULL,	1,	NULL,	'0011',	'',	NULL,	NULL,	NULL,	'2022-09-03 23:45:57',	31.0000,	NULL,	0.0000,	'percentage',	0.0000,	0,	0.0000,	NULL,	NULL,	NULL,	NULL,	NULL,	0.0000,	NULL,	NULL,	NULL,	NULL,	NULL,	NULL,	NULL,	0,	NULL,	0.0000,	NULL,	0.0000,	NULL,	0.0000,	NULL,	0.0000,	NULL,	0.0000,	31.0000,	NULL,	NULL,	NULL,	NULL,	0,	0,	1.000,	NULL,	NULL,	NULL,	NULL,	1,	NULL,	NULL,	NULL,	NULL,	NULL,	NULL,	NULL,	NULL,	NULL,	NULL,	NULL,	NULL,	NULL,	NULL,	0,	NULL,	NULL,	0.0000,	'percentage',	0,	0.00,	NULL,	0.0000,	NULL,	NULL,	NULL,	NULL,	NULL,	NULL,	NULL,	NULL,	NULL,	NULL,	NULL,	NULL,	NULL,	0.0000,	NULL,	NULL,	NULL,	NULL,	NULL,	NULL,	NULL,	0,	0,	NULL,	0,	1.0000,	'days',	0,	NULL,	NULL,	NULL,	NULL,	NULL,	NULL,	NULL,	0,	'2022-09-04 03:45:57',	'2022-09-04 03:45:57'),
(16,	1,	1,	NULL,	NULL,	NULL,	'sell',	NULL,	'final',	NULL,	0,	'paid',	NULL,	1,	NULL,	'0012',	'',	NULL,	NULL,	NULL,	'2022-09-03 23:49:40',	31.0000,	NULL,	0.0000,	'percentage',	0.0000,	0,	0.0000,	NULL,	NULL,	NULL,	NULL,	NULL,	0.0000,	NULL,	NULL,	NULL,	NULL,	NULL,	NULL,	NULL,	0,	NULL,	0.0000,	NULL,	0.0000,	NULL,	0.0000,	NULL,	0.0000,	NULL,	0.0000,	31.0000,	NULL,	NULL,	NULL,	NULL,	0,	0,	1.000,	NULL,	NULL,	NULL,	NULL,	1,	NULL,	NULL,	NULL,	NULL,	NULL,	NULL,	NULL,	NULL,	NULL,	NULL,	NULL,	NULL,	NULL,	NULL,	0,	NULL,	NULL,	0.0000,	'percentage',	0,	0.00,	NULL,	0.0000,	NULL,	NULL,	NULL,	NULL,	NULL,	NULL,	NULL,	NULL,	NULL,	NULL,	NULL,	NULL,	NULL,	0.0000,	NULL,	NULL,	NULL,	NULL,	NULL,	NULL,	NULL,	0,	0,	NULL,	0,	1.0000,	'days',	0,	NULL,	NULL,	NULL,	NULL,	NULL,	NULL,	NULL,	0,	'2022-09-04 03:49:40',	'2022-09-04 03:49:40'),
(17,	1,	1,	NULL,	NULL,	NULL,	'sell',	NULL,	'final',	NULL,	0,	'paid',	NULL,	1,	NULL,	'0013',	'',	NULL,	NULL,	NULL,	'2022-09-04 02:00:40',	31.0000,	NULL,	0.0000,	'percentage',	0.0000,	0,	0.0000,	NULL,	NULL,	NULL,	NULL,	NULL,	0.0000,	NULL,	NULL,	NULL,	NULL,	NULL,	NULL,	NULL,	0,	NULL,	0.0000,	NULL,	0.0000,	NULL,	0.0000,	NULL,	0.0000,	NULL,	0.0000,	31.0000,	NULL,	NULL,	NULL,	NULL,	0,	0,	1.000,	NULL,	NULL,	NULL,	NULL,	1,	NULL,	NULL,	NULL,	NULL,	NULL,	NULL,	NULL,	NULL,	NULL,	NULL,	NULL,	NULL,	NULL,	NULL,	0,	NULL,	NULL,	0.0000,	'percentage',	0,	0.00,	NULL,	0.0000,	NULL,	NULL,	NULL,	NULL,	NULL,	NULL,	NULL,	NULL,	NULL,	NULL,	NULL,	NULL,	NULL,	0.0000,	NULL,	NULL,	NULL,	NULL,	NULL,	NULL,	NULL,	0,	0,	NULL,	0,	1.0000,	'days',	0,	NULL,	NULL,	NULL,	NULL,	NULL,	NULL,	NULL,	0,	'2022-09-04 06:00:40',	'2022-09-04 06:00:40'),
(18,	1,	1,	NULL,	NULL,	NULL,	'sell',	NULL,	'final',	NULL,	0,	'paid',	NULL,	1,	NULL,	'0014',	'',	NULL,	NULL,	NULL,	'2022-09-04 02:44:06',	31.0000,	NULL,	0.0000,	'percentage',	0.0000,	0,	0.0000,	NULL,	NULL,	NULL,	NULL,	NULL,	0.0000,	NULL,	NULL,	NULL,	NULL,	NULL,	NULL,	NULL,	0,	NULL,	0.0000,	NULL,	0.0000,	NULL,	0.0000,	NULL,	0.0000,	NULL,	0.0000,	31.0000,	NULL,	NULL,	NULL,	NULL,	0,	0,	1.000,	NULL,	NULL,	NULL,	NULL,	1,	NULL,	NULL,	NULL,	NULL,	NULL,	NULL,	NULL,	NULL,	NULL,	NULL,	NULL,	NULL,	NULL,	NULL,	0,	NULL,	NULL,	0.0000,	'percentage',	0,	0.00,	NULL,	0.0000,	NULL,	NULL,	NULL,	NULL,	NULL,	NULL,	NULL,	NULL,	NULL,	NULL,	NULL,	NULL,	NULL,	0.0000,	NULL,	NULL,	NULL,	NULL,	NULL,	NULL,	NULL,	0,	0,	NULL,	0,	1.0000,	'days',	0,	NULL,	NULL,	NULL,	NULL,	NULL,	NULL,	NULL,	0,	'2022-09-04 06:44:06',	'2022-09-04 06:44:06'),
(19,	1,	1,	NULL,	NULL,	NULL,	'sell',	NULL,	'final',	NULL,	0,	'paid',	NULL,	1,	NULL,	'0015',	'',	NULL,	NULL,	NULL,	'2022-09-04 02:54:10',	31.0000,	NULL,	0.0000,	'percentage',	0.0000,	0,	0.0000,	NULL,	NULL,	NULL,	NULL,	NULL,	0.0000,	NULL,	NULL,	NULL,	NULL,	NULL,	NULL,	NULL,	0,	NULL,	0.0000,	NULL,	0.0000,	NULL,	0.0000,	NULL,	0.0000,	NULL,	0.0000,	31.0000,	NULL,	NULL,	NULL,	NULL,	0,	0,	1.000,	NULL,	NULL,	NULL,	NULL,	1,	NULL,	NULL,	NULL,	NULL,	NULL,	NULL,	NULL,	NULL,	NULL,	NULL,	NULL,	NULL,	NULL,	NULL,	0,	NULL,	NULL,	0.0000,	'percentage',	0,	0.00,	NULL,	0.0000,	NULL,	NULL,	NULL,	NULL,	NULL,	NULL,	NULL,	NULL,	NULL,	NULL,	NULL,	NULL,	NULL,	0.0000,	NULL,	NULL,	NULL,	NULL,	NULL,	NULL,	NULL,	0,	0,	NULL,	0,	1.0000,	'days',	0,	NULL,	NULL,	NULL,	NULL,	NULL,	NULL,	NULL,	0,	'2022-09-04 06:54:11',	'2022-09-04 06:54:11'),
(20,	1,	1,	NULL,	NULL,	NULL,	'sell',	NULL,	'final',	NULL,	0,	'paid',	NULL,	1,	NULL,	'0016',	'',	NULL,	NULL,	NULL,	'2022-09-04 03:13:10',	61.0000,	NULL,	0.0000,	'percentage',	0.0000,	0,	0.0000,	NULL,	NULL,	NULL,	NULL,	NULL,	0.0000,	NULL,	NULL,	NULL,	NULL,	NULL,	NULL,	NULL,	0,	NULL,	0.0000,	NULL,	0.0000,	NULL,	0.0000,	NULL,	0.0000,	NULL,	0.0000,	61.0000,	NULL,	NULL,	NULL,	NULL,	0,	0,	1.000,	NULL,	NULL,	NULL,	NULL,	1,	NULL,	NULL,	NULL,	NULL,	NULL,	NULL,	NULL,	NULL,	NULL,	NULL,	NULL,	NULL,	NULL,	NULL,	0,	NULL,	NULL,	0.0000,	'percentage',	0,	0.00,	NULL,	0.0000,	NULL,	NULL,	NULL,	NULL,	NULL,	NULL,	NULL,	NULL,	NULL,	NULL,	NULL,	NULL,	NULL,	0.0000,	NULL,	NULL,	NULL,	NULL,	NULL,	NULL,	NULL,	0,	0,	NULL,	0,	1.0000,	'days',	0,	NULL,	NULL,	NULL,	NULL,	NULL,	NULL,	NULL,	0,	'2022-09-04 07:13:10',	'2022-09-04 07:13:10'),
(21,	1,	1,	NULL,	NULL,	NULL,	'opening_stock',	NULL,	'received',	NULL,	0,	'paid',	NULL,	NULL,	NULL,	NULL,	NULL,	NULL,	NULL,	NULL,	'2022-01-01 03:16:50',	13200.0000,	NULL,	0.0000,	NULL,	0.0000,	0,	0.0000,	NULL,	NULL,	NULL,	NULL,	NULL,	0.0000,	NULL,	NULL,	NULL,	NULL,	NULL,	NULL,	NULL,	0,	NULL,	0.0000,	NULL,	0.0000,	NULL,	0.0000,	NULL,	0.0000,	NULL,	0.0000,	13200.0000,	NULL,	NULL,	NULL,	NULL,	0,	0,	1.000,	NULL,	NULL,	NULL,	5,	1,	NULL,	NULL,	NULL,	NULL,	NULL,	NULL,	NULL,	NULL,	NULL,	NULL,	NULL,	NULL,	NULL,	NULL,	0,	NULL,	NULL,	0.0000,	'percentage',	0,	0.00,	NULL,	0.0000,	NULL,	NULL,	NULL,	NULL,	NULL,	NULL,	NULL,	NULL,	NULL,	NULL,	NULL,	NULL,	NULL,	NULL,	NULL,	NULL,	NULL,	NULL,	NULL,	NULL,	NULL,	0,	0,	NULL,	0,	NULL,	NULL,	NULL,	NULL,	NULL,	NULL,	NULL,	NULL,	NULL,	NULL,	NULL,	'2022-09-04 07:16:50',	'2022-11-06 18:12:49'),
(22,	1,	1,	NULL,	NULL,	NULL,	'sell',	NULL,	'final',	NULL,	0,	'paid',	NULL,	1,	NULL,	'0017',	'',	NULL,	NULL,	NULL,	'2022-09-04 03:43:50',	3.5400,	NULL,	0.0000,	'percentage',	0.0000,	0,	0.0000,	NULL,	NULL,	NULL,	NULL,	NULL,	0.0000,	NULL,	NULL,	NULL,	NULL,	NULL,	NULL,	NULL,	0,	NULL,	0.0000,	NULL,	0.0000,	NULL,	0.0000,	NULL,	0.0000,	NULL,	0.0000,	3.5400,	NULL,	NULL,	NULL,	NULL,	0,	0,	1.000,	NULL,	NULL,	NULL,	NULL,	1,	NULL,	NULL,	NULL,	NULL,	NULL,	NULL,	NULL,	NULL,	NULL,	NULL,	NULL,	NULL,	NULL,	NULL,	0,	NULL,	NULL,	0.0000,	'percentage',	0,	0.00,	NULL,	0.0000,	NULL,	NULL,	NULL,	NULL,	NULL,	NULL,	NULL,	NULL,	NULL,	NULL,	NULL,	NULL,	NULL,	0.0000,	NULL,	NULL,	NULL,	NULL,	NULL,	NULL,	NULL,	0,	0,	NULL,	0,	1.0000,	'days',	0,	NULL,	NULL,	NULL,	NULL,	NULL,	NULL,	NULL,	0,	'2022-09-04 07:43:50',	'2022-09-04 07:43:50'),
(23,	1,	1,	NULL,	NULL,	NULL,	'sell',	NULL,	'final',	NULL,	0,	'paid',	NULL,	1,	NULL,	'0018',	'',	NULL,	NULL,	NULL,	'2022-09-04 03:46:16',	2.2700,	NULL,	0.0000,	'percentage',	0.0000,	0,	0.0000,	NULL,	NULL,	NULL,	NULL,	NULL,	0.0000,	NULL,	NULL,	NULL,	NULL,	NULL,	NULL,	NULL,	0,	NULL,	0.0000,	NULL,	0.0000,	NULL,	0.0000,	NULL,	0.0000,	NULL,	0.0000,	2.2700,	NULL,	NULL,	NULL,	NULL,	0,	0,	1.000,	NULL,	NULL,	NULL,	NULL,	1,	NULL,	NULL,	NULL,	NULL,	NULL,	NULL,	NULL,	NULL,	NULL,	NULL,	NULL,	NULL,	NULL,	NULL,	0,	NULL,	NULL,	0.0000,	'percentage',	0,	0.00,	NULL,	0.0000,	NULL,	NULL,	NULL,	NULL,	NULL,	NULL,	NULL,	NULL,	NULL,	NULL,	NULL,	NULL,	NULL,	0.0000,	NULL,	NULL,	NULL,	NULL,	NULL,	NULL,	NULL,	0,	0,	NULL,	0,	1.0000,	'days',	0,	NULL,	NULL,	NULL,	NULL,	NULL,	NULL,	NULL,	0,	'2022-09-04 07:46:16',	'2022-09-04 07:46:16'),
(24,	1,	1,	NULL,	NULL,	NULL,	'sell',	NULL,	'final',	NULL,	0,	'paid',	NULL,	6,	NULL,	'0019',	'',	NULL,	NULL,	NULL,	'2022-10-13 23:35:00',	1.2700,	NULL,	0.0000,	'percentage',	0.0000,	0,	0.0000,	NULL,	NULL,	NULL,	NULL,	NULL,	0.0000,	NULL,	NULL,	NULL,	NULL,	NULL,	NULL,	NULL,	0,	NULL,	0.0000,	NULL,	0.0000,	NULL,	0.0000,	NULL,	0.0000,	NULL,	0.0000,	1.2700,	NULL,	NULL,	NULL,	NULL,	1,	0,	1.000,	NULL,	NULL,	NULL,	NULL,	1,	NULL,	NULL,	NULL,	NULL,	NULL,	NULL,	NULL,	NULL,	NULL,	NULL,	NULL,	NULL,	NULL,	NULL,	0,	NULL,	NULL,	0.0000,	'percentage',	0,	0.00,	NULL,	0.0000,	NULL,	NULL,	NULL,	NULL,	NULL,	NULL,	NULL,	NULL,	NULL,	NULL,	NULL,	NULL,	NULL,	0.0000,	NULL,	NULL,	NULL,	NULL,	NULL,	NULL,	NULL,	0,	0,	NULL,	0,	1.0000,	'days',	0,	NULL,	NULL,	NULL,	NULL,	'months',	NULL,	NULL,	0,	'2022-10-14 03:38:16',	'2022-10-14 03:38:16'),
(25,	1,	1,	NULL,	NULL,	NULL,	'sell',	NULL,	'draft',	'quotation',	1,	NULL,	NULL,	1,	NULL,	'2022/0004',	'',	NULL,	NULL,	NULL,	'2022-10-14 11:11:40',	1.2700,	NULL,	0.0000,	'percentage',	0.0000,	0,	0.0000,	NULL,	NULL,	NULL,	NULL,	NULL,	0.0000,	NULL,	NULL,	NULL,	NULL,	NULL,	NULL,	NULL,	0,	NULL,	0.0000,	NULL,	0.0000,	NULL,	0.0000,	NULL,	0.0000,	NULL,	0.0000,	1.2700,	NULL,	NULL,	NULL,	NULL,	0,	0,	1.000,	NULL,	NULL,	NULL,	NULL,	1,	NULL,	NULL,	NULL,	NULL,	NULL,	NULL,	NULL,	NULL,	NULL,	NULL,	NULL,	NULL,	NULL,	NULL,	0,	NULL,	NULL,	0.0000,	'percentage',	0,	0.00,	NULL,	0.0000,	NULL,	NULL,	NULL,	NULL,	NULL,	NULL,	NULL,	NULL,	NULL,	NULL,	NULL,	NULL,	NULL,	0.0000,	NULL,	NULL,	NULL,	NULL,	NULL,	NULL,	NULL,	0,	0,	NULL,	0,	1.0000,	'days',	0,	NULL,	NULL,	NULL,	NULL,	NULL,	NULL,	NULL,	0,	'2022-10-14 15:11:40',	'2022-10-14 15:11:40'),
(26,	1,	1,	NULL,	NULL,	NULL,	'sell',	NULL,	'final',	NULL,	0,	'paid',	NULL,	1,	NULL,	'0020',	'',	NULL,	NULL,	NULL,	'2022-10-19 04:16:26',	2.5400,	NULL,	0.0000,	'percentage',	0.0000,	0,	0.0000,	NULL,	NULL,	NULL,	NULL,	NULL,	0.0000,	NULL,	NULL,	NULL,	NULL,	NULL,	NULL,	NULL,	0,	NULL,	0.0000,	NULL,	0.0000,	NULL,	0.0000,	NULL,	0.0000,	NULL,	0.0000,	2.5400,	NULL,	NULL,	NULL,	NULL,	0,	0,	1.000,	NULL,	NULL,	NULL,	NULL,	1,	NULL,	NULL,	NULL,	NULL,	NULL,	NULL,	NULL,	NULL,	NULL,	NULL,	NULL,	NULL,	NULL,	NULL,	0,	NULL,	NULL,	0.0000,	'percentage',	0,	0.00,	NULL,	0.0000,	NULL,	NULL,	NULL,	NULL,	NULL,	NULL,	NULL,	NULL,	NULL,	NULL,	NULL,	NULL,	NULL,	0.0000,	NULL,	NULL,	NULL,	NULL,	NULL,	NULL,	NULL,	0,	0,	NULL,	0,	1.0000,	'days',	0,	NULL,	NULL,	NULL,	NULL,	NULL,	NULL,	NULL,	0,	'2022-10-19 08:16:26',	'2022-10-19 08:16:26'),
(27,	1,	1,	NULL,	NULL,	NULL,	'sell',	NULL,	'final',	NULL,	0,	'paid',	NULL,	1,	NULL,	'0021',	'',	NULL,	NULL,	NULL,	'2022-10-19 04:26:59',	1.2700,	NULL,	0.0000,	'percentage',	0.0000,	0,	0.0000,	NULL,	NULL,	NULL,	NULL,	NULL,	0.0000,	NULL,	NULL,	NULL,	NULL,	NULL,	NULL,	NULL,	0,	NULL,	0.0000,	NULL,	0.0000,	NULL,	0.0000,	NULL,	0.0000,	NULL,	0.0000,	1.2700,	NULL,	NULL,	NULL,	NULL,	0,	0,	1.000,	NULL,	NULL,	NULL,	NULL,	1,	NULL,	NULL,	NULL,	NULL,	NULL,	NULL,	NULL,	NULL,	NULL,	NULL,	NULL,	NULL,	NULL,	NULL,	0,	NULL,	NULL,	0.0000,	'percentage',	0,	0.00,	NULL,	0.0000,	NULL,	NULL,	NULL,	NULL,	NULL,	NULL,	NULL,	NULL,	NULL,	NULL,	NULL,	NULL,	NULL,	0.0000,	NULL,	NULL,	NULL,	NULL,	NULL,	NULL,	NULL,	0,	0,	NULL,	0,	1.0000,	'days',	0,	NULL,	NULL,	NULL,	NULL,	NULL,	NULL,	NULL,	0,	'2022-10-19 08:26:59',	'2022-10-19 08:26:59'),
(28,	1,	1,	NULL,	NULL,	NULL,	'sell',	NULL,	'final',	NULL,	0,	'paid',	NULL,	1,	NULL,	'0022',	'',	NULL,	NULL,	NULL,	'2022-10-19 04:33:58',	1.2700,	NULL,	0.0000,	'percentage',	0.0000,	0,	0.0000,	NULL,	NULL,	NULL,	NULL,	NULL,	0.0000,	NULL,	NULL,	NULL,	NULL,	NULL,	NULL,	NULL,	0,	NULL,	0.0000,	NULL,	0.0000,	NULL,	0.0000,	NULL,	0.0000,	NULL,	0.0000,	1.2700,	NULL,	NULL,	NULL,	NULL,	0,	0,	1.000,	NULL,	NULL,	NULL,	NULL,	1,	NULL,	NULL,	NULL,	NULL,	NULL,	NULL,	NULL,	NULL,	NULL,	NULL,	NULL,	NULL,	NULL,	NULL,	0,	NULL,	NULL,	0.0000,	'percentage',	0,	0.00,	NULL,	0.0000,	NULL,	NULL,	NULL,	NULL,	NULL,	NULL,	NULL,	NULL,	NULL,	NULL,	NULL,	NULL,	NULL,	0.0000,	NULL,	NULL,	NULL,	NULL,	NULL,	NULL,	NULL,	0,	0,	NULL,	0,	1.0000,	'days',	0,	NULL,	NULL,	NULL,	NULL,	NULL,	NULL,	NULL,	0,	'2022-10-19 08:33:58',	'2022-10-19 08:33:58'),
(29,	1,	1,	NULL,	NULL,	NULL,	'sell',	NULL,	'final',	NULL,	0,	'paid',	NULL,	1,	NULL,	'0023',	'',	NULL,	NULL,	NULL,	'2022-10-18 19:32:02',	1.2700,	NULL,	0.0000,	'percentage',	0.0000,	0,	0.0000,	NULL,	NULL,	NULL,	NULL,	NULL,	0.0000,	NULL,	NULL,	NULL,	NULL,	NULL,	NULL,	NULL,	0,	NULL,	0.0000,	NULL,	0.0000,	NULL,	0.0000,	NULL,	0.0000,	NULL,	0.0000,	1.2700,	NULL,	NULL,	NULL,	NULL,	0,	0,	1.000,	NULL,	NULL,	NULL,	NULL,	1,	NULL,	NULL,	NULL,	NULL,	NULL,	NULL,	NULL,	NULL,	NULL,	NULL,	NULL,	NULL,	NULL,	NULL,	0,	NULL,	NULL,	0.0000,	'percentage',	0,	0.00,	NULL,	0.0000,	NULL,	NULL,	NULL,	NULL,	NULL,	NULL,	NULL,	NULL,	NULL,	NULL,	NULL,	NULL,	NULL,	0.0000,	NULL,	NULL,	NULL,	NULL,	NULL,	NULL,	NULL,	0,	0,	NULL,	0,	1.0000,	'days',	0,	NULL,	NULL,	NULL,	NULL,	NULL,	NULL,	NULL,	0,	'2022-10-18 23:32:02',	'2022-10-18 23:32:02'),
(30,	1,	1,	NULL,	NULL,	NULL,	'sell',	NULL,	'final',	NULL,	0,	'paid',	NULL,	1,	NULL,	'0024',	'',	NULL,	NULL,	NULL,	'2022-10-18 23:38:41',	1.2700,	NULL,	0.0000,	'percentage',	0.0000,	0,	0.0000,	NULL,	NULL,	NULL,	NULL,	NULL,	0.0000,	NULL,	NULL,	NULL,	NULL,	NULL,	NULL,	NULL,	0,	NULL,	0.0000,	NULL,	0.0000,	NULL,	0.0000,	NULL,	0.0000,	NULL,	0.0000,	1.2700,	NULL,	NULL,	NULL,	NULL,	0,	0,	1.000,	NULL,	NULL,	NULL,	NULL,	1,	NULL,	NULL,	NULL,	NULL,	NULL,	NULL,	NULL,	NULL,	NULL,	NULL,	NULL,	NULL,	NULL,	NULL,	0,	NULL,	NULL,	0.0000,	'percentage',	0,	0.00,	NULL,	0.0000,	NULL,	NULL,	NULL,	NULL,	NULL,	NULL,	NULL,	NULL,	NULL,	NULL,	NULL,	NULL,	NULL,	0.0000,	NULL,	NULL,	NULL,	NULL,	NULL,	NULL,	NULL,	0,	0,	NULL,	0,	1.0000,	'days',	0,	NULL,	NULL,	'7a88720407755ceec60fc3369bfecf78',	NULL,	NULL,	NULL,	NULL,	0,	'2022-10-19 03:38:41',	'2022-11-10 15:52:46'),
(31,	1,	1,	NULL,	NULL,	NULL,	'sell',	NULL,	'final',	NULL,	0,	'paid',	NULL,	1,	NULL,	'0025',	'',	NULL,	NULL,	NULL,	'2022-10-18 23:40:14',	1.2700,	NULL,	0.0000,	'percentage',	0.0000,	0,	0.0000,	NULL,	NULL,	NULL,	NULL,	NULL,	0.0000,	NULL,	NULL,	NULL,	NULL,	NULL,	NULL,	NULL,	0,	NULL,	0.0000,	NULL,	0.0000,	NULL,	0.0000,	NULL,	0.0000,	NULL,	0.0000,	1.2700,	NULL,	NULL,	NULL,	NULL,	0,	0,	1.000,	NULL,	NULL,	NULL,	NULL,	1,	NULL,	NULL,	NULL,	NULL,	NULL,	NULL,	NULL,	NULL,	NULL,	NULL,	NULL,	NULL,	NULL,	NULL,	0,	NULL,	NULL,	0.0000,	'percentage',	0,	0.00,	NULL,	0.0000,	NULL,	NULL,	NULL,	NULL,	NULL,	NULL,	NULL,	NULL,	NULL,	NULL,	NULL,	NULL,	NULL,	0.0000,	NULL,	NULL,	NULL,	NULL,	NULL,	NULL,	NULL,	0,	0,	NULL,	0,	1.0000,	'days',	0,	NULL,	NULL,	NULL,	NULL,	NULL,	NULL,	NULL,	0,	'2022-10-19 03:40:14',	'2022-10-19 03:40:14'),
(32,	1,	1,	NULL,	NULL,	NULL,	'sell',	NULL,	'final',	NULL,	0,	'paid',	NULL,	1,	NULL,	'0026',	'',	NULL,	NULL,	NULL,	'2022-10-18 23:49:23',	1.2700,	NULL,	0.0000,	'percentage',	0.0000,	0,	0.0000,	NULL,	NULL,	NULL,	NULL,	NULL,	0.0000,	NULL,	NULL,	NULL,	NULL,	NULL,	NULL,	NULL,	0,	NULL,	0.0000,	NULL,	0.0000,	NULL,	0.0000,	NULL,	0.0000,	NULL,	0.0000,	1.2700,	NULL,	NULL,	NULL,	NULL,	0,	0,	1.000,	NULL,	NULL,	NULL,	NULL,	1,	NULL,	NULL,	NULL,	NULL,	NULL,	NULL,	NULL,	NULL,	NULL,	NULL,	NULL,	NULL,	NULL,	NULL,	0,	NULL,	NULL,	0.0000,	'percentage',	0,	0.00,	NULL,	0.0000,	NULL,	NULL,	NULL,	NULL,	NULL,	NULL,	NULL,	NULL,	NULL,	NULL,	NULL,	NULL,	NULL,	0.0000,	NULL,	NULL,	NULL,	NULL,	NULL,	NULL,	NULL,	0,	0,	NULL,	0,	1.0000,	'days',	0,	NULL,	NULL,	NULL,	NULL,	NULL,	NULL,	NULL,	0,	'2022-10-19 03:49:23',	'2022-10-19 03:49:23'),
(33,	1,	1,	NULL,	NULL,	NULL,	'sell',	NULL,	'final',	NULL,	0,	'paid',	NULL,	1,	NULL,	'0027',	'',	NULL,	NULL,	NULL,	'2022-10-20 10:10:40',	1.2700,	NULL,	0.0000,	'percentage',	0.0000,	0,	0.0000,	NULL,	NULL,	NULL,	NULL,	NULL,	0.0000,	NULL,	NULL,	NULL,	NULL,	NULL,	NULL,	NULL,	0,	NULL,	0.0000,	NULL,	0.0000,	NULL,	0.0000,	NULL,	0.0000,	NULL,	0.0000,	1.2700,	NULL,	NULL,	NULL,	NULL,	0,	0,	1.000,	NULL,	NULL,	NULL,	NULL,	1,	NULL,	NULL,	NULL,	NULL,	NULL,	NULL,	NULL,	NULL,	NULL,	NULL,	NULL,	NULL,	NULL,	NULL,	0,	NULL,	NULL,	0.0000,	'percentage',	0,	0.00,	NULL,	0.0000,	NULL,	NULL,	NULL,	NULL,	NULL,	NULL,	NULL,	NULL,	NULL,	NULL,	NULL,	NULL,	NULL,	0.0000,	NULL,	NULL,	NULL,	NULL,	NULL,	NULL,	NULL,	0,	0,	NULL,	0,	1.0000,	'days',	0,	NULL,	NULL,	NULL,	NULL,	NULL,	NULL,	NULL,	0,	'2022-10-20 14:10:40',	'2022-10-20 14:10:40'),
(34,	1,	1,	NULL,	NULL,	NULL,	'sell',	NULL,	'final',	NULL,	0,	'paid',	NULL,	1,	NULL,	'0028',	'',	NULL,	NULL,	NULL,	'2022-10-21 05:48:12',	1.2700,	NULL,	0.0000,	'percentage',	0.0000,	0,	0.0000,	NULL,	NULL,	NULL,	NULL,	NULL,	0.0000,	NULL,	NULL,	NULL,	NULL,	NULL,	NULL,	NULL,	0,	NULL,	0.0000,	NULL,	0.0000,	NULL,	0.0000,	NULL,	0.0000,	NULL,	0.0000,	1.2700,	NULL,	NULL,	NULL,	NULL,	0,	0,	1.000,	NULL,	NULL,	NULL,	NULL,	1,	NULL,	NULL,	NULL,	NULL,	NULL,	NULL,	NULL,	NULL,	NULL,	NULL,	NULL,	NULL,	NULL,	NULL,	0,	NULL,	NULL,	0.0000,	'percentage',	0,	0.00,	NULL,	0.0000,	NULL,	NULL,	NULL,	NULL,	NULL,	NULL,	NULL,	NULL,	NULL,	NULL,	NULL,	NULL,	NULL,	0.0000,	NULL,	NULL,	NULL,	NULL,	NULL,	NULL,	NULL,	0,	0,	NULL,	0,	1.0000,	'days',	0,	NULL,	NULL,	NULL,	NULL,	NULL,	NULL,	NULL,	0,	'2022-10-21 09:48:12',	'2022-10-21 09:48:12'),
(35,	1,	1,	NULL,	NULL,	NULL,	'sell',	NULL,	'final',	NULL,	0,	'paid',	NULL,	1,	NULL,	'0029',	'',	NULL,	NULL,	NULL,	'2022-10-23 18:28:44',	1.0000,	NULL,	0.0000,	'percentage',	0.0000,	0,	0.0000,	NULL,	NULL,	NULL,	NULL,	NULL,	0.0000,	NULL,	NULL,	NULL,	NULL,	NULL,	NULL,	NULL,	0,	NULL,	0.0000,	NULL,	0.0000,	NULL,	0.0000,	NULL,	0.0000,	NULL,	0.0000,	1.0000,	NULL,	NULL,	NULL,	NULL,	0,	0,	1.000,	NULL,	NULL,	NULL,	NULL,	1,	NULL,	NULL,	NULL,	NULL,	NULL,	NULL,	NULL,	NULL,	NULL,	NULL,	NULL,	NULL,	NULL,	NULL,	0,	NULL,	NULL,	0.0000,	'percentage',	0,	0.00,	NULL,	0.0000,	NULL,	NULL,	NULL,	NULL,	NULL,	NULL,	NULL,	NULL,	NULL,	NULL,	NULL,	NULL,	NULL,	0.0000,	NULL,	NULL,	NULL,	NULL,	NULL,	NULL,	NULL,	0,	0,	NULL,	0,	1.0000,	'days',	0,	NULL,	NULL,	NULL,	NULL,	NULL,	NULL,	NULL,	0,	'2022-10-23 22:28:44',	'2022-10-23 22:28:44'),
(36,	1,	1,	NULL,	NULL,	NULL,	'sell',	NULL,	'final',	NULL,	0,	'paid',	NULL,	1,	NULL,	'0030',	'',	NULL,	NULL,	NULL,	'2022-10-23 18:38:17',	2.0000,	NULL,	0.0000,	'percentage',	0.0000,	0,	0.0000,	NULL,	NULL,	NULL,	NULL,	NULL,	0.0000,	NULL,	NULL,	NULL,	NULL,	NULL,	NULL,	NULL,	0,	NULL,	0.0000,	NULL,	0.0000,	NULL,	0.0000,	NULL,	0.0000,	NULL,	0.0000,	2.0000,	NULL,	NULL,	NULL,	NULL,	0,	0,	1.000,	NULL,	NULL,	NULL,	NULL,	1,	NULL,	NULL,	NULL,	NULL,	NULL,	NULL,	NULL,	NULL,	NULL,	NULL,	NULL,	NULL,	NULL,	NULL,	0,	NULL,	NULL,	0.0000,	'percentage',	0,	0.00,	NULL,	0.0000,	NULL,	NULL,	NULL,	NULL,	NULL,	NULL,	NULL,	NULL,	NULL,	NULL,	NULL,	NULL,	NULL,	0.0000,	NULL,	NULL,	NULL,	NULL,	NULL,	NULL,	NULL,	0,	0,	NULL,	0,	1.0000,	'days',	0,	NULL,	NULL,	NULL,	NULL,	NULL,	NULL,	NULL,	0,	'2022-10-23 22:38:17',	'2022-10-23 22:38:17'),
(37,	1,	1,	NULL,	NULL,	NULL,	'sell',	NULL,	'final',	NULL,	0,	'paid',	NULL,	1,	NULL,	'0031',	'',	NULL,	NULL,	NULL,	'2022-10-23 18:40:14',	4.0000,	NULL,	0.0000,	'percentage',	0.0000,	0,	0.0000,	NULL,	NULL,	NULL,	NULL,	NULL,	0.0000,	NULL,	NULL,	NULL,	NULL,	NULL,	NULL,	NULL,	0,	NULL,	0.0000,	NULL,	0.0000,	NULL,	0.0000,	NULL,	0.0000,	NULL,	0.0000,	4.0000,	NULL,	NULL,	NULL,	NULL,	0,	0,	1.000,	NULL,	NULL,	NULL,	NULL,	1,	NULL,	NULL,	NULL,	NULL,	NULL,	NULL,	NULL,	NULL,	NULL,	NULL,	NULL,	NULL,	NULL,	NULL,	0,	NULL,	NULL,	0.0000,	'percentage',	0,	0.00,	NULL,	0.0000,	NULL,	NULL,	NULL,	NULL,	NULL,	NULL,	NULL,	NULL,	NULL,	NULL,	NULL,	NULL,	NULL,	0.0000,	NULL,	NULL,	NULL,	NULL,	NULL,	NULL,	NULL,	0,	0,	NULL,	0,	1.0000,	'days',	0,	NULL,	NULL,	'52a06e5bdff04f877277168024f16a63',	NULL,	NULL,	NULL,	NULL,	0,	'2022-10-23 22:40:14',	'2022-10-23 22:40:49'),
(38,	1,	1,	NULL,	NULL,	NULL,	'sell',	NULL,	'final',	NULL,	0,	'paid',	NULL,	1,	NULL,	'0032',	'',	NULL,	NULL,	NULL,	'2022-10-24 02:17:08',	5.0800,	NULL,	0.0000,	'percentage',	0.0000,	0,	0.0000,	NULL,	NULL,	NULL,	NULL,	NULL,	0.0000,	NULL,	NULL,	NULL,	NULL,	NULL,	NULL,	NULL,	0,	NULL,	0.0000,	NULL,	0.0000,	NULL,	0.0000,	NULL,	0.0000,	NULL,	0.0000,	5.0800,	NULL,	NULL,	NULL,	NULL,	0,	0,	1.000,	NULL,	NULL,	NULL,	NULL,	1,	NULL,	NULL,	NULL,	NULL,	NULL,	NULL,	NULL,	NULL,	NULL,	NULL,	NULL,	NULL,	NULL,	NULL,	0,	NULL,	NULL,	0.0000,	'percentage',	0,	0.00,	NULL,	0.0000,	NULL,	NULL,	NULL,	NULL,	NULL,	NULL,	NULL,	NULL,	NULL,	NULL,	NULL,	NULL,	NULL,	0.0000,	NULL,	NULL,	NULL,	NULL,	NULL,	NULL,	NULL,	0,	0,	NULL,	0,	1.0000,	'days',	0,	NULL,	NULL,	NULL,	NULL,	NULL,	NULL,	NULL,	0,	'2022-10-24 06:17:08',	'2022-10-24 06:17:08'),
(39,	1,	1,	NULL,	NULL,	NULL,	'sell',	NULL,	'final',	NULL,	0,	'paid',	NULL,	1,	NULL,	'0033',	'',	NULL,	NULL,	NULL,	'2022-10-25 15:28:30',	1.0000,	NULL,	0.0000,	'percentage',	0.0000,	0,	0.0000,	NULL,	NULL,	NULL,	NULL,	NULL,	0.0000,	NULL,	NULL,	NULL,	NULL,	NULL,	NULL,	NULL,	0,	NULL,	0.0000,	NULL,	0.0000,	NULL,	0.0000,	NULL,	0.0000,	NULL,	0.0000,	1.0000,	NULL,	NULL,	NULL,	NULL,	0,	0,	1.000,	NULL,	NULL,	NULL,	NULL,	1,	NULL,	NULL,	NULL,	NULL,	NULL,	NULL,	NULL,	NULL,	NULL,	NULL,	NULL,	NULL,	NULL,	NULL,	0,	NULL,	NULL,	0.0000,	'percentage',	0,	0.00,	NULL,	0.0000,	NULL,	NULL,	NULL,	NULL,	NULL,	NULL,	NULL,	NULL,	NULL,	NULL,	NULL,	NULL,	NULL,	0.0000,	NULL,	NULL,	NULL,	NULL,	NULL,	NULL,	NULL,	0,	0,	NULL,	0,	1.0000,	'days',	0,	NULL,	NULL,	NULL,	NULL,	NULL,	NULL,	NULL,	0,	'2022-10-25 19:28:30',	'2022-10-25 19:28:30'),
(40,	1,	1,	NULL,	NULL,	NULL,	'sell',	NULL,	'final',	NULL,	0,	'paid',	NULL,	1,	NULL,	'0034',	'',	NULL,	NULL,	NULL,	'2022-10-25 15:30:45',	5.0000,	NULL,	0.0000,	'percentage',	0.0000,	0,	0.0000,	NULL,	NULL,	NULL,	NULL,	NULL,	0.0000,	NULL,	NULL,	NULL,	NULL,	NULL,	NULL,	NULL,	0,	NULL,	0.0000,	NULL,	0.0000,	NULL,	0.0000,	NULL,	0.0000,	NULL,	0.0000,	5.0000,	NULL,	NULL,	NULL,	NULL,	0,	0,	1.000,	NULL,	NULL,	NULL,	NULL,	1,	NULL,	NULL,	NULL,	NULL,	NULL,	NULL,	NULL,	NULL,	NULL,	NULL,	NULL,	NULL,	NULL,	NULL,	0,	NULL,	NULL,	0.0000,	'percentage',	0,	0.00,	NULL,	0.0000,	NULL,	NULL,	NULL,	NULL,	NULL,	NULL,	NULL,	NULL,	NULL,	NULL,	NULL,	NULL,	NULL,	0.0000,	NULL,	NULL,	NULL,	NULL,	NULL,	NULL,	NULL,	0,	0,	NULL,	0,	1.0000,	'days',	0,	NULL,	NULL,	NULL,	NULL,	NULL,	NULL,	NULL,	0,	'2022-10-25 19:30:45',	'2022-10-25 19:30:45'),
(41,	1,	1,	NULL,	NULL,	NULL,	'sell',	NULL,	'final',	NULL,	0,	'paid',	NULL,	1,	NULL,	'0035',	'',	NULL,	NULL,	NULL,	'2022-10-25 15:32:57',	7.6200,	NULL,	0.0000,	'percentage',	0.0000,	0,	0.0000,	NULL,	NULL,	NULL,	NULL,	NULL,	0.0000,	NULL,	NULL,	NULL,	NULL,	NULL,	NULL,	NULL,	0,	NULL,	0.0000,	NULL,	0.0000,	NULL,	0.0000,	NULL,	0.0000,	NULL,	0.0000,	7.6200,	NULL,	NULL,	NULL,	NULL,	0,	0,	1.000,	NULL,	NULL,	NULL,	NULL,	1,	NULL,	NULL,	NULL,	NULL,	NULL,	NULL,	NULL,	NULL,	NULL,	NULL,	NULL,	NULL,	NULL,	NULL,	0,	NULL,	NULL,	0.0000,	'percentage',	0,	0.00,	NULL,	0.0000,	NULL,	NULL,	NULL,	NULL,	NULL,	NULL,	NULL,	NULL,	NULL,	NULL,	NULL,	NULL,	NULL,	0.0000,	NULL,	NULL,	NULL,	NULL,	NULL,	NULL,	NULL,	0,	0,	NULL,	0,	1.0000,	'days',	0,	NULL,	NULL,	NULL,	NULL,	NULL,	NULL,	NULL,	0,	'2022-10-25 19:32:57',	'2022-10-25 19:32:57'),
(42,	1,	1,	NULL,	NULL,	NULL,	'sell',	NULL,	'final',	NULL,	0,	'paid',	NULL,	1,	NULL,	'0036',	'',	NULL,	NULL,	NULL,	'2022-10-25 16:52:22',	4.0000,	NULL,	0.0000,	'percentage',	0.0000,	0,	0.0000,	NULL,	NULL,	NULL,	NULL,	NULL,	0.0000,	NULL,	NULL,	NULL,	NULL,	NULL,	NULL,	NULL,	0,	NULL,	0.0000,	NULL,	0.0000,	NULL,	0.0000,	NULL,	0.0000,	NULL,	0.0000,	4.0000,	NULL,	NULL,	NULL,	NULL,	0,	0,	1.000,	NULL,	NULL,	NULL,	NULL,	1,	NULL,	NULL,	NULL,	NULL,	NULL,	NULL,	NULL,	NULL,	NULL,	NULL,	NULL,	NULL,	NULL,	NULL,	0,	NULL,	NULL,	0.0000,	'percentage',	0,	0.00,	NULL,	0.0000,	NULL,	NULL,	NULL,	NULL,	NULL,	NULL,	NULL,	NULL,	NULL,	NULL,	NULL,	NULL,	NULL,	0.0000,	NULL,	NULL,	NULL,	NULL,	NULL,	NULL,	NULL,	0,	0,	NULL,	0,	1.0000,	'days',	0,	NULL,	NULL,	NULL,	NULL,	NULL,	NULL,	NULL,	0,	'2022-10-25 20:52:22',	'2022-10-25 20:52:22'),
(43,	1,	1,	NULL,	NULL,	NULL,	'sell',	NULL,	'final',	NULL,	0,	'paid',	NULL,	1,	NULL,	'0037',	'',	NULL,	NULL,	NULL,	'2022-10-25 16:53:12',	5.0000,	NULL,	0.0000,	'percentage',	0.0000,	0,	0.0000,	NULL,	NULL,	NULL,	NULL,	NULL,	0.0000,	NULL,	NULL,	NULL,	NULL,	NULL,	NULL,	NULL,	0,	NULL,	0.0000,	NULL,	0.0000,	NULL,	0.0000,	NULL,	0.0000,	NULL,	0.0000,	5.0000,	NULL,	NULL,	NULL,	NULL,	0,	0,	1.000,	NULL,	NULL,	NULL,	NULL,	1,	NULL,	NULL,	NULL,	NULL,	NULL,	NULL,	NULL,	NULL,	NULL,	NULL,	NULL,	NULL,	NULL,	NULL,	0,	NULL,	NULL,	0.0000,	'percentage',	0,	0.00,	NULL,	0.0000,	NULL,	NULL,	NULL,	NULL,	NULL,	NULL,	NULL,	NULL,	NULL,	NULL,	NULL,	NULL,	NULL,	0.0000,	NULL,	NULL,	NULL,	NULL,	NULL,	NULL,	NULL,	0,	0,	NULL,	0,	1.0000,	'days',	0,	NULL,	NULL,	NULL,	NULL,	NULL,	NULL,	NULL,	0,	'2022-10-25 20:53:12',	'2022-10-25 20:53:12'),
(44,	1,	1,	NULL,	NULL,	NULL,	'sell',	NULL,	'final',	NULL,	0,	'paid',	NULL,	1,	NULL,	'0038',	'',	NULL,	NULL,	NULL,	'2022-10-25 17:00:39',	1.2700,	NULL,	0.0000,	'percentage',	0.0000,	0,	0.0000,	NULL,	NULL,	NULL,	NULL,	NULL,	0.0000,	NULL,	NULL,	NULL,	NULL,	NULL,	NULL,	NULL,	0,	NULL,	0.0000,	NULL,	0.0000,	NULL,	0.0000,	NULL,	0.0000,	NULL,	0.0000,	1.2700,	NULL,	NULL,	NULL,	NULL,	0,	0,	1.000,	NULL,	NULL,	NULL,	NULL,	1,	NULL,	NULL,	NULL,	NULL,	NULL,	NULL,	NULL,	NULL,	NULL,	NULL,	NULL,	NULL,	NULL,	NULL,	0,	NULL,	NULL,	0.0000,	'percentage',	0,	0.00,	NULL,	0.0000,	NULL,	NULL,	NULL,	NULL,	NULL,	NULL,	NULL,	NULL,	NULL,	NULL,	NULL,	NULL,	NULL,	0.0000,	NULL,	NULL,	NULL,	NULL,	NULL,	NULL,	NULL,	0,	0,	NULL,	0,	1.0000,	'days',	0,	NULL,	NULL,	'cdb43fed3bad1682aeb571e1f7648a18',	NULL,	NULL,	NULL,	NULL,	0,	'2022-10-25 21:00:39',	'2022-10-25 21:18:40'),
(45,	1,	1,	NULL,	NULL,	NULL,	'sell',	NULL,	'final',	NULL,	0,	'paid',	NULL,	1,	NULL,	'0039',	'',	NULL,	NULL,	NULL,	'2022-10-25 17:50:05',	10.0000,	NULL,	0.0000,	'percentage',	0.0000,	0,	0.0000,	NULL,	NULL,	NULL,	NULL,	NULL,	0.0000,	NULL,	NULL,	NULL,	NULL,	NULL,	NULL,	NULL,	0,	NULL,	0.0000,	NULL,	0.0000,	NULL,	0.0000,	NULL,	0.0000,	NULL,	0.0000,	10.0000,	NULL,	NULL,	NULL,	NULL,	0,	0,	1.000,	NULL,	NULL,	NULL,	NULL,	1,	NULL,	NULL,	NULL,	NULL,	NULL,	NULL,	NULL,	NULL,	NULL,	NULL,	NULL,	NULL,	NULL,	NULL,	0,	NULL,	NULL,	0.0000,	'percentage',	0,	0.00,	NULL,	0.0000,	NULL,	NULL,	NULL,	NULL,	NULL,	NULL,	NULL,	NULL,	NULL,	NULL,	NULL,	NULL,	NULL,	0.0000,	NULL,	NULL,	NULL,	NULL,	NULL,	NULL,	NULL,	0,	0,	NULL,	0,	1.0000,	'days',	0,	NULL,	NULL,	NULL,	NULL,	NULL,	NULL,	NULL,	0,	'2022-10-25 21:50:05',	'2022-10-25 21:50:05'),
(46,	1,	1,	NULL,	NULL,	NULL,	'sell',	NULL,	'final',	NULL,	0,	'paid',	NULL,	1,	NULL,	'0040',	'',	NULL,	NULL,	NULL,	'2022-10-25 17:50:18',	23.0000,	NULL,	0.0000,	'percentage',	0.0000,	0,	0.0000,	NULL,	NULL,	NULL,	NULL,	NULL,	0.0000,	NULL,	NULL,	NULL,	NULL,	NULL,	NULL,	NULL,	0,	NULL,	0.0000,	NULL,	0.0000,	NULL,	0.0000,	NULL,	0.0000,	NULL,	0.0000,	23.0000,	NULL,	NULL,	NULL,	NULL,	0,	0,	1.000,	NULL,	NULL,	NULL,	NULL,	1,	NULL,	NULL,	NULL,	NULL,	NULL,	NULL,	NULL,	NULL,	NULL,	NULL,	NULL,	NULL,	NULL,	NULL,	0,	NULL,	NULL,	0.0000,	'percentage',	0,	0.00,	NULL,	0.0000,	NULL,	NULL,	NULL,	NULL,	NULL,	NULL,	NULL,	NULL,	NULL,	NULL,	NULL,	NULL,	NULL,	0.0000,	NULL,	NULL,	NULL,	NULL,	NULL,	NULL,	NULL,	0,	0,	NULL,	0,	1.0000,	'days',	0,	NULL,	NULL,	NULL,	NULL,	NULL,	NULL,	NULL,	0,	'2022-10-25 21:50:18',	'2022-10-25 21:50:18'),
(47,	1,	1,	NULL,	NULL,	NULL,	'sell',	NULL,	'final',	NULL,	0,	'paid',	NULL,	1,	NULL,	'0041',	'',	NULL,	NULL,	NULL,	'2022-10-25 17:51:05',	30.0000,	NULL,	0.0000,	'percentage',	0.0000,	0,	0.0000,	NULL,	NULL,	NULL,	NULL,	NULL,	0.0000,	NULL,	NULL,	NULL,	NULL,	NULL,	NULL,	NULL,	0,	NULL,	0.0000,	NULL,	0.0000,	NULL,	0.0000,	NULL,	0.0000,	NULL,	0.0000,	30.0000,	NULL,	NULL,	NULL,	NULL,	0,	0,	1.000,	NULL,	NULL,	NULL,	NULL,	1,	NULL,	NULL,	NULL,	NULL,	NULL,	NULL,	NULL,	NULL,	NULL,	NULL,	NULL,	NULL,	NULL,	NULL,	0,	NULL,	NULL,	0.0000,	'percentage',	0,	0.00,	NULL,	0.0000,	NULL,	NULL,	NULL,	NULL,	NULL,	NULL,	NULL,	NULL,	NULL,	NULL,	NULL,	NULL,	NULL,	0.0000,	NULL,	NULL,	NULL,	NULL,	NULL,	NULL,	NULL,	0,	0,	NULL,	0,	1.0000,	'days',	0,	NULL,	NULL,	NULL,	NULL,	NULL,	NULL,	NULL,	0,	'2022-10-25 21:51:05',	'2022-10-25 21:51:05'),
(48,	1,	1,	NULL,	NULL,	NULL,	'sell',	NULL,	'final',	NULL,	0,	'paid',	NULL,	1,	NULL,	'0042',	'',	NULL,	NULL,	NULL,	'2022-10-25 17:51:11',	30.0000,	NULL,	0.0000,	'percentage',	0.0000,	0,	0.0000,	NULL,	NULL,	NULL,	NULL,	NULL,	0.0000,	NULL,	NULL,	NULL,	NULL,	NULL,	NULL,	NULL,	0,	NULL,	0.0000,	NULL,	0.0000,	NULL,	0.0000,	NULL,	0.0000,	NULL,	0.0000,	30.0000,	NULL,	NULL,	NULL,	NULL,	0,	0,	1.000,	NULL,	NULL,	NULL,	NULL,	1,	NULL,	NULL,	NULL,	NULL,	NULL,	NULL,	NULL,	NULL,	NULL,	NULL,	NULL,	NULL,	NULL,	NULL,	0,	NULL,	NULL,	0.0000,	'percentage',	0,	0.00,	NULL,	0.0000,	NULL,	NULL,	NULL,	NULL,	NULL,	NULL,	NULL,	NULL,	NULL,	NULL,	NULL,	NULL,	NULL,	0.0000,	NULL,	NULL,	NULL,	NULL,	NULL,	NULL,	NULL,	0,	0,	NULL,	0,	1.0000,	'days',	0,	NULL,	NULL,	NULL,	NULL,	NULL,	NULL,	NULL,	0,	'2022-10-25 21:51:11',	'2022-10-25 21:51:11'),
(49,	1,	1,	NULL,	NULL,	NULL,	'sell',	NULL,	'final',	NULL,	0,	'paid',	NULL,	1,	NULL,	'0043',	'',	NULL,	NULL,	NULL,	'2022-10-25 17:52:29',	2.2700,	NULL,	0.0000,	'percentage',	0.0000,	0,	0.0000,	NULL,	NULL,	NULL,	NULL,	NULL,	0.0000,	NULL,	NULL,	NULL,	NULL,	NULL,	NULL,	NULL,	0,	NULL,	0.0000,	NULL,	0.0000,	NULL,	0.0000,	NULL,	0.0000,	NULL,	0.0000,	2.2700,	NULL,	NULL,	NULL,	NULL,	0,	0,	1.000,	NULL,	NULL,	NULL,	NULL,	1,	NULL,	NULL,	NULL,	NULL,	NULL,	NULL,	NULL,	NULL,	NULL,	NULL,	NULL,	NULL,	NULL,	NULL,	0,	NULL,	NULL,	0.0000,	'percentage',	0,	0.00,	NULL,	0.0000,	NULL,	NULL,	NULL,	NULL,	NULL,	NULL,	NULL,	NULL,	NULL,	NULL,	NULL,	NULL,	NULL,	0.0000,	NULL,	NULL,	NULL,	NULL,	NULL,	NULL,	NULL,	0,	0,	NULL,	0,	1.0000,	'days',	0,	NULL,	NULL,	NULL,	NULL,	NULL,	NULL,	NULL,	0,	'2022-10-25 21:52:29',	'2022-10-25 21:52:29'),
(50,	1,	1,	NULL,	NULL,	NULL,	'sell',	NULL,	'final',	NULL,	0,	'paid',	NULL,	1,	NULL,	'0044',	'',	NULL,	NULL,	NULL,	'2022-10-25 18:02:01',	2.2700,	NULL,	0.0000,	'percentage',	0.0000,	0,	0.0000,	NULL,	NULL,	NULL,	NULL,	NULL,	0.0000,	NULL,	NULL,	NULL,	NULL,	NULL,	NULL,	NULL,	0,	NULL,	0.0000,	NULL,	0.0000,	NULL,	0.0000,	NULL,	0.0000,	NULL,	0.0000,	2.2700,	NULL,	NULL,	NULL,	NULL,	0,	0,	1.000,	NULL,	NULL,	NULL,	NULL,	1,	NULL,	NULL,	NULL,	NULL,	NULL,	NULL,	NULL,	NULL,	NULL,	NULL,	NULL,	NULL,	NULL,	NULL,	0,	NULL,	NULL,	0.0000,	'percentage',	0,	0.00,	NULL,	0.0000,	NULL,	NULL,	NULL,	NULL,	NULL,	NULL,	NULL,	NULL,	NULL,	NULL,	NULL,	NULL,	NULL,	0.0000,	NULL,	NULL,	NULL,	NULL,	NULL,	NULL,	NULL,	0,	0,	NULL,	0,	1.0000,	'days',	0,	NULL,	NULL,	NULL,	NULL,	NULL,	NULL,	NULL,	0,	'2022-10-25 22:02:01',	'2022-10-25 22:02:01'),
(51,	1,	1,	NULL,	NULL,	NULL,	'sell',	NULL,	'final',	NULL,	0,	'paid',	NULL,	1,	NULL,	'0045',	'',	NULL,	NULL,	NULL,	'2022-10-25 18:03:02',	2.2700,	NULL,	0.0000,	'percentage',	0.0000,	0,	0.0000,	NULL,	NULL,	NULL,	NULL,	NULL,	0.0000,	NULL,	NULL,	NULL,	NULL,	NULL,	NULL,	NULL,	0,	NULL,	0.0000,	NULL,	0.0000,	NULL,	0.0000,	NULL,	0.0000,	NULL,	0.0000,	2.2700,	NULL,	NULL,	NULL,	NULL,	0,	0,	1.000,	NULL,	NULL,	NULL,	NULL,	1,	NULL,	NULL,	NULL,	NULL,	NULL,	NULL,	NULL,	NULL,	NULL,	NULL,	NULL,	NULL,	NULL,	NULL,	0,	NULL,	NULL,	0.0000,	'percentage',	0,	0.00,	NULL,	0.0000,	NULL,	NULL,	NULL,	NULL,	NULL,	NULL,	NULL,	NULL,	NULL,	NULL,	NULL,	NULL,	NULL,	0.0000,	NULL,	NULL,	NULL,	NULL,	NULL,	NULL,	NULL,	0,	0,	NULL,	0,	1.0000,	'days',	0,	NULL,	NULL,	NULL,	NULL,	NULL,	NULL,	NULL,	0,	'2022-10-25 22:03:02',	'2022-10-25 22:03:02'),
(52,	1,	1,	NULL,	NULL,	NULL,	'sell',	NULL,	'final',	NULL,	0,	'paid',	NULL,	1,	NULL,	'0046',	'',	NULL,	NULL,	NULL,	'2022-10-25 18:03:26',	6.3500,	NULL,	0.0000,	'percentage',	0.0000,	0,	0.0000,	NULL,	NULL,	NULL,	NULL,	NULL,	0.0000,	NULL,	NULL,	NULL,	NULL,	NULL,	NULL,	NULL,	0,	NULL,	0.0000,	NULL,	0.0000,	NULL,	0.0000,	NULL,	0.0000,	NULL,	0.0000,	6.3500,	NULL,	NULL,	NULL,	NULL,	0,	0,	1.000,	NULL,	NULL,	NULL,	NULL,	1,	NULL,	NULL,	NULL,	NULL,	NULL,	NULL,	NULL,	NULL,	NULL,	NULL,	NULL,	NULL,	NULL,	NULL,	0,	NULL,	NULL,	0.0000,	'percentage',	0,	0.00,	NULL,	0.0000,	NULL,	NULL,	NULL,	NULL,	NULL,	NULL,	NULL,	NULL,	NULL,	NULL,	NULL,	NULL,	NULL,	0.0000,	NULL,	NULL,	NULL,	NULL,	NULL,	NULL,	NULL,	0,	0,	NULL,	0,	1.0000,	'days',	0,	NULL,	NULL,	NULL,	NULL,	NULL,	NULL,	NULL,	0,	'2022-10-25 22:03:26',	'2022-10-25 22:03:26'),
(53,	1,	1,	NULL,	NULL,	NULL,	'sell',	NULL,	'final',	NULL,	0,	'paid',	NULL,	1,	NULL,	'0047',	'',	NULL,	NULL,	NULL,	'2022-10-26 03:29:25',	7.0000,	NULL,	0.0000,	'percentage',	0.0000,	0,	0.0000,	NULL,	NULL,	NULL,	NULL,	NULL,	0.0000,	NULL,	NULL,	NULL,	NULL,	NULL,	NULL,	NULL,	0,	NULL,	0.0000,	NULL,	0.0000,	NULL,	0.0000,	NULL,	0.0000,	NULL,	0.0000,	7.0000,	NULL,	NULL,	NULL,	NULL,	0,	0,	1.000,	NULL,	NULL,	NULL,	NULL,	1,	NULL,	NULL,	NULL,	NULL,	NULL,	NULL,	NULL,	NULL,	NULL,	NULL,	NULL,	NULL,	NULL,	NULL,	0,	NULL,	NULL,	0.0000,	'percentage',	0,	0.00,	NULL,	0.0000,	NULL,	NULL,	NULL,	NULL,	NULL,	NULL,	NULL,	NULL,	NULL,	NULL,	NULL,	NULL,	NULL,	0.0000,	NULL,	NULL,	NULL,	NULL,	NULL,	NULL,	NULL,	0,	0,	NULL,	0,	1.0000,	'days',	0,	NULL,	NULL,	NULL,	NULL,	NULL,	NULL,	NULL,	0,	'2022-10-26 07:29:25',	'2022-10-26 07:29:25'),
(54,	1,	1,	NULL,	NULL,	NULL,	'sell',	NULL,	'final',	NULL,	0,	'paid',	NULL,	1,	NULL,	'0048',	'',	NULL,	NULL,	NULL,	'2022-10-28 05:29:33',	8.0000,	NULL,	0.0000,	'percentage',	0.0000,	0,	0.0000,	NULL,	NULL,	NULL,	NULL,	NULL,	0.0000,	NULL,	NULL,	NULL,	NULL,	NULL,	NULL,	NULL,	0,	NULL,	0.0000,	NULL,	0.0000,	NULL,	0.0000,	NULL,	0.0000,	NULL,	0.0000,	8.0000,	NULL,	NULL,	NULL,	NULL,	0,	0,	1.000,	NULL,	NULL,	NULL,	NULL,	1,	NULL,	NULL,	NULL,	NULL,	NULL,	NULL,	NULL,	NULL,	NULL,	NULL,	NULL,	NULL,	NULL,	NULL,	0,	NULL,	NULL,	0.0000,	'percentage',	0,	0.00,	NULL,	0.0000,	NULL,	NULL,	NULL,	NULL,	NULL,	NULL,	NULL,	NULL,	NULL,	NULL,	NULL,	NULL,	NULL,	0.0000,	NULL,	NULL,	NULL,	NULL,	NULL,	NULL,	NULL,	0,	0,	NULL,	0,	1.0000,	'days',	0,	NULL,	NULL,	NULL,	NULL,	NULL,	NULL,	NULL,	0,	'2022-10-28 05:29:33',	'2022-10-28 05:29:33'),
(55,	1,	1,	NULL,	NULL,	NULL,	'sell',	NULL,	'final',	NULL,	0,	'paid',	NULL,	1,	NULL,	'0049',	'',	NULL,	NULL,	NULL,	'2022-11-01 13:00:44',	2.5400,	NULL,	0.0000,	'percentage',	0.0000,	0,	0.0000,	NULL,	NULL,	NULL,	NULL,	NULL,	0.0000,	NULL,	NULL,	NULL,	NULL,	NULL,	NULL,	NULL,	0,	NULL,	0.0000,	NULL,	0.0000,	NULL,	0.0000,	NULL,	0.0000,	NULL,	0.0000,	2.5400,	NULL,	NULL,	NULL,	NULL,	0,	0,	1.000,	NULL,	NULL,	NULL,	NULL,	1,	NULL,	NULL,	NULL,	NULL,	NULL,	NULL,	NULL,	NULL,	NULL,	NULL,	NULL,	NULL,	NULL,	NULL,	0,	NULL,	NULL,	0.0000,	'percentage',	0,	0.00,	NULL,	0.0000,	NULL,	NULL,	NULL,	NULL,	NULL,	NULL,	NULL,	NULL,	NULL,	NULL,	NULL,	NULL,	NULL,	0.0000,	NULL,	NULL,	NULL,	NULL,	NULL,	NULL,	NULL,	0,	0,	NULL,	0,	1.0000,	'days',	0,	NULL,	NULL,	NULL,	NULL,	NULL,	NULL,	NULL,	0,	'2022-11-01 13:00:44',	'2022-11-01 13:00:44'),
(56,	1,	1,	NULL,	NULL,	NULL,	'sell',	NULL,	'final',	NULL,	0,	'paid',	NULL,	1,	NULL,	'0050',	'',	NULL,	NULL,	NULL,	'2022-11-01 13:00:50',	2.5400,	NULL,	0.0000,	'percentage',	0.0000,	0,	0.0000,	NULL,	NULL,	NULL,	NULL,	NULL,	0.0000,	NULL,	NULL,	NULL,	NULL,	NULL,	NULL,	NULL,	0,	NULL,	0.0000,	NULL,	0.0000,	NULL,	0.0000,	NULL,	0.0000,	NULL,	0.0000,	2.5400,	NULL,	NULL,	NULL,	NULL,	0,	0,	1.000,	NULL,	NULL,	NULL,	NULL,	1,	NULL,	NULL,	NULL,	NULL,	NULL,	NULL,	NULL,	NULL,	NULL,	NULL,	NULL,	NULL,	NULL,	NULL,	0,	NULL,	NULL,	0.0000,	'percentage',	0,	0.00,	NULL,	0.0000,	NULL,	NULL,	NULL,	NULL,	NULL,	NULL,	NULL,	NULL,	NULL,	NULL,	NULL,	NULL,	NULL,	0.0000,	NULL,	NULL,	NULL,	NULL,	NULL,	NULL,	NULL,	0,	0,	NULL,	0,	1.0000,	'days',	0,	NULL,	NULL,	NULL,	NULL,	NULL,	NULL,	NULL,	0,	'2022-11-01 13:00:50',	'2022-11-01 13:00:50'),
(57,	1,	1,	NULL,	NULL,	NULL,	'sell',	NULL,	'final',	NULL,	0,	'paid',	NULL,	1,	NULL,	'0051',	'',	NULL,	NULL,	NULL,	'2022-11-01 13:00:56',	2.5400,	NULL,	0.0000,	'percentage',	0.0000,	0,	0.0000,	NULL,	NULL,	NULL,	NULL,	NULL,	0.0000,	NULL,	NULL,	NULL,	NULL,	NULL,	NULL,	NULL,	0,	NULL,	0.0000,	NULL,	0.0000,	NULL,	0.0000,	NULL,	0.0000,	NULL,	0.0000,	2.5400,	NULL,	NULL,	NULL,	NULL,	0,	0,	1.000,	NULL,	NULL,	NULL,	NULL,	1,	NULL,	NULL,	NULL,	NULL,	NULL,	NULL,	NULL,	NULL,	NULL,	NULL,	NULL,	NULL,	NULL,	NULL,	0,	NULL,	NULL,	0.0000,	'percentage',	0,	0.00,	NULL,	0.0000,	NULL,	NULL,	NULL,	NULL,	NULL,	NULL,	NULL,	NULL,	NULL,	NULL,	NULL,	NULL,	NULL,	0.0000,	NULL,	NULL,	NULL,	NULL,	NULL,	NULL,	NULL,	0,	0,	NULL,	0,	1.0000,	'days',	0,	NULL,	NULL,	NULL,	NULL,	NULL,	NULL,	NULL,	0,	'2022-11-01 13:00:56',	'2022-11-01 13:00:56'),
(58,	1,	1,	NULL,	NULL,	NULL,	'sell',	NULL,	'final',	NULL,	0,	'paid',	NULL,	1,	NULL,	'0052',	'',	NULL,	NULL,	NULL,	'2022-11-01 16:04:31',	1.2700,	NULL,	0.0000,	'percentage',	0.0000,	0,	0.0000,	NULL,	NULL,	NULL,	NULL,	NULL,	0.0000,	NULL,	NULL,	NULL,	NULL,	NULL,	NULL,	NULL,	0,	NULL,	0.0000,	NULL,	0.0000,	NULL,	0.0000,	NULL,	0.0000,	NULL,	0.0000,	1.2700,	NULL,	NULL,	NULL,	NULL,	0,	0,	1.000,	NULL,	NULL,	NULL,	NULL,	1,	NULL,	NULL,	NULL,	NULL,	NULL,	NULL,	NULL,	NULL,	NULL,	NULL,	NULL,	NULL,	NULL,	NULL,	0,	NULL,	NULL,	0.0000,	'percentage',	0,	0.00,	NULL,	0.0000,	NULL,	NULL,	NULL,	NULL,	NULL,	NULL,	NULL,	NULL,	NULL,	NULL,	NULL,	NULL,	NULL,	0.0000,	NULL,	NULL,	NULL,	NULL,	NULL,	NULL,	NULL,	0,	0,	NULL,	0,	1.0000,	'days',	0,	NULL,	NULL,	NULL,	NULL,	NULL,	NULL,	NULL,	0,	'2022-11-01 16:04:31',	'2022-11-01 16:04:31'),
(59,	1,	1,	NULL,	NULL,	NULL,	'sell',	NULL,	'final',	NULL,	0,	'paid',	NULL,	1,	NULL,	'0053',	'',	NULL,	NULL,	NULL,	'2022-11-01 16:37:16',	12.7000,	NULL,	0.0000,	'percentage',	0.0000,	0,	0.0000,	NULL,	NULL,	NULL,	NULL,	NULL,	0.0000,	NULL,	NULL,	NULL,	NULL,	NULL,	NULL,	NULL,	0,	NULL,	0.0000,	NULL,	0.0000,	NULL,	0.0000,	NULL,	0.0000,	NULL,	0.0000,	12.7000,	NULL,	NULL,	NULL,	NULL,	0,	0,	1.000,	NULL,	NULL,	NULL,	NULL,	1,	NULL,	NULL,	NULL,	NULL,	NULL,	NULL,	NULL,	NULL,	NULL,	NULL,	NULL,	NULL,	NULL,	NULL,	0,	NULL,	NULL,	0.0000,	'percentage',	0,	0.00,	NULL,	0.0000,	NULL,	NULL,	NULL,	NULL,	NULL,	NULL,	NULL,	NULL,	NULL,	NULL,	NULL,	NULL,	NULL,	0.0000,	NULL,	NULL,	NULL,	NULL,	NULL,	NULL,	NULL,	0,	0,	NULL,	0,	1.0000,	'days',	0,	NULL,	NULL,	NULL,	NULL,	NULL,	NULL,	NULL,	0,	'2022-11-01 16:37:16',	'2022-11-01 16:37:16'),
(60,	1,	1,	NULL,	NULL,	NULL,	'sell',	NULL,	'final',	NULL,	0,	'paid',	NULL,	1,	NULL,	'0054',	'',	NULL,	NULL,	NULL,	'2022-11-01 16:37:38',	24.5100,	NULL,	0.0000,	'percentage',	0.0000,	0,	0.0000,	NULL,	NULL,	NULL,	NULL,	NULL,	0.0000,	NULL,	NULL,	NULL,	NULL,	NULL,	NULL,	NULL,	0,	NULL,	0.0000,	NULL,	0.0000,	NULL,	0.0000,	NULL,	0.0000,	NULL,	0.0000,	24.5100,	NULL,	NULL,	NULL,	NULL,	0,	0,	1.000,	NULL,	NULL,	NULL,	NULL,	1,	NULL,	NULL,	NULL,	NULL,	NULL,	NULL,	NULL,	NULL,	NULL,	NULL,	NULL,	NULL,	NULL,	NULL,	0,	NULL,	NULL,	0.0000,	'percentage',	0,	0.00,	NULL,	0.0000,	NULL,	NULL,	NULL,	NULL,	NULL,	NULL,	NULL,	NULL,	NULL,	NULL,	NULL,	NULL,	NULL,	0.0000,	NULL,	NULL,	NULL,	NULL,	NULL,	NULL,	NULL,	0,	0,	NULL,	0,	1.0000,	'days',	0,	NULL,	NULL,	NULL,	NULL,	NULL,	NULL,	NULL,	0,	'2022-11-01 16:37:38',	'2022-11-01 16:37:38'),
(61,	1,	1,	NULL,	NULL,	NULL,	'sell',	NULL,	'final',	NULL,	0,	'paid',	NULL,	1,	NULL,	'0055',	'',	NULL,	NULL,	NULL,	'2022-11-02 08:28:07',	1.2700,	NULL,	0.0000,	'percentage',	0.0000,	0,	0.0000,	NULL,	NULL,	NULL,	NULL,	NULL,	0.0000,	NULL,	NULL,	NULL,	NULL,	NULL,	NULL,	NULL,	0,	NULL,	0.0000,	NULL,	0.0000,	NULL,	0.0000,	NULL,	0.0000,	NULL,	0.0000,	1.2700,	NULL,	NULL,	NULL,	NULL,	0,	0,	1.000,	NULL,	NULL,	NULL,	NULL,	1,	NULL,	NULL,	NULL,	NULL,	NULL,	NULL,	NULL,	NULL,	NULL,	NULL,	NULL,	NULL,	NULL,	NULL,	0,	NULL,	NULL,	0.0000,	'percentage',	0,	0.00,	NULL,	0.0000,	NULL,	NULL,	NULL,	NULL,	NULL,	NULL,	NULL,	NULL,	NULL,	NULL,	NULL,	NULL,	NULL,	0.0000,	NULL,	NULL,	NULL,	NULL,	NULL,	NULL,	NULL,	0,	0,	NULL,	0,	1.0000,	'days',	0,	NULL,	NULL,	NULL,	NULL,	NULL,	NULL,	NULL,	0,	'2022-11-02 08:28:07',	'2022-11-02 08:28:07'),
(62,	1,	1,	NULL,	NULL,	NULL,	'sell',	NULL,	'final',	NULL,	0,	'paid',	NULL,	1,	NULL,	'0056',	'',	NULL,	NULL,	NULL,	'2022-11-02 08:37:53',	2.5400,	NULL,	0.0000,	'percentage',	0.0000,	0,	0.0000,	NULL,	NULL,	NULL,	NULL,	NULL,	0.0000,	NULL,	NULL,	NULL,	NULL,	NULL,	NULL,	NULL,	0,	NULL,	0.0000,	NULL,	0.0000,	NULL,	0.0000,	NULL,	0.0000,	NULL,	0.0000,	2.5400,	NULL,	NULL,	NULL,	NULL,	0,	0,	1.000,	NULL,	NULL,	NULL,	NULL,	1,	NULL,	NULL,	NULL,	NULL,	NULL,	NULL,	NULL,	NULL,	NULL,	NULL,	NULL,	NULL,	NULL,	NULL,	0,	NULL,	NULL,	0.0000,	'percentage',	0,	0.00,	NULL,	0.0000,	NULL,	NULL,	NULL,	NULL,	NULL,	NULL,	NULL,	NULL,	NULL,	NULL,	NULL,	NULL,	NULL,	0.0000,	NULL,	NULL,	NULL,	NULL,	NULL,	NULL,	NULL,	0,	0,	NULL,	0,	1.0000,	'days',	0,	NULL,	NULL,	NULL,	NULL,	NULL,	NULL,	NULL,	0,	'2022-11-02 08:37:53',	'2022-11-02 08:37:53'),
(63,	1,	1,	NULL,	NULL,	NULL,	'sell',	NULL,	'final',	NULL,	0,	'paid',	NULL,	1,	NULL,	'0057',	'',	NULL,	NULL,	NULL,	'2022-11-02 08:48:13',	1.2700,	NULL,	0.0000,	'percentage',	0.0000,	0,	0.0000,	NULL,	NULL,	NULL,	NULL,	NULL,	0.0000,	NULL,	NULL,	NULL,	NULL,	NULL,	NULL,	NULL,	0,	NULL,	0.0000,	NULL,	0.0000,	NULL,	0.0000,	NULL,	0.0000,	NULL,	0.0000,	1.2700,	NULL,	NULL,	NULL,	NULL,	0,	0,	1.000,	NULL,	NULL,	NULL,	NULL,	1,	NULL,	NULL,	NULL,	NULL,	NULL,	NULL,	NULL,	NULL,	NULL,	NULL,	NULL,	NULL,	NULL,	NULL,	0,	NULL,	NULL,	0.0000,	'percentage',	0,	0.00,	NULL,	0.0000,	NULL,	NULL,	NULL,	NULL,	NULL,	NULL,	NULL,	NULL,	NULL,	NULL,	NULL,	NULL,	NULL,	0.0000,	NULL,	NULL,	NULL,	NULL,	NULL,	NULL,	NULL,	0,	0,	NULL,	0,	1.0000,	'days',	0,	NULL,	NULL,	NULL,	NULL,	NULL,	NULL,	NULL,	0,	'2022-11-02 08:48:13',	'2022-11-02 08:48:13'),
(64,	1,	1,	NULL,	NULL,	NULL,	'sell',	NULL,	'final',	NULL,	0,	'paid',	NULL,	1,	NULL,	'0058',	'',	NULL,	NULL,	NULL,	'2022-11-02 09:14:15',	1.2700,	NULL,	0.0000,	'percentage',	0.0000,	0,	0.0000,	NULL,	NULL,	NULL,	NULL,	NULL,	0.0000,	NULL,	NULL,	NULL,	NULL,	NULL,	NULL,	NULL,	0,	NULL,	0.0000,	NULL,	0.0000,	NULL,	0.0000,	NULL,	0.0000,	NULL,	0.0000,	1.2700,	NULL,	NULL,	NULL,	NULL,	0,	0,	1.000,	NULL,	NULL,	NULL,	NULL,	1,	NULL,	NULL,	NULL,	NULL,	NULL,	NULL,	NULL,	NULL,	NULL,	NULL,	NULL,	NULL,	NULL,	NULL,	0,	NULL,	NULL,	0.0000,	'percentage',	0,	0.00,	NULL,	0.0000,	NULL,	NULL,	NULL,	NULL,	NULL,	NULL,	NULL,	NULL,	NULL,	NULL,	NULL,	NULL,	NULL,	0.0000,	NULL,	NULL,	NULL,	NULL,	NULL,	NULL,	NULL,	0,	0,	NULL,	0,	1.0000,	'days',	0,	NULL,	NULL,	NULL,	NULL,	NULL,	NULL,	NULL,	0,	'2022-11-02 09:14:15',	'2022-11-02 09:14:15'),
(65,	1,	1,	NULL,	NULL,	NULL,	'sell',	NULL,	'final',	NULL,	0,	'paid',	NULL,	1,	NULL,	'0059',	'',	NULL,	NULL,	NULL,	'2022-11-02 16:00:37',	12.0000,	NULL,	0.0000,	'percentage',	0.0000,	0,	0.0000,	NULL,	NULL,	NULL,	NULL,	NULL,	0.0000,	NULL,	NULL,	NULL,	NULL,	NULL,	NULL,	NULL,	0,	NULL,	0.0000,	NULL,	0.0000,	NULL,	0.0000,	NULL,	0.0000,	NULL,	0.0000,	12.0000,	NULL,	NULL,	NULL,	NULL,	0,	0,	1.000,	NULL,	NULL,	NULL,	NULL,	1,	NULL,	NULL,	NULL,	NULL,	NULL,	NULL,	NULL,	NULL,	NULL,	NULL,	NULL,	NULL,	NULL,	NULL,	0,	NULL,	NULL,	0.0000,	'percentage',	0,	0.00,	NULL,	0.0000,	NULL,	NULL,	NULL,	NULL,	NULL,	NULL,	NULL,	NULL,	NULL,	NULL,	NULL,	NULL,	NULL,	0.0000,	NULL,	NULL,	NULL,	NULL,	NULL,	NULL,	NULL,	0,	0,	NULL,	0,	1.0000,	'days',	0,	NULL,	NULL,	NULL,	NULL,	NULL,	NULL,	NULL,	0,	'2022-11-02 16:00:37',	'2022-11-02 16:00:37'),
(66,	1,	1,	NULL,	NULL,	NULL,	'sell',	NULL,	'final',	NULL,	0,	'paid',	NULL,	1,	NULL,	'0060',	'',	NULL,	NULL,	NULL,	'2022-11-03 16:57:02',	2.0000,	NULL,	0.0000,	'percentage',	0.0000,	0,	0.0000,	NULL,	NULL,	NULL,	NULL,	NULL,	0.0000,	NULL,	NULL,	NULL,	NULL,	NULL,	NULL,	NULL,	0,	NULL,	0.0000,	NULL,	0.0000,	NULL,	0.0000,	NULL,	0.0000,	NULL,	0.0000,	2.0000,	NULL,	NULL,	NULL,	NULL,	0,	0,	1.000,	NULL,	NULL,	NULL,	NULL,	1,	NULL,	NULL,	NULL,	NULL,	NULL,	NULL,	NULL,	NULL,	NULL,	NULL,	NULL,	NULL,	NULL,	NULL,	0,	NULL,	NULL,	0.0000,	'percentage',	0,	0.00,	NULL,	0.0000,	NULL,	NULL,	NULL,	NULL,	NULL,	NULL,	NULL,	NULL,	NULL,	NULL,	NULL,	NULL,	NULL,	0.0000,	NULL,	NULL,	NULL,	NULL,	NULL,	NULL,	NULL,	0,	0,	NULL,	0,	1.0000,	'days',	0,	NULL,	NULL,	NULL,	NULL,	NULL,	NULL,	NULL,	0,	'2022-11-03 16:57:02',	'2022-11-03 16:57:02'),
(67,	1,	1,	NULL,	NULL,	NULL,	'sell',	NULL,	'final',	NULL,	0,	'paid',	NULL,	1,	NULL,	'0061',	'',	NULL,	NULL,	NULL,	'2022-11-03 17:10:24',	4.0000,	NULL,	0.0000,	'percentage',	0.0000,	0,	0.0000,	NULL,	NULL,	NULL,	NULL,	NULL,	0.0000,	NULL,	NULL,	NULL,	NULL,	NULL,	NULL,	NULL,	0,	NULL,	0.0000,	NULL,	0.0000,	NULL,	0.0000,	NULL,	0.0000,	NULL,	0.0000,	4.0000,	NULL,	NULL,	NULL,	NULL,	0,	0,	1.000,	NULL,	NULL,	NULL,	NULL,	1,	NULL,	NULL,	NULL,	NULL,	NULL,	NULL,	NULL,	NULL,	NULL,	NULL,	NULL,	NULL,	NULL,	NULL,	0,	NULL,	NULL,	0.0000,	'percentage',	0,	0.00,	NULL,	0.0000,	NULL,	NULL,	NULL,	NULL,	NULL,	NULL,	NULL,	NULL,	NULL,	NULL,	NULL,	NULL,	NULL,	0.0000,	NULL,	NULL,	NULL,	NULL,	NULL,	NULL,	NULL,	0,	0,	NULL,	0,	1.0000,	'days',	0,	NULL,	NULL,	NULL,	NULL,	NULL,	NULL,	NULL,	0,	'2022-11-03 17:10:24',	'2022-11-03 17:10:25'),
(70,	1,	1,	NULL,	NULL,	NULL,	'sell',	NULL,	'final',	NULL,	0,	'paid',	NULL,	1,	NULL,	'0062',	'',	NULL,	NULL,	NULL,	'2022-11-04 17:05:45',	13.0000,	NULL,	0.0000,	'percentage',	0.0000,	0,	0.0000,	NULL,	NULL,	NULL,	NULL,	NULL,	0.0000,	NULL,	NULL,	NULL,	NULL,	NULL,	NULL,	NULL,	0,	NULL,	0.0000,	NULL,	0.0000,	NULL,	0.0000,	NULL,	0.0000,	NULL,	0.0000,	13.0000,	NULL,	NULL,	NULL,	NULL,	0,	0,	1.000,	NULL,	NULL,	NULL,	NULL,	1,	NULL,	NULL,	NULL,	NULL,	NULL,	NULL,	NULL,	NULL,	NULL,	NULL,	NULL,	NULL,	NULL,	NULL,	0,	NULL,	NULL,	0.0000,	'percentage',	0,	0.00,	NULL,	0.0000,	NULL,	NULL,	NULL,	NULL,	NULL,	NULL,	NULL,	NULL,	NULL,	NULL,	NULL,	NULL,	NULL,	0.0000,	NULL,	NULL,	NULL,	NULL,	NULL,	NULL,	NULL,	0,	0,	NULL,	0,	1.0000,	'days',	0,	NULL,	NULL,	NULL,	NULL,	NULL,	NULL,	NULL,	0,	'2022-11-04 17:05:45',	'2022-11-04 17:05:45'),
(71,	1,	1,	NULL,	NULL,	NULL,	'sell',	NULL,	'final',	NULL,	0,	'paid',	NULL,	1,	NULL,	'0063',	'',	NULL,	NULL,	NULL,	'2022-11-04 17:26:45',	4.0000,	NULL,	0.0000,	'percentage',	0.0000,	0,	0.0000,	NULL,	NULL,	NULL,	NULL,	NULL,	0.0000,	NULL,	NULL,	NULL,	NULL,	NULL,	NULL,	NULL,	0,	NULL,	0.0000,	NULL,	0.0000,	NULL,	0.0000,	NULL,	0.0000,	NULL,	0.0000,	4.0000,	NULL,	NULL,	NULL,	NULL,	0,	0,	1.000,	NULL,	NULL,	NULL,	NULL,	1,	NULL,	NULL,	NULL,	NULL,	NULL,	NULL,	NULL,	NULL,	NULL,	NULL,	NULL,	NULL,	NULL,	NULL,	0,	NULL,	NULL,	0.0000,	'percentage',	0,	0.00,	NULL,	0.0000,	NULL,	NULL,	NULL,	NULL,	NULL,	NULL,	NULL,	NULL,	NULL,	NULL,	NULL,	NULL,	NULL,	0.0000,	NULL,	NULL,	NULL,	NULL,	NULL,	NULL,	NULL,	0,	0,	NULL,	0,	1.0000,	'days',	0,	NULL,	NULL,	NULL,	NULL,	NULL,	NULL,	NULL,	0,	'2022-11-04 17:26:45',	'2022-11-04 17:26:45'),
(72,	1,	1,	NULL,	NULL,	NULL,	'sell',	NULL,	'final',	NULL,	0,	'paid',	NULL,	1,	NULL,	'0064',	'',	NULL,	NULL,	NULL,	'2022-11-04 17:28:28',	6.0000,	NULL,	0.0000,	'percentage',	0.0000,	0,	0.0000,	NULL,	NULL,	NULL,	NULL,	NULL,	0.0000,	NULL,	NULL,	NULL,	NULL,	NULL,	NULL,	NULL,	0,	NULL,	0.0000,	NULL,	0.0000,	NULL,	0.0000,	NULL,	0.0000,	NULL,	0.0000,	6.0000,	NULL,	NULL,	NULL,	NULL,	0,	0,	1.000,	NULL,	NULL,	NULL,	NULL,	1,	NULL,	NULL,	NULL,	NULL,	NULL,	NULL,	NULL,	NULL,	NULL,	NULL,	NULL,	NULL,	NULL,	NULL,	0,	NULL,	NULL,	0.0000,	'percentage',	0,	0.00,	NULL,	0.0000,	NULL,	NULL,	NULL,	NULL,	NULL,	NULL,	NULL,	NULL,	NULL,	NULL,	NULL,	NULL,	NULL,	0.0000,	NULL,	NULL,	NULL,	NULL,	NULL,	NULL,	NULL,	0,	0,	NULL,	0,	1.0000,	'days',	0,	NULL,	NULL,	NULL,	NULL,	NULL,	NULL,	NULL,	0,	'2022-11-04 17:28:28',	'2022-11-04 17:28:29'),
(73,	1,	1,	NULL,	NULL,	NULL,	'sell',	NULL,	'final',	NULL,	0,	'paid',	NULL,	1,	NULL,	'0065',	'',	NULL,	NULL,	NULL,	'2022-11-04 17:30:01',	4.0000,	NULL,	0.0000,	'percentage',	0.0000,	0,	0.0000,	NULL,	NULL,	NULL,	NULL,	NULL,	0.0000,	NULL,	NULL,	NULL,	NULL,	NULL,	NULL,	NULL,	0,	NULL,	0.0000,	NULL,	0.0000,	NULL,	0.0000,	NULL,	0.0000,	NULL,	0.0000,	4.0000,	NULL,	NULL,	NULL,	NULL,	0,	0,	1.000,	NULL,	NULL,	NULL,	NULL,	1,	NULL,	NULL,	NULL,	NULL,	NULL,	NULL,	NULL,	NULL,	NULL,	NULL,	NULL,	NULL,	NULL,	NULL,	0,	NULL,	NULL,	0.0000,	'percentage',	0,	0.00,	NULL,	0.0000,	NULL,	NULL,	NULL,	NULL,	NULL,	NULL,	NULL,	NULL,	NULL,	NULL,	NULL,	NULL,	NULL,	0.0000,	NULL,	NULL,	NULL,	NULL,	NULL,	NULL,	NULL,	0,	0,	NULL,	0,	1.0000,	'days',	0,	NULL,	NULL,	NULL,	NULL,	NULL,	NULL,	NULL,	0,	'2022-11-04 17:30:01',	'2022-11-04 17:30:01'),
(74,	1,	1,	NULL,	NULL,	NULL,	'sell',	NULL,	'final',	NULL,	0,	'paid',	NULL,	1,	NULL,	'0066',	'',	NULL,	NULL,	NULL,	'2022-11-04 17:30:41',	6.0000,	NULL,	0.0000,	'percentage',	0.0000,	0,	0.0000,	NULL,	NULL,	NULL,	NULL,	NULL,	0.0000,	NULL,	NULL,	NULL,	NULL,	NULL,	NULL,	NULL,	0,	NULL,	0.0000,	NULL,	0.0000,	NULL,	0.0000,	NULL,	0.0000,	NULL,	0.0000,	6.0000,	NULL,	NULL,	NULL,	NULL,	0,	0,	1.000,	NULL,	NULL,	NULL,	NULL,	1,	NULL,	NULL,	NULL,	NULL,	NULL,	NULL,	NULL,	NULL,	NULL,	NULL,	NULL,	NULL,	NULL,	NULL,	0,	NULL,	NULL,	0.0000,	'percentage',	0,	0.00,	NULL,	0.0000,	NULL,	NULL,	NULL,	NULL,	NULL,	NULL,	NULL,	NULL,	NULL,	NULL,	NULL,	NULL,	NULL,	0.0000,	NULL,	NULL,	NULL,	NULL,	NULL,	NULL,	NULL,	0,	0,	NULL,	0,	1.0000,	'days',	0,	NULL,	NULL,	NULL,	NULL,	NULL,	NULL,	NULL,	0,	'2022-11-04 17:30:41',	'2022-11-04 17:30:41'),
(75,	1,	1,	NULL,	NULL,	NULL,	'sell',	NULL,	'final',	NULL,	0,	'paid',	NULL,	1,	NULL,	'0067',	'',	NULL,	NULL,	NULL,	'2022-11-04 17:32:17',	7.0000,	NULL,	0.0000,	'percentage',	0.0000,	0,	0.0000,	NULL,	NULL,	NULL,	NULL,	NULL,	0.0000,	NULL,	NULL,	NULL,	NULL,	NULL,	NULL,	NULL,	0,	NULL,	0.0000,	NULL,	0.0000,	NULL,	0.0000,	NULL,	0.0000,	NULL,	0.0000,	7.0000,	NULL,	NULL,	NULL,	NULL,	0,	0,	1.000,	NULL,	NULL,	NULL,	NULL,	1,	NULL,	NULL,	NULL,	NULL,	NULL,	NULL,	NULL,	NULL,	NULL,	NULL,	NULL,	NULL,	NULL,	NULL,	0,	NULL,	NULL,	0.0000,	'percentage',	0,	0.00,	NULL,	0.0000,	NULL,	NULL,	NULL,	NULL,	NULL,	NULL,	NULL,	NULL,	NULL,	NULL,	NULL,	NULL,	NULL,	0.0000,	NULL,	NULL,	NULL,	NULL,	NULL,	NULL,	NULL,	0,	0,	NULL,	0,	1.0000,	'days',	0,	NULL,	NULL,	NULL,	NULL,	NULL,	NULL,	NULL,	0,	'2022-11-04 17:32:17',	'2022-11-04 17:32:17'),
(76,	1,	1,	NULL,	NULL,	NULL,	'sell',	NULL,	'final',	NULL,	0,	'paid',	NULL,	1,	NULL,	'0068',	'',	NULL,	NULL,	NULL,	'2022-11-04 17:33:06',	4.0000,	NULL,	0.0000,	'percentage',	0.0000,	0,	0.0000,	NULL,	NULL,	NULL,	NULL,	NULL,	0.0000,	NULL,	NULL,	NULL,	NULL,	NULL,	NULL,	NULL,	0,	NULL,	0.0000,	NULL,	0.0000,	NULL,	0.0000,	NULL,	0.0000,	NULL,	0.0000,	4.0000,	NULL,	NULL,	NULL,	NULL,	0,	0,	1.000,	NULL,	NULL,	NULL,	NULL,	1,	NULL,	NULL,	NULL,	NULL,	NULL,	NULL,	NULL,	NULL,	NULL,	NULL,	NULL,	NULL,	NULL,	NULL,	0,	NULL,	NULL,	0.0000,	'percentage',	0,	0.00,	NULL,	0.0000,	NULL,	NULL,	NULL,	NULL,	NULL,	NULL,	NULL,	NULL,	NULL,	NULL,	NULL,	NULL,	NULL,	0.0000,	NULL,	NULL,	NULL,	NULL,	NULL,	NULL,	NULL,	0,	0,	NULL,	0,	1.0000,	'days',	0,	NULL,	NULL,	NULL,	NULL,	NULL,	NULL,	NULL,	0,	'2022-11-04 17:33:06',	'2022-11-04 17:33:06'),
(77,	1,	1,	NULL,	NULL,	NULL,	'sell',	NULL,	'final',	NULL,	0,	'paid',	NULL,	1,	NULL,	'0069',	'',	NULL,	NULL,	NULL,	'2022-11-04 17:42:52',	5.0000,	NULL,	0.0000,	'percentage',	0.0000,	0,	0.0000,	NULL,	NULL,	NULL,	NULL,	NULL,	0.0000,	NULL,	NULL,	NULL,	NULL,	NULL,	NULL,	NULL,	0,	NULL,	0.0000,	NULL,	0.0000,	NULL,	0.0000,	NULL,	0.0000,	NULL,	0.0000,	5.0000,	NULL,	NULL,	NULL,	NULL,	0,	0,	1.000,	NULL,	NULL,	NULL,	NULL,	1,	NULL,	NULL,	NULL,	NULL,	NULL,	NULL,	NULL,	NULL,	NULL,	NULL,	NULL,	NULL,	NULL,	NULL,	0,	NULL,	NULL,	0.0000,	'percentage',	0,	0.00,	NULL,	0.0000,	NULL,	NULL,	NULL,	NULL,	NULL,	NULL,	NULL,	NULL,	NULL,	NULL,	NULL,	NULL,	NULL,	0.0000,	NULL,	NULL,	NULL,	NULL,	NULL,	NULL,	NULL,	0,	0,	NULL,	0,	1.0000,	'days',	0,	NULL,	NULL,	NULL,	NULL,	NULL,	NULL,	NULL,	0,	'2022-11-04 17:42:52',	'2022-11-04 17:42:52'),
(78,	1,	1,	NULL,	NULL,	NULL,	'sell',	NULL,	'final',	NULL,	0,	'paid',	NULL,	1,	NULL,	'0070',	'',	NULL,	NULL,	NULL,	'2022-11-04 17:45:03',	4.0000,	NULL,	0.0000,	'percentage',	0.0000,	0,	0.0000,	NULL,	NULL,	NULL,	NULL,	NULL,	0.0000,	NULL,	NULL,	NULL,	NULL,	NULL,	NULL,	NULL,	0,	NULL,	0.0000,	NULL,	0.0000,	NULL,	0.0000,	NULL,	0.0000,	NULL,	0.0000,	4.0000,	NULL,	NULL,	NULL,	NULL,	0,	0,	1.000,	NULL,	NULL,	NULL,	NULL,	1,	NULL,	NULL,	NULL,	NULL,	NULL,	NULL,	NULL,	NULL,	NULL,	NULL,	NULL,	NULL,	NULL,	NULL,	0,	NULL,	NULL,	0.0000,	'percentage',	0,	0.00,	NULL,	0.0000,	NULL,	NULL,	NULL,	NULL,	NULL,	NULL,	NULL,	NULL,	NULL,	NULL,	NULL,	NULL,	NULL,	0.0000,	NULL,	NULL,	NULL,	NULL,	NULL,	NULL,	NULL,	0,	0,	NULL,	0,	1.0000,	'days',	0,	NULL,	NULL,	NULL,	NULL,	NULL,	NULL,	NULL,	0,	'2022-11-04 17:45:03',	'2022-11-04 17:45:03'),
(79,	1,	1,	NULL,	NULL,	NULL,	'sell',	NULL,	'final',	NULL,	0,	'paid',	NULL,	1,	NULL,	'0071',	'',	NULL,	NULL,	NULL,	'2022-11-04 17:52:46',	4.0000,	NULL,	0.0000,	'percentage',	0.0000,	0,	0.0000,	NULL,	NULL,	NULL,	NULL,	NULL,	0.0000,	NULL,	NULL,	NULL,	NULL,	NULL,	NULL,	NULL,	0,	NULL,	0.0000,	NULL,	0.0000,	NULL,	0.0000,	NULL,	0.0000,	NULL,	0.0000,	4.0000,	NULL,	NULL,	NULL,	NULL,	0,	0,	1.000,	NULL,	NULL,	NULL,	NULL,	1,	NULL,	NULL,	NULL,	NULL,	NULL,	NULL,	NULL,	NULL,	NULL,	NULL,	NULL,	NULL,	NULL,	NULL,	0,	NULL,	NULL,	0.0000,	'percentage',	0,	0.00,	NULL,	0.0000,	NULL,	NULL,	NULL,	NULL,	NULL,	NULL,	NULL,	NULL,	NULL,	NULL,	NULL,	NULL,	NULL,	0.0000,	NULL,	NULL,	NULL,	NULL,	NULL,	NULL,	NULL,	0,	0,	NULL,	0,	1.0000,	'days',	0,	NULL,	NULL,	NULL,	NULL,	NULL,	NULL,	NULL,	0,	'2022-11-04 17:52:46',	'2022-11-04 17:52:46'),
(80,	1,	1,	NULL,	NULL,	NULL,	'sell',	NULL,	'final',	NULL,	0,	'paid',	NULL,	1,	NULL,	'0072',	'',	NULL,	NULL,	NULL,	'2022-11-04 17:55:36',	8.0000,	NULL,	0.0000,	'percentage',	0.0000,	0,	0.0000,	NULL,	NULL,	NULL,	NULL,	NULL,	0.0000,	NULL,	NULL,	NULL,	NULL,	NULL,	NULL,	NULL,	0,	NULL,	0.0000,	NULL,	0.0000,	NULL,	0.0000,	NULL,	0.0000,	NULL,	0.0000,	8.0000,	NULL,	NULL,	NULL,	NULL,	0,	0,	1.000,	NULL,	NULL,	NULL,	NULL,	1,	NULL,	NULL,	NULL,	NULL,	NULL,	NULL,	NULL,	NULL,	NULL,	NULL,	NULL,	NULL,	NULL,	NULL,	0,	NULL,	NULL,	0.0000,	'percentage',	0,	0.00,	NULL,	0.0000,	NULL,	NULL,	NULL,	NULL,	NULL,	NULL,	NULL,	NULL,	NULL,	NULL,	NULL,	NULL,	NULL,	0.0000,	NULL,	NULL,	NULL,	NULL,	NULL,	NULL,	NULL,	0,	0,	NULL,	0,	1.0000,	'days',	0,	NULL,	NULL,	NULL,	NULL,	NULL,	NULL,	NULL,	0,	'2022-11-04 17:55:36',	'2022-11-04 17:55:36'),
(81,	1,	1,	NULL,	NULL,	NULL,	'sell',	NULL,	'final',	NULL,	0,	'paid',	NULL,	1,	NULL,	'0073',	'',	NULL,	NULL,	NULL,	'2022-11-04 17:56:20',	5.0000,	NULL,	0.0000,	'percentage',	0.0000,	0,	0.0000,	NULL,	NULL,	NULL,	NULL,	NULL,	0.0000,	NULL,	NULL,	NULL,	NULL,	NULL,	NULL,	NULL,	0,	NULL,	0.0000,	NULL,	0.0000,	NULL,	0.0000,	NULL,	0.0000,	NULL,	0.0000,	5.0000,	NULL,	NULL,	NULL,	NULL,	0,	0,	1.000,	NULL,	NULL,	NULL,	NULL,	1,	NULL,	NULL,	NULL,	NULL,	NULL,	NULL,	NULL,	NULL,	NULL,	NULL,	NULL,	NULL,	NULL,	NULL,	0,	NULL,	NULL,	0.0000,	'percentage',	0,	0.00,	NULL,	0.0000,	NULL,	NULL,	NULL,	NULL,	NULL,	NULL,	NULL,	NULL,	NULL,	NULL,	NULL,	NULL,	NULL,	0.0000,	NULL,	NULL,	NULL,	NULL,	NULL,	NULL,	NULL,	0,	0,	NULL,	0,	1.0000,	'days',	0,	NULL,	NULL,	NULL,	NULL,	NULL,	NULL,	NULL,	0,	'2022-11-04 17:56:20',	'2022-11-04 17:56:20'),
(82,	1,	1,	NULL,	NULL,	NULL,	'sell',	NULL,	'final',	NULL,	0,	'paid',	NULL,	1,	NULL,	'0074',	'',	NULL,	NULL,	NULL,	'2022-11-04 17:57:46',	6.0000,	NULL,	0.0000,	'percentage',	0.0000,	0,	0.0000,	NULL,	NULL,	NULL,	NULL,	NULL,	0.0000,	NULL,	NULL,	NULL,	NULL,	NULL,	NULL,	NULL,	0,	NULL,	0.0000,	NULL,	0.0000,	NULL,	0.0000,	NULL,	0.0000,	NULL,	0.0000,	6.0000,	NULL,	NULL,	NULL,	NULL,	0,	0,	1.000,	NULL,	NULL,	NULL,	NULL,	1,	NULL,	NULL,	NULL,	NULL,	NULL,	NULL,	NULL,	NULL,	NULL,	NULL,	NULL,	NULL,	NULL,	NULL,	0,	NULL,	NULL,	0.0000,	'percentage',	0,	0.00,	NULL,	0.0000,	NULL,	NULL,	NULL,	NULL,	NULL,	NULL,	NULL,	NULL,	NULL,	NULL,	NULL,	NULL,	NULL,	0.0000,	NULL,	NULL,	NULL,	NULL,	NULL,	NULL,	NULL,	0,	0,	NULL,	0,	1.0000,	'days',	0,	NULL,	NULL,	NULL,	NULL,	NULL,	NULL,	NULL,	0,	'2022-11-04 17:57:46',	'2022-11-04 17:57:46'),
(83,	1,	1,	NULL,	NULL,	NULL,	'sell',	NULL,	'final',	NULL,	0,	'paid',	NULL,	1,	NULL,	'0075',	'',	NULL,	NULL,	NULL,	'2022-11-04 18:00:53',	5.0000,	NULL,	0.0000,	'percentage',	0.0000,	0,	0.0000,	NULL,	NULL,	NULL,	NULL,	NULL,	0.0000,	NULL,	NULL,	NULL,	NULL,	NULL,	NULL,	NULL,	0,	NULL,	0.0000,	NULL,	0.0000,	NULL,	0.0000,	NULL,	0.0000,	NULL,	0.0000,	5.0000,	NULL,	NULL,	NULL,	NULL,	0,	0,	1.000,	NULL,	NULL,	NULL,	NULL,	1,	NULL,	NULL,	NULL,	NULL,	NULL,	NULL,	NULL,	NULL,	NULL,	NULL,	NULL,	NULL,	NULL,	NULL,	0,	NULL,	NULL,	0.0000,	'percentage',	0,	0.00,	NULL,	0.0000,	NULL,	NULL,	NULL,	NULL,	NULL,	NULL,	NULL,	NULL,	NULL,	NULL,	NULL,	NULL,	NULL,	0.0000,	NULL,	NULL,	NULL,	NULL,	NULL,	NULL,	NULL,	0,	0,	NULL,	0,	1.0000,	'days',	0,	NULL,	NULL,	NULL,	NULL,	NULL,	NULL,	NULL,	0,	'2022-11-04 18:00:53',	'2022-11-04 18:00:53'),
(84,	1,	1,	NULL,	NULL,	NULL,	'sell',	NULL,	'final',	NULL,	0,	'paid',	NULL,	1,	NULL,	'0076',	'',	NULL,	NULL,	NULL,	'2022-11-04 18:04:38',	12.0000,	NULL,	0.0000,	'percentage',	0.0000,	0,	0.0000,	NULL,	NULL,	NULL,	NULL,	NULL,	0.0000,	NULL,	NULL,	NULL,	NULL,	NULL,	NULL,	NULL,	0,	NULL,	0.0000,	NULL,	0.0000,	NULL,	0.0000,	NULL,	0.0000,	NULL,	0.0000,	12.0000,	NULL,	NULL,	NULL,	NULL,	0,	0,	1.000,	NULL,	NULL,	NULL,	NULL,	1,	NULL,	NULL,	NULL,	NULL,	NULL,	NULL,	NULL,	NULL,	NULL,	NULL,	NULL,	NULL,	NULL,	NULL,	0,	NULL,	NULL,	0.0000,	'percentage',	0,	0.00,	NULL,	0.0000,	NULL,	NULL,	NULL,	NULL,	NULL,	NULL,	NULL,	NULL,	NULL,	NULL,	NULL,	NULL,	NULL,	0.0000,	NULL,	NULL,	NULL,	NULL,	NULL,	NULL,	NULL,	0,	0,	NULL,	0,	1.0000,	'days',	0,	NULL,	NULL,	NULL,	NULL,	NULL,	NULL,	NULL,	0,	'2022-11-04 18:04:38',	'2022-11-04 18:04:38'),
(85,	1,	1,	NULL,	NULL,	NULL,	'sell',	NULL,	'final',	NULL,	0,	'paid',	NULL,	1,	NULL,	'0077',	'',	NULL,	NULL,	NULL,	'2022-11-04 18:06:03',	12.0000,	NULL,	0.0000,	'percentage',	0.0000,	0,	0.0000,	NULL,	NULL,	NULL,	NULL,	NULL,	0.0000,	NULL,	NULL,	NULL,	NULL,	NULL,	NULL,	NULL,	0,	NULL,	0.0000,	NULL,	0.0000,	NULL,	0.0000,	NULL,	0.0000,	NULL,	0.0000,	12.0000,	NULL,	NULL,	NULL,	NULL,	0,	0,	1.000,	NULL,	NULL,	NULL,	NULL,	1,	NULL,	NULL,	NULL,	NULL,	NULL,	NULL,	NULL,	NULL,	NULL,	NULL,	NULL,	NULL,	NULL,	NULL,	0,	NULL,	NULL,	0.0000,	'percentage',	0,	0.00,	NULL,	0.0000,	NULL,	NULL,	NULL,	NULL,	NULL,	NULL,	NULL,	NULL,	NULL,	NULL,	NULL,	NULL,	NULL,	0.0000,	NULL,	NULL,	NULL,	NULL,	NULL,	NULL,	NULL,	0,	0,	NULL,	0,	1.0000,	'days',	0,	NULL,	NULL,	NULL,	NULL,	NULL,	NULL,	NULL,	0,	'2022-11-04 18:06:03',	'2022-11-04 18:06:03'),
(86,	1,	1,	NULL,	NULL,	NULL,	'sell',	NULL,	'final',	NULL,	0,	'paid',	NULL,	1,	NULL,	'0078',	'',	NULL,	NULL,	NULL,	'2022-11-04 18:06:23',	7.0000,	NULL,	0.0000,	'percentage',	0.0000,	0,	0.0000,	NULL,	NULL,	NULL,	NULL,	NULL,	0.0000,	NULL,	NULL,	NULL,	NULL,	NULL,	NULL,	NULL,	0,	NULL,	0.0000,	NULL,	0.0000,	NULL,	0.0000,	NULL,	0.0000,	NULL,	0.0000,	7.0000,	NULL,	NULL,	NULL,	NULL,	0,	0,	1.000,	NULL,	NULL,	NULL,	NULL,	1,	NULL,	NULL,	NULL,	NULL,	NULL,	NULL,	NULL,	NULL,	NULL,	NULL,	NULL,	NULL,	NULL,	NULL,	0,	NULL,	NULL,	0.0000,	'percentage',	0,	0.00,	NULL,	0.0000,	NULL,	NULL,	NULL,	NULL,	NULL,	NULL,	NULL,	NULL,	NULL,	NULL,	NULL,	NULL,	NULL,	0.0000,	NULL,	NULL,	NULL,	NULL,	NULL,	NULL,	NULL,	0,	0,	NULL,	0,	1.0000,	'days',	0,	NULL,	NULL,	NULL,	NULL,	NULL,	NULL,	NULL,	0,	'2022-11-04 18:06:23',	'2022-11-04 18:06:24'),
(87,	1,	1,	NULL,	NULL,	NULL,	'sell',	NULL,	'final',	NULL,	0,	'paid',	NULL,	1,	NULL,	'0079',	'',	NULL,	NULL,	NULL,	'2022-11-04 18:11:19',	5.0000,	NULL,	0.0000,	'percentage',	0.0000,	0,	0.0000,	NULL,	NULL,	NULL,	NULL,	NULL,	0.0000,	NULL,	NULL,	NULL,	NULL,	NULL,	NULL,	NULL,	0,	NULL,	0.0000,	NULL,	0.0000,	NULL,	0.0000,	NULL,	0.0000,	NULL,	0.0000,	5.0000,	NULL,	NULL,	NULL,	NULL,	0,	0,	1.000,	NULL,	NULL,	NULL,	NULL,	1,	NULL,	NULL,	NULL,	NULL,	NULL,	NULL,	NULL,	NULL,	NULL,	NULL,	NULL,	NULL,	NULL,	NULL,	0,	NULL,	NULL,	0.0000,	'percentage',	0,	0.00,	NULL,	0.0000,	NULL,	NULL,	NULL,	NULL,	NULL,	NULL,	NULL,	NULL,	NULL,	NULL,	NULL,	NULL,	NULL,	0.0000,	NULL,	NULL,	NULL,	NULL,	NULL,	NULL,	NULL,	0,	0,	NULL,	0,	1.0000,	'days',	0,	NULL,	NULL,	NULL,	NULL,	NULL,	NULL,	NULL,	0,	'2022-11-04 18:11:19',	'2022-11-04 18:11:19'),
(88,	1,	1,	NULL,	NULL,	NULL,	'sell',	NULL,	'final',	NULL,	0,	'paid',	NULL,	1,	NULL,	'0080',	'',	NULL,	NULL,	NULL,	'2022-11-04 18:12:15',	8.0000,	NULL,	0.0000,	'percentage',	0.0000,	0,	0.0000,	NULL,	NULL,	NULL,	NULL,	NULL,	0.0000,	NULL,	NULL,	NULL,	NULL,	NULL,	NULL,	NULL,	0,	NULL,	0.0000,	NULL,	0.0000,	NULL,	0.0000,	NULL,	0.0000,	NULL,	0.0000,	8.0000,	NULL,	NULL,	NULL,	NULL,	0,	0,	1.000,	NULL,	NULL,	NULL,	NULL,	1,	NULL,	NULL,	NULL,	NULL,	NULL,	NULL,	NULL,	NULL,	NULL,	NULL,	NULL,	NULL,	NULL,	NULL,	0,	NULL,	NULL,	0.0000,	'percentage',	0,	0.00,	NULL,	0.0000,	NULL,	NULL,	NULL,	NULL,	NULL,	NULL,	NULL,	NULL,	NULL,	NULL,	NULL,	NULL,	NULL,	0.0000,	NULL,	NULL,	NULL,	NULL,	NULL,	NULL,	NULL,	0,	0,	NULL,	0,	1.0000,	'days',	0,	NULL,	NULL,	NULL,	NULL,	NULL,	NULL,	NULL,	0,	'2022-11-04 18:12:15',	'2022-11-04 18:12:15'),
(89,	1,	1,	NULL,	NULL,	NULL,	'sell',	NULL,	'final',	NULL,	0,	'paid',	NULL,	1,	NULL,	'0081',	'',	NULL,	NULL,	NULL,	'2022-11-04 18:13:59',	5.0000,	NULL,	0.0000,	'percentage',	0.0000,	0,	0.0000,	NULL,	NULL,	NULL,	NULL,	NULL,	0.0000,	NULL,	NULL,	NULL,	NULL,	NULL,	NULL,	NULL,	0,	NULL,	0.0000,	NULL,	0.0000,	NULL,	0.0000,	NULL,	0.0000,	NULL,	0.0000,	5.0000,	NULL,	NULL,	NULL,	NULL,	0,	0,	1.000,	NULL,	NULL,	NULL,	NULL,	1,	NULL,	NULL,	NULL,	NULL,	NULL,	NULL,	NULL,	NULL,	NULL,	NULL,	NULL,	NULL,	NULL,	NULL,	0,	NULL,	NULL,	0.0000,	'percentage',	0,	0.00,	NULL,	0.0000,	NULL,	NULL,	NULL,	NULL,	NULL,	NULL,	NULL,	NULL,	NULL,	NULL,	NULL,	NULL,	NULL,	0.0000,	NULL,	NULL,	NULL,	NULL,	NULL,	NULL,	NULL,	0,	0,	NULL,	0,	1.0000,	'days',	0,	NULL,	NULL,	NULL,	NULL,	NULL,	NULL,	NULL,	0,	'2022-11-04 18:13:59',	'2022-11-04 18:13:59'),
(90,	1,	1,	NULL,	NULL,	NULL,	'sell',	NULL,	'final',	NULL,	0,	'paid',	NULL,	1,	NULL,	'0082',	'',	NULL,	NULL,	NULL,	'2022-11-04 18:15:20',	8.0000,	NULL,	0.0000,	'percentage',	0.0000,	0,	0.0000,	NULL,	NULL,	NULL,	NULL,	NULL,	0.0000,	NULL,	NULL,	NULL,	NULL,	NULL,	NULL,	NULL,	0,	NULL,	0.0000,	NULL,	0.0000,	NULL,	0.0000,	NULL,	0.0000,	NULL,	0.0000,	8.0000,	NULL,	NULL,	NULL,	NULL,	0,	0,	1.000,	NULL,	NULL,	NULL,	NULL,	1,	NULL,	NULL,	NULL,	NULL,	NULL,	NULL,	NULL,	NULL,	NULL,	NULL,	NULL,	NULL,	NULL,	NULL,	0,	NULL,	NULL,	0.0000,	'percentage',	0,	0.00,	NULL,	0.0000,	NULL,	NULL,	NULL,	NULL,	NULL,	NULL,	NULL,	NULL,	NULL,	NULL,	NULL,	NULL,	NULL,	0.0000,	NULL,	NULL,	NULL,	NULL,	NULL,	NULL,	NULL,	0,	0,	NULL,	0,	1.0000,	'days',	0,	NULL,	NULL,	NULL,	NULL,	NULL,	NULL,	NULL,	0,	'2022-11-04 18:15:20',	'2022-11-04 18:15:20'),
(91,	1,	1,	NULL,	NULL,	NULL,	'sell',	NULL,	'final',	NULL,	0,	'paid',	NULL,	1,	NULL,	'0083',	'',	NULL,	NULL,	NULL,	'2022-11-04 18:23:11',	4.0000,	NULL,	0.0000,	'percentage',	0.0000,	0,	0.0000,	NULL,	NULL,	NULL,	NULL,	NULL,	0.0000,	NULL,	NULL,	NULL,	NULL,	NULL,	NULL,	NULL,	0,	NULL,	0.0000,	NULL,	0.0000,	NULL,	0.0000,	NULL,	0.0000,	NULL,	0.0000,	4.0000,	NULL,	NULL,	NULL,	NULL,	0,	0,	1.000,	NULL,	NULL,	NULL,	NULL,	1,	NULL,	NULL,	NULL,	NULL,	NULL,	NULL,	NULL,	NULL,	NULL,	NULL,	NULL,	NULL,	NULL,	NULL,	0,	NULL,	NULL,	0.0000,	'percentage',	0,	0.00,	NULL,	0.0000,	NULL,	NULL,	NULL,	NULL,	NULL,	NULL,	NULL,	NULL,	NULL,	NULL,	NULL,	NULL,	NULL,	0.0000,	NULL,	NULL,	NULL,	NULL,	NULL,	NULL,	NULL,	0,	0,	NULL,	0,	1.0000,	'days',	0,	NULL,	NULL,	NULL,	NULL,	NULL,	NULL,	NULL,	0,	'2022-11-04 18:23:11',	'2022-11-04 18:23:11'),
(92,	1,	1,	NULL,	NULL,	NULL,	'sell',	NULL,	'final',	NULL,	0,	'paid',	NULL,	1,	NULL,	'0084',	'',	NULL,	NULL,	NULL,	'2022-11-04 18:25:39',	6.0000,	NULL,	0.0000,	'percentage',	0.0000,	0,	0.0000,	NULL,	NULL,	NULL,	NULL,	NULL,	0.0000,	NULL,	NULL,	NULL,	NULL,	NULL,	NULL,	NULL,	0,	NULL,	0.0000,	NULL,	0.0000,	NULL,	0.0000,	NULL,	0.0000,	NULL,	0.0000,	6.0000,	NULL,	NULL,	NULL,	NULL,	0,	0,	1.000,	NULL,	NULL,	NULL,	NULL,	1,	NULL,	NULL,	NULL,	NULL,	NULL,	NULL,	NULL,	NULL,	NULL,	NULL,	NULL,	NULL,	NULL,	NULL,	0,	NULL,	NULL,	0.0000,	'percentage',	0,	0.00,	NULL,	0.0000,	NULL,	NULL,	NULL,	NULL,	NULL,	NULL,	NULL,	NULL,	NULL,	NULL,	NULL,	NULL,	NULL,	0.0000,	NULL,	NULL,	NULL,	NULL,	NULL,	NULL,	NULL,	0,	0,	NULL,	0,	1.0000,	'days',	0,	NULL,	NULL,	NULL,	NULL,	NULL,	NULL,	NULL,	0,	'2022-11-04 18:25:39',	'2022-11-04 18:25:39'),
(93,	1,	1,	NULL,	NULL,	NULL,	'sell',	NULL,	'final',	NULL,	0,	'paid',	NULL,	1,	NULL,	'0085',	'',	NULL,	NULL,	NULL,	'2022-11-04 18:31:58',	12.0000,	NULL,	0.0000,	'percentage',	0.0000,	0,	0.0000,	NULL,	NULL,	NULL,	NULL,	NULL,	0.0000,	NULL,	NULL,	NULL,	NULL,	NULL,	NULL,	NULL,	0,	NULL,	0.0000,	NULL,	0.0000,	NULL,	0.0000,	NULL,	0.0000,	NULL,	0.0000,	12.0000,	NULL,	NULL,	NULL,	NULL,	0,	0,	1.000,	NULL,	NULL,	NULL,	NULL,	1,	NULL,	NULL,	NULL,	NULL,	NULL,	NULL,	NULL,	NULL,	NULL,	NULL,	NULL,	NULL,	NULL,	NULL,	0,	NULL,	NULL,	0.0000,	'percentage',	0,	0.00,	NULL,	0.0000,	NULL,	NULL,	NULL,	NULL,	NULL,	NULL,	NULL,	NULL,	NULL,	NULL,	NULL,	NULL,	NULL,	0.0000,	NULL,	NULL,	NULL,	NULL,	NULL,	NULL,	NULL,	0,	0,	NULL,	0,	1.0000,	'days',	0,	NULL,	NULL,	NULL,	NULL,	NULL,	NULL,	NULL,	0,	'2022-11-04 18:31:58',	'2022-11-04 18:31:58'),
(94,	1,	1,	NULL,	NULL,	NULL,	'sell',	NULL,	'final',	NULL,	0,	'paid',	NULL,	1,	NULL,	'0086',	'',	NULL,	NULL,	NULL,	'2022-11-04 18:36:57',	10.0000,	NULL,	0.0000,	'percentage',	0.0000,	0,	0.0000,	NULL,	NULL,	NULL,	NULL,	NULL,	0.0000,	NULL,	NULL,	NULL,	NULL,	NULL,	NULL,	NULL,	0,	NULL,	0.0000,	NULL,	0.0000,	NULL,	0.0000,	NULL,	0.0000,	NULL,	0.0000,	10.0000,	NULL,	NULL,	NULL,	NULL,	0,	0,	1.000,	NULL,	NULL,	NULL,	NULL,	1,	NULL,	NULL,	NULL,	NULL,	NULL,	NULL,	NULL,	NULL,	NULL,	NULL,	NULL,	NULL,	NULL,	NULL,	0,	NULL,	NULL,	0.0000,	'percentage',	0,	0.00,	NULL,	0.0000,	NULL,	NULL,	NULL,	NULL,	NULL,	NULL,	NULL,	NULL,	NULL,	NULL,	NULL,	NULL,	NULL,	0.0000,	NULL,	NULL,	NULL,	NULL,	NULL,	NULL,	NULL,	0,	0,	NULL,	0,	1.0000,	'days',	0,	NULL,	NULL,	NULL,	NULL,	NULL,	NULL,	NULL,	0,	'2022-11-04 18:36:57',	'2022-11-04 18:36:57'),
(95,	1,	1,	NULL,	NULL,	NULL,	'sell',	NULL,	'final',	NULL,	0,	'paid',	NULL,	1,	NULL,	'0087',	'',	NULL,	NULL,	NULL,	'2022-11-04 18:42:01',	3.0000,	NULL,	0.0000,	'percentage',	0.0000,	0,	0.0000,	NULL,	NULL,	NULL,	NULL,	NULL,	0.0000,	NULL,	NULL,	NULL,	NULL,	NULL,	NULL,	NULL,	0,	NULL,	0.0000,	NULL,	0.0000,	NULL,	0.0000,	NULL,	0.0000,	NULL,	0.0000,	3.0000,	NULL,	NULL,	NULL,	NULL,	0,	0,	1.000,	NULL,	NULL,	NULL,	NULL,	1,	NULL,	NULL,	NULL,	NULL,	NULL,	NULL,	NULL,	NULL,	NULL,	NULL,	NULL,	NULL,	NULL,	NULL,	0,	NULL,	NULL,	0.0000,	'percentage',	0,	0.00,	NULL,	0.0000,	NULL,	NULL,	NULL,	NULL,	NULL,	NULL,	NULL,	NULL,	NULL,	NULL,	NULL,	NULL,	NULL,	0.0000,	NULL,	NULL,	NULL,	NULL,	NULL,	NULL,	NULL,	0,	0,	NULL,	0,	1.0000,	'days',	0,	NULL,	NULL,	NULL,	NULL,	NULL,	NULL,	NULL,	0,	'2022-11-04 18:42:01',	'2022-11-04 18:42:01'),
(96,	1,	1,	NULL,	NULL,	NULL,	'sell',	NULL,	'final',	NULL,	0,	'paid',	NULL,	1,	NULL,	'0088',	'',	NULL,	NULL,	NULL,	'2022-11-04 18:44:10',	4.0000,	NULL,	0.0000,	'percentage',	0.0000,	0,	0.0000,	NULL,	NULL,	NULL,	NULL,	NULL,	0.0000,	NULL,	NULL,	NULL,	NULL,	NULL,	NULL,	NULL,	0,	NULL,	0.0000,	NULL,	0.0000,	NULL,	0.0000,	NULL,	0.0000,	NULL,	0.0000,	4.0000,	NULL,	NULL,	NULL,	NULL,	0,	0,	1.000,	NULL,	NULL,	NULL,	NULL,	1,	NULL,	NULL,	NULL,	NULL,	NULL,	NULL,	NULL,	NULL,	NULL,	NULL,	NULL,	NULL,	NULL,	NULL,	0,	NULL,	NULL,	0.0000,	'percentage',	0,	0.00,	NULL,	0.0000,	NULL,	NULL,	NULL,	NULL,	NULL,	NULL,	NULL,	NULL,	NULL,	NULL,	NULL,	NULL,	NULL,	0.0000,	NULL,	NULL,	NULL,	NULL,	NULL,	NULL,	NULL,	0,	0,	NULL,	0,	1.0000,	'days',	0,	NULL,	NULL,	NULL,	NULL,	NULL,	NULL,	NULL,	0,	'2022-11-04 18:44:10',	'2022-11-04 18:44:10'),
(97,	1,	1,	NULL,	NULL,	NULL,	'sell',	NULL,	'final',	NULL,	0,	'paid',	NULL,	1,	NULL,	'0089',	'',	NULL,	NULL,	NULL,	'2022-11-05 02:25:34',	5.0800,	NULL,	0.0000,	'percentage',	0.0000,	0,	0.0000,	NULL,	NULL,	NULL,	NULL,	NULL,	0.0000,	NULL,	NULL,	NULL,	NULL,	NULL,	NULL,	NULL,	0,	NULL,	0.0000,	NULL,	0.0000,	NULL,	0.0000,	NULL,	0.0000,	NULL,	0.0000,	5.0800,	NULL,	NULL,	NULL,	NULL,	0,	0,	1.000,	NULL,	NULL,	NULL,	NULL,	1,	NULL,	NULL,	NULL,	NULL,	NULL,	NULL,	NULL,	NULL,	NULL,	NULL,	NULL,	NULL,	NULL,	NULL,	0,	NULL,	NULL,	0.0000,	'percentage',	0,	0.00,	NULL,	0.0000,	NULL,	NULL,	NULL,	NULL,	NULL,	NULL,	NULL,	NULL,	NULL,	NULL,	NULL,	NULL,	NULL,	0.0000,	NULL,	NULL,	NULL,	NULL,	NULL,	NULL,	NULL,	0,	0,	NULL,	0,	1.0000,	'days',	0,	NULL,	NULL,	NULL,	NULL,	NULL,	NULL,	NULL,	0,	'2022-11-05 02:25:34',	'2022-11-05 02:25:34'),
(98,	1,	1,	NULL,	NULL,	NULL,	'sell',	NULL,	'final',	NULL,	0,	'paid',	NULL,	1,	NULL,	'0090',	'',	NULL,	NULL,	NULL,	'2022-11-05 07:01:07',	3.8100,	NULL,	0.0000,	'percentage',	0.0000,	0,	0.0000,	NULL,	NULL,	NULL,	NULL,	NULL,	0.0000,	NULL,	NULL,	NULL,	NULL,	NULL,	NULL,	NULL,	0,	NULL,	0.0000,	NULL,	0.0000,	NULL,	0.0000,	NULL,	0.0000,	NULL,	0.0000,	3.8100,	NULL,	NULL,	NULL,	NULL,	0,	0,	1.000,	NULL,	NULL,	NULL,	NULL,	1,	NULL,	NULL,	NULL,	NULL,	NULL,	NULL,	NULL,	NULL,	NULL,	NULL,	NULL,	NULL,	NULL,	NULL,	0,	NULL,	NULL,	0.0000,	'percentage',	0,	0.00,	NULL,	0.0000,	NULL,	NULL,	NULL,	NULL,	NULL,	NULL,	NULL,	NULL,	NULL,	NULL,	NULL,	NULL,	NULL,	0.0000,	NULL,	NULL,	NULL,	NULL,	NULL,	NULL,	NULL,	0,	0,	NULL,	0,	1.0000,	'days',	0,	NULL,	NULL,	NULL,	NULL,	NULL,	NULL,	NULL,	0,	'2022-11-05 07:01:07',	'2022-11-05 07:01:07'),
(99,	1,	1,	NULL,	NULL,	NULL,	'sell',	NULL,	'final',	NULL,	0,	'paid',	NULL,	1,	NULL,	'0091',	'',	NULL,	NULL,	NULL,	'2022-11-06 01:15:13',	2.5400,	NULL,	0.0000,	'percentage',	0.0000,	0,	0.0000,	NULL,	NULL,	NULL,	NULL,	NULL,	0.0000,	NULL,	NULL,	NULL,	NULL,	NULL,	NULL,	NULL,	0,	NULL,	0.0000,	NULL,	0.0000,	NULL,	0.0000,	NULL,	0.0000,	NULL,	0.0000,	2.5400,	NULL,	NULL,	NULL,	NULL,	0,	0,	1.000,	NULL,	NULL,	NULL,	NULL,	1,	NULL,	NULL,	NULL,	NULL,	NULL,	NULL,	NULL,	NULL,	NULL,	NULL,	NULL,	NULL,	NULL,	NULL,	0,	NULL,	NULL,	0.0000,	'percentage',	0,	0.00,	NULL,	0.0000,	NULL,	NULL,	NULL,	NULL,	NULL,	NULL,	NULL,	NULL,	NULL,	NULL,	NULL,	NULL,	NULL,	0.0000,	NULL,	NULL,	NULL,	NULL,	NULL,	NULL,	NULL,	0,	0,	NULL,	0,	1.0000,	'days',	0,	NULL,	NULL,	NULL,	NULL,	NULL,	NULL,	NULL,	0,	'2022-11-06 01:15:13',	'2022-11-06 01:15:13'),
(100,	1,	1,	NULL,	NULL,	NULL,	'sell',	NULL,	'final',	NULL,	0,	'paid',	NULL,	1,	NULL,	'0092',	'',	NULL,	NULL,	NULL,	'2022-11-06 05:40:28',	6.0000,	NULL,	0.0000,	'percentage',	0.0000,	0,	0.0000,	NULL,	NULL,	NULL,	NULL,	NULL,	0.0000,	NULL,	NULL,	NULL,	NULL,	NULL,	NULL,	NULL,	0,	NULL,	0.0000,	NULL,	0.0000,	NULL,	0.0000,	NULL,	0.0000,	NULL,	0.0000,	6.0000,	NULL,	NULL,	NULL,	NULL,	0,	0,	1.000,	NULL,	NULL,	NULL,	NULL,	1,	NULL,	NULL,	NULL,	NULL,	NULL,	NULL,	NULL,	NULL,	NULL,	NULL,	NULL,	NULL,	NULL,	NULL,	0,	NULL,	NULL,	0.0000,	'percentage',	0,	0.00,	NULL,	0.0000,	NULL,	NULL,	NULL,	NULL,	NULL,	NULL,	NULL,	NULL,	NULL,	NULL,	NULL,	NULL,	NULL,	0.0000,	NULL,	NULL,	NULL,	NULL,	NULL,	NULL,	NULL,	0,	0,	NULL,	0,	1.0000,	'days',	0,	NULL,	NULL,	NULL,	NULL,	NULL,	NULL,	NULL,	0,	'2022-11-06 05:40:28',	'2022-11-06 05:40:28'),
(101,	1,	1,	NULL,	NULL,	NULL,	'sell',	NULL,	'final',	NULL,	0,	'paid',	NULL,	1,	NULL,	'0093',	'',	NULL,	NULL,	NULL,	'2022-11-06 05:44:20',	9.0000,	NULL,	0.0000,	'percentage',	0.0000,	0,	0.0000,	NULL,	NULL,	NULL,	NULL,	NULL,	0.0000,	NULL,	NULL,	NULL,	NULL,	NULL,	NULL,	NULL,	0,	NULL,	0.0000,	NULL,	0.0000,	NULL,	0.0000,	NULL,	0.0000,	NULL,	0.0000,	9.0000,	NULL,	NULL,	NULL,	NULL,	0,	0,	1.000,	NULL,	NULL,	NULL,	NULL,	1,	NULL,	NULL,	NULL,	NULL,	NULL,	NULL,	NULL,	NULL,	NULL,	NULL,	NULL,	NULL,	NULL,	NULL,	0,	NULL,	NULL,	0.0000,	'percentage',	0,	0.00,	NULL,	0.0000,	NULL,	NULL,	NULL,	NULL,	NULL,	NULL,	NULL,	NULL,	NULL,	NULL,	NULL,	NULL,	NULL,	0.0000,	NULL,	NULL,	NULL,	NULL,	NULL,	NULL,	NULL,	0,	0,	NULL,	0,	1.0000,	'days',	0,	NULL,	NULL,	NULL,	NULL,	NULL,	NULL,	NULL,	0,	'2022-11-06 05:44:20',	'2022-11-06 05:44:20'),
(102,	1,	1,	NULL,	NULL,	NULL,	'sell',	NULL,	'final',	NULL,	0,	'paid',	NULL,	1,	NULL,	'0094',	'',	NULL,	NULL,	NULL,	'2022-11-06 05:45:57',	7.0000,	NULL,	0.0000,	'percentage',	0.0000,	0,	0.0000,	NULL,	NULL,	NULL,	NULL,	NULL,	0.0000,	NULL,	NULL,	NULL,	NULL,	NULL,	NULL,	NULL,	0,	NULL,	0.0000,	NULL,	0.0000,	NULL,	0.0000,	NULL,	0.0000,	NULL,	0.0000,	7.0000,	NULL,	NULL,	NULL,	NULL,	0,	0,	1.000,	NULL,	NULL,	NULL,	NULL,	1,	NULL,	NULL,	NULL,	NULL,	NULL,	NULL,	NULL,	NULL,	NULL,	NULL,	NULL,	NULL,	NULL,	NULL,	0,	NULL,	NULL,	0.0000,	'percentage',	0,	0.00,	NULL,	0.0000,	NULL,	NULL,	NULL,	NULL,	NULL,	NULL,	NULL,	NULL,	NULL,	NULL,	NULL,	NULL,	NULL,	0.0000,	NULL,	NULL,	NULL,	NULL,	NULL,	NULL,	NULL,	0,	0,	NULL,	0,	1.0000,	'days',	0,	NULL,	NULL,	NULL,	NULL,	NULL,	NULL,	NULL,	0,	'2022-11-06 05:45:57',	'2022-11-06 05:45:57'),
(103,	1,	1,	NULL,	NULL,	NULL,	'sell',	NULL,	'final',	NULL,	0,	'paid',	NULL,	1,	NULL,	'0095',	'',	NULL,	NULL,	NULL,	'2022-11-06 05:46:08',	6.0000,	NULL,	0.0000,	'percentage',	0.0000,	0,	0.0000,	NULL,	NULL,	NULL,	NULL,	NULL,	0.0000,	NULL,	NULL,	NULL,	NULL,	NULL,	NULL,	NULL,	0,	NULL,	0.0000,	NULL,	0.0000,	NULL,	0.0000,	NULL,	0.0000,	NULL,	0.0000,	6.0000,	NULL,	NULL,	NULL,	NULL,	0,	0,	1.000,	NULL,	NULL,	NULL,	NULL,	1,	NULL,	NULL,	NULL,	NULL,	NULL,	NULL,	NULL,	NULL,	NULL,	NULL,	NULL,	NULL,	NULL,	NULL,	0,	NULL,	NULL,	0.0000,	'percentage',	0,	0.00,	NULL,	0.0000,	NULL,	NULL,	NULL,	NULL,	NULL,	NULL,	NULL,	NULL,	NULL,	NULL,	NULL,	NULL,	NULL,	0.0000,	NULL,	NULL,	NULL,	NULL,	NULL,	NULL,	NULL,	0,	0,	NULL,	0,	1.0000,	'days',	0,	NULL,	NULL,	NULL,	NULL,	NULL,	NULL,	NULL,	0,	'2022-11-06 05:46:08',	'2022-11-06 05:46:08'),
(104,	1,	1,	NULL,	NULL,	NULL,	'sell',	NULL,	'final',	NULL,	0,	'paid',	NULL,	1,	NULL,	'0096',	'',	NULL,	NULL,	NULL,	'2022-11-06 06:15:03',	9.0000,	NULL,	0.0000,	'percentage',	0.0000,	0,	0.0000,	NULL,	NULL,	NULL,	NULL,	NULL,	0.0000,	NULL,	NULL,	NULL,	NULL,	NULL,	NULL,	NULL,	0,	NULL,	0.0000,	NULL,	0.0000,	NULL,	0.0000,	NULL,	0.0000,	NULL,	0.0000,	9.0000,	NULL,	NULL,	NULL,	NULL,	0,	0,	1.000,	NULL,	NULL,	NULL,	NULL,	1,	NULL,	NULL,	NULL,	NULL,	NULL,	NULL,	NULL,	NULL,	NULL,	NULL,	NULL,	NULL,	NULL,	NULL,	0,	NULL,	NULL,	0.0000,	'percentage',	0,	0.00,	NULL,	0.0000,	NULL,	NULL,	NULL,	NULL,	NULL,	NULL,	NULL,	NULL,	NULL,	NULL,	NULL,	NULL,	NULL,	0.0000,	NULL,	NULL,	NULL,	NULL,	NULL,	NULL,	NULL,	0,	0,	NULL,	0,	1.0000,	'days',	0,	NULL,	NULL,	NULL,	NULL,	NULL,	NULL,	NULL,	0,	'2022-11-06 06:15:03',	'2022-11-06 06:15:03'),
(105,	1,	1,	NULL,	NULL,	NULL,	'sell',	NULL,	'final',	NULL,	0,	'paid',	NULL,	1,	NULL,	'0097',	'',	NULL,	NULL,	NULL,	'2022-11-06 06:25:58',	11.0000,	NULL,	0.0000,	'percentage',	0.0000,	0,	0.0000,	NULL,	NULL,	NULL,	NULL,	NULL,	0.0000,	NULL,	NULL,	NULL,	NULL,	NULL,	NULL,	NULL,	0,	NULL,	0.0000,	NULL,	0.0000,	NULL,	0.0000,	NULL,	0.0000,	NULL,	0.0000,	11.0000,	NULL,	NULL,	NULL,	NULL,	0,	0,	1.000,	NULL,	NULL,	NULL,	NULL,	1,	NULL,	NULL,	NULL,	NULL,	NULL,	NULL,	NULL,	NULL,	NULL,	NULL,	NULL,	NULL,	NULL,	NULL,	0,	NULL,	NULL,	0.0000,	'percentage',	0,	0.00,	NULL,	0.0000,	NULL,	NULL,	NULL,	NULL,	NULL,	NULL,	NULL,	NULL,	NULL,	NULL,	NULL,	NULL,	NULL,	0.0000,	NULL,	NULL,	NULL,	NULL,	NULL,	NULL,	NULL,	0,	0,	NULL,	0,	1.0000,	'days',	0,	NULL,	NULL,	NULL,	NULL,	NULL,	NULL,	NULL,	0,	'2022-11-06 06:25:58',	'2022-11-06 06:25:58'),
(106,	1,	1,	NULL,	NULL,	NULL,	'opening_stock',	NULL,	'received',	NULL,	0,	'paid',	NULL,	NULL,	NULL,	NULL,	NULL,	NULL,	NULL,	NULL,	'2022-01-01 15:59:03',	299.5000,	NULL,	0.0000,	NULL,	0.0000,	0,	0.0000,	NULL,	NULL,	NULL,	NULL,	NULL,	0.0000,	NULL,	NULL,	NULL,	NULL,	NULL,	NULL,	NULL,	0,	NULL,	0.0000,	NULL,	0.0000,	NULL,	0.0000,	NULL,	0.0000,	NULL,	0.0000,	299.5000,	NULL,	NULL,	NULL,	NULL,	0,	0,	1.000,	NULL,	NULL,	NULL,	6,	1,	NULL,	NULL,	NULL,	NULL,	NULL,	NULL,	NULL,	NULL,	NULL,	NULL,	NULL,	NULL,	NULL,	NULL,	0,	NULL,	NULL,	0.0000,	'percentage',	0,	0.00,	NULL,	0.0000,	NULL,	NULL,	NULL,	NULL,	NULL,	NULL,	NULL,	NULL,	NULL,	NULL,	NULL,	NULL,	NULL,	NULL,	NULL,	NULL,	NULL,	NULL,	NULL,	NULL,	NULL,	0,	0,	NULL,	0,	NULL,	NULL,	NULL,	NULL,	NULL,	NULL,	NULL,	NULL,	NULL,	NULL,	NULL,	'2022-11-06 15:59:03',	'2022-11-06 15:59:03'),
(107,	1,	1,	NULL,	NULL,	NULL,	'sell',	NULL,	'final',	NULL,	0,	'paid',	NULL,	1,	NULL,	'0098',	'',	NULL,	NULL,	NULL,	'2022-11-06 16:07:21',	3.8100,	NULL,	0.0000,	'percentage',	0.0000,	0,	0.0000,	NULL,	NULL,	NULL,	NULL,	NULL,	0.0000,	NULL,	NULL,	NULL,	NULL,	NULL,	NULL,	NULL,	0,	NULL,	0.0000,	NULL,	0.0000,	NULL,	0.0000,	NULL,	0.0000,	NULL,	0.0000,	3.8100,	NULL,	NULL,	NULL,	NULL,	0,	0,	1.000,	NULL,	NULL,	NULL,	NULL,	1,	NULL,	NULL,	NULL,	NULL,	NULL,	NULL,	NULL,	NULL,	NULL,	NULL,	NULL,	NULL,	NULL,	NULL,	0,	NULL,	NULL,	0.0000,	'percentage',	0,	0.00,	NULL,	0.0000,	NULL,	NULL,	NULL,	NULL,	NULL,	NULL,	NULL,	NULL,	NULL,	NULL,	NULL,	NULL,	NULL,	0.0000,	NULL,	NULL,	NULL,	NULL,	NULL,	NULL,	NULL,	0,	0,	NULL,	0,	1.0000,	'days',	0,	NULL,	NULL,	NULL,	NULL,	NULL,	NULL,	NULL,	0,	'2022-11-06 16:07:21',	'2022-11-06 16:07:21'),
(108,	1,	1,	NULL,	NULL,	NULL,	'opening_stock',	NULL,	'received',	NULL,	0,	'paid',	NULL,	NULL,	NULL,	NULL,	NULL,	NULL,	NULL,	NULL,	'2022-01-01 16:27:28',	510.0000,	NULL,	0.0000,	NULL,	0.0000,	0,	0.0000,	NULL,	NULL,	NULL,	NULL,	NULL,	0.0000,	NULL,	NULL,	NULL,	NULL,	NULL,	NULL,	NULL,	0,	NULL,	0.0000,	NULL,	0.0000,	NULL,	0.0000,	NULL,	0.0000,	NULL,	0.0000,	510.0000,	NULL,	NULL,	NULL,	NULL,	0,	0,	1.000,	NULL,	NULL,	NULL,	7,	1,	NULL,	NULL,	NULL,	NULL,	NULL,	NULL,	NULL,	NULL,	NULL,	NULL,	NULL,	NULL,	NULL,	NULL,	0,	NULL,	NULL,	0.0000,	'percentage',	0,	0.00,	NULL,	0.0000,	NULL,	NULL,	NULL,	NULL,	NULL,	NULL,	NULL,	NULL,	NULL,	NULL,	NULL,	NULL,	NULL,	NULL,	NULL,	NULL,	NULL,	NULL,	NULL,	NULL,	NULL,	0,	0,	NULL,	0,	NULL,	NULL,	NULL,	NULL,	NULL,	NULL,	NULL,	NULL,	NULL,	NULL,	NULL,	'2022-11-06 16:27:28',	'2022-11-06 18:14:02'),
(109,	1,	1,	NULL,	NULL,	NULL,	'opening_stock',	NULL,	'received',	NULL,	0,	'paid',	NULL,	NULL,	NULL,	NULL,	NULL,	NULL,	NULL,	NULL,	'2022-01-01 16:28:40',	510.0000,	NULL,	0.0000,	NULL,	0.0000,	0,	0.0000,	NULL,	NULL,	NULL,	NULL,	NULL,	0.0000,	NULL,	NULL,	NULL,	NULL,	NULL,	NULL,	NULL,	0,	NULL,	0.0000,	NULL,	0.0000,	NULL,	0.0000,	NULL,	0.0000,	NULL,	0.0000,	510.0000,	NULL,	NULL,	NULL,	NULL,	0,	0,	1.000,	NULL,	NULL,	NULL,	8,	1,	NULL,	NULL,	NULL,	NULL,	NULL,	NULL,	NULL,	NULL,	NULL,	NULL,	NULL,	NULL,	NULL,	NULL,	0,	NULL,	NULL,	0.0000,	'percentage',	0,	0.00,	NULL,	0.0000,	NULL,	NULL,	NULL,	NULL,	NULL,	NULL,	NULL,	NULL,	NULL,	NULL,	NULL,	NULL,	NULL,	NULL,	NULL,	NULL,	NULL,	NULL,	NULL,	NULL,	NULL,	0,	0,	NULL,	0,	NULL,	NULL,	NULL,	NULL,	NULL,	NULL,	NULL,	NULL,	NULL,	NULL,	NULL,	'2022-11-06 16:28:40',	'2022-11-06 18:14:58'),
(110,	1,	1,	NULL,	NULL,	NULL,	'sell',	NULL,	'final',	NULL,	0,	'paid',	NULL,	1,	NULL,	'0099',	'',	NULL,	NULL,	NULL,	'2022-11-06 16:28:53',	25.0000,	NULL,	0.0000,	'percentage',	0.0000,	0,	0.0000,	NULL,	NULL,	NULL,	NULL,	NULL,	0.0000,	NULL,	NULL,	NULL,	NULL,	NULL,	NULL,	NULL,	0,	NULL,	0.0000,	NULL,	0.0000,	NULL,	0.0000,	NULL,	0.0000,	NULL,	0.0000,	25.0000,	NULL,	NULL,	NULL,	NULL,	0,	0,	1.000,	NULL,	NULL,	NULL,	NULL,	1,	NULL,	NULL,	NULL,	NULL,	NULL,	NULL,	NULL,	NULL,	NULL,	NULL,	NULL,	NULL,	NULL,	NULL,	0,	NULL,	NULL,	0.0000,	'percentage',	0,	0.00,	NULL,	0.0000,	NULL,	NULL,	NULL,	NULL,	NULL,	NULL,	NULL,	NULL,	NULL,	NULL,	NULL,	NULL,	NULL,	0.0000,	NULL,	NULL,	NULL,	NULL,	NULL,	NULL,	NULL,	0,	0,	NULL,	0,	1.0000,	'days',	0,	NULL,	NULL,	NULL,	NULL,	NULL,	NULL,	NULL,	0,	'2022-11-06 16:28:53',	'2022-11-06 16:28:53'),
(111,	1,	1,	NULL,	NULL,	NULL,	'sell',	NULL,	'final',	NULL,	0,	'paid',	NULL,	1,	NULL,	'0100',	'',	NULL,	NULL,	NULL,	'2022-11-06 16:42:51',	2.5400,	NULL,	0.0000,	'percentage',	0.0000,	0,	0.0000,	NULL,	NULL,	NULL,	NULL,	NULL,	0.0000,	NULL,	NULL,	NULL,	NULL,	NULL,	NULL,	NULL,	0,	NULL,	0.0000,	NULL,	0.0000,	NULL,	0.0000,	NULL,	0.0000,	NULL,	0.0000,	2.5400,	NULL,	NULL,	NULL,	NULL,	0,	0,	1.000,	NULL,	NULL,	NULL,	NULL,	1,	NULL,	NULL,	NULL,	NULL,	NULL,	NULL,	NULL,	NULL,	NULL,	NULL,	NULL,	NULL,	NULL,	NULL,	0,	NULL,	NULL,	0.0000,	'percentage',	0,	0.00,	NULL,	0.0000,	NULL,	NULL,	NULL,	NULL,	NULL,	NULL,	NULL,	NULL,	NULL,	NULL,	NULL,	NULL,	NULL,	0.0000,	NULL,	NULL,	NULL,	NULL,	NULL,	NULL,	NULL,	0,	0,	NULL,	0,	1.0000,	'days',	0,	NULL,	NULL,	NULL,	NULL,	NULL,	NULL,	NULL,	0,	'2022-11-06 16:42:51',	'2022-11-06 16:42:51'),
(112,	1,	1,	NULL,	NULL,	NULL,	'opening_stock',	NULL,	'received',	NULL,	0,	'paid',	NULL,	NULL,	NULL,	NULL,	NULL,	NULL,	NULL,	NULL,	'2022-01-01 18:11:34',	214.5000,	NULL,	0.0000,	NULL,	0.0000,	0,	0.0000,	NULL,	NULL,	NULL,	NULL,	NULL,	0.0000,	NULL,	NULL,	NULL,	NULL,	NULL,	NULL,	NULL,	0,	NULL,	0.0000,	NULL,	0.0000,	NULL,	0.0000,	NULL,	0.0000,	NULL,	0.0000,	214.5000,	NULL,	NULL,	NULL,	NULL,	0,	0,	1.000,	NULL,	NULL,	NULL,	14,	1,	NULL,	NULL,	NULL,	NULL,	NULL,	NULL,	NULL,	NULL,	NULL,	NULL,	NULL,	NULL,	NULL,	NULL,	0,	NULL,	NULL,	0.0000,	'percentage',	0,	0.00,	NULL,	0.0000,	NULL,	NULL,	NULL,	NULL,	NULL,	NULL,	NULL,	NULL,	NULL,	NULL,	NULL,	NULL,	NULL,	NULL,	NULL,	NULL,	NULL,	NULL,	NULL,	NULL,	NULL,	0,	0,	NULL,	0,	NULL,	NULL,	NULL,	NULL,	NULL,	NULL,	NULL,	NULL,	NULL,	NULL,	NULL,	'2022-11-06 18:11:34',	'2022-11-06 18:11:34'),
(113,	1,	1,	NULL,	NULL,	NULL,	'opening_stock',	NULL,	'received',	NULL,	0,	'paid',	NULL,	NULL,	NULL,	NULL,	NULL,	NULL,	NULL,	NULL,	'2022-01-01 18:11:47',	99.5000,	NULL,	0.0000,	NULL,	0.0000,	0,	0.0000,	NULL,	NULL,	NULL,	NULL,	NULL,	0.0000,	NULL,	NULL,	NULL,	NULL,	NULL,	NULL,	NULL,	0,	NULL,	0.0000,	NULL,	0.0000,	NULL,	0.0000,	NULL,	0.0000,	NULL,	0.0000,	99.5000,	NULL,	NULL,	NULL,	NULL,	0,	0,	1.000,	NULL,	NULL,	NULL,	10,	1,	NULL,	NULL,	NULL,	NULL,	NULL,	NULL,	NULL,	NULL,	NULL,	NULL,	NULL,	NULL,	NULL,	NULL,	0,	NULL,	NULL,	0.0000,	'percentage',	0,	0.00,	NULL,	0.0000,	NULL,	NULL,	NULL,	NULL,	NULL,	NULL,	NULL,	NULL,	NULL,	NULL,	NULL,	NULL,	NULL,	NULL,	NULL,	NULL,	NULL,	NULL,	NULL,	NULL,	NULL,	0,	0,	NULL,	0,	NULL,	NULL,	NULL,	NULL,	NULL,	NULL,	NULL,	NULL,	NULL,	NULL,	NULL,	'2022-11-06 18:11:47',	'2022-11-06 18:11:47'),
(114,	1,	1,	NULL,	NULL,	NULL,	'opening_stock',	NULL,	'received',	NULL,	0,	'paid',	NULL,	NULL,	NULL,	NULL,	NULL,	NULL,	NULL,	NULL,	'2022-01-01 18:12:20',	117.5000,	NULL,	0.0000,	NULL,	0.0000,	0,	0.0000,	NULL,	NULL,	NULL,	NULL,	NULL,	0.0000,	NULL,	NULL,	NULL,	NULL,	NULL,	NULL,	NULL,	0,	NULL,	0.0000,	NULL,	0.0000,	NULL,	0.0000,	NULL,	0.0000,	NULL,	0.0000,	117.5000,	NULL,	NULL,	NULL,	NULL,	0,	0,	1.000,	NULL,	NULL,	NULL,	12,	1,	NULL,	NULL,	NULL,	NULL,	NULL,	NULL,	NULL,	NULL,	NULL,	NULL,	NULL,	NULL,	NULL,	NULL,	0,	NULL,	NULL,	0.0000,	'percentage',	0,	0.00,	NULL,	0.0000,	NULL,	NULL,	NULL,	NULL,	NULL,	NULL,	NULL,	NULL,	NULL,	NULL,	NULL,	NULL,	NULL,	NULL,	NULL,	NULL,	NULL,	NULL,	NULL,	NULL,	NULL,	0,	0,	NULL,	0,	NULL,	NULL,	NULL,	NULL,	NULL,	NULL,	NULL,	NULL,	NULL,	NULL,	NULL,	'2022-11-06 18:12:20',	'2022-11-06 18:12:20'),
(115,	1,	1,	NULL,	NULL,	NULL,	'opening_stock',	NULL,	'received',	NULL,	0,	'paid',	NULL,	NULL,	NULL,	NULL,	NULL,	NULL,	NULL,	NULL,	'2022-01-01 18:13:06',	259.5000,	NULL,	0.0000,	NULL,	0.0000,	0,	0.0000,	NULL,	NULL,	NULL,	NULL,	NULL,	0.0000,	NULL,	NULL,	NULL,	NULL,	NULL,	NULL,	NULL,	0,	NULL,	0.0000,	NULL,	0.0000,	NULL,	0.0000,	NULL,	0.0000,	NULL,	0.0000,	259.5000,	NULL,	NULL,	NULL,	NULL,	0,	0,	1.000,	NULL,	NULL,	NULL,	11,	1,	NULL,	NULL,	NULL,	NULL,	NULL,	NULL,	NULL,	NULL,	NULL,	NULL,	NULL,	NULL,	NULL,	NULL,	0,	NULL,	NULL,	0.0000,	'percentage',	0,	0.00,	NULL,	0.0000,	NULL,	NULL,	NULL,	NULL,	NULL,	NULL,	NULL,	NULL,	NULL,	NULL,	NULL,	NULL,	NULL,	NULL,	NULL,	NULL,	NULL,	NULL,	NULL,	NULL,	NULL,	0,	0,	NULL,	0,	NULL,	NULL,	NULL,	NULL,	NULL,	NULL,	NULL,	NULL,	NULL,	NULL,	NULL,	'2022-11-06 18:13:06',	'2022-11-06 18:13:06'),
(116,	1,	1,	NULL,	NULL,	NULL,	'opening_stock',	NULL,	'received',	NULL,	0,	'paid',	NULL,	NULL,	NULL,	NULL,	NULL,	NULL,	NULL,	NULL,	'2022-01-01 18:13:18',	49.5000,	NULL,	0.0000,	NULL,	0.0000,	0,	0.0000,	NULL,	NULL,	NULL,	NULL,	NULL,	0.0000,	NULL,	NULL,	NULL,	NULL,	NULL,	NULL,	NULL,	0,	NULL,	0.0000,	NULL,	0.0000,	NULL,	0.0000,	NULL,	0.0000,	NULL,	0.0000,	49.5000,	NULL,	NULL,	NULL,	NULL,	0,	0,	1.000,	NULL,	NULL,	NULL,	16,	1,	NULL,	NULL,	NULL,	NULL,	NULL,	NULL,	NULL,	NULL,	NULL,	NULL,	NULL,	NULL,	NULL,	NULL,	0,	NULL,	NULL,	0.0000,	'percentage',	0,	0.00,	NULL,	0.0000,	NULL,	NULL,	NULL,	NULL,	NULL,	NULL,	NULL,	NULL,	NULL,	NULL,	NULL,	NULL,	NULL,	NULL,	NULL,	NULL,	NULL,	NULL,	NULL,	NULL,	NULL,	0,	0,	NULL,	0,	NULL,	NULL,	NULL,	NULL,	NULL,	NULL,	NULL,	NULL,	NULL,	NULL,	NULL,	'2022-11-06 18:13:18',	'2022-11-06 18:13:18'),
(117,	1,	1,	NULL,	NULL,	NULL,	'opening_stock',	NULL,	'received',	NULL,	0,	'paid',	NULL,	NULL,	NULL,	NULL,	NULL,	NULL,	NULL,	NULL,	'2022-01-01 18:13:33',	114.0000,	NULL,	0.0000,	NULL,	0.0000,	0,	0.0000,	NULL,	NULL,	NULL,	NULL,	NULL,	0.0000,	NULL,	NULL,	NULL,	NULL,	NULL,	NULL,	NULL,	0,	NULL,	0.0000,	NULL,	0.0000,	NULL,	0.0000,	NULL,	0.0000,	NULL,	0.0000,	114.0000,	NULL,	NULL,	NULL,	NULL,	0,	0,	1.000,	NULL,	NULL,	NULL,	9,	1,	NULL,	NULL,	NULL,	NULL,	NULL,	NULL,	NULL,	NULL,	NULL,	NULL,	NULL,	NULL,	NULL,	NULL,	0,	NULL,	NULL,	0.0000,	'percentage',	0,	0.00,	NULL,	0.0000,	NULL,	NULL,	NULL,	NULL,	NULL,	NULL,	NULL,	NULL,	NULL,	NULL,	NULL,	NULL,	NULL,	NULL,	NULL,	NULL,	NULL,	NULL,	NULL,	NULL,	NULL,	0,	0,	NULL,	0,	NULL,	NULL,	NULL,	NULL,	NULL,	NULL,	NULL,	NULL,	NULL,	NULL,	NULL,	'2022-11-06 18:13:33',	'2022-11-06 18:13:33'),
(118,	1,	1,	NULL,	NULL,	NULL,	'opening_stock',	NULL,	'received',	NULL,	0,	'paid',	NULL,	NULL,	NULL,	NULL,	NULL,	NULL,	NULL,	NULL,	'2022-01-01 18:13:53',	43900.0000,	NULL,	0.0000,	NULL,	0.0000,	0,	0.0000,	NULL,	NULL,	NULL,	NULL,	NULL,	0.0000,	NULL,	NULL,	NULL,	NULL,	NULL,	NULL,	NULL,	0,	NULL,	0.0000,	NULL,	0.0000,	NULL,	0.0000,	NULL,	0.0000,	NULL,	0.0000,	43900.0000,	NULL,	NULL,	NULL,	NULL,	0,	0,	1.000,	NULL,	NULL,	NULL,	2,	1,	NULL,	NULL,	NULL,	NULL,	NULL,	NULL,	NULL,	NULL,	NULL,	NULL,	NULL,	NULL,	NULL,	NULL,	0,	NULL,	NULL,	0.0000,	'percentage',	0,	0.00,	NULL,	0.0000,	NULL,	NULL,	NULL,	NULL,	NULL,	NULL,	NULL,	NULL,	NULL,	NULL,	NULL,	NULL,	NULL,	NULL,	NULL,	NULL,	NULL,	NULL,	NULL,	NULL,	NULL,	0,	0,	NULL,	0,	NULL,	NULL,	NULL,	NULL,	NULL,	NULL,	NULL,	NULL,	NULL,	NULL,	NULL,	'2022-11-06 18:13:53',	'2022-11-06 18:13:53'),
(119,	1,	1,	NULL,	NULL,	NULL,	'opening_stock',	NULL,	'received',	NULL,	0,	'paid',	NULL,	NULL,	NULL,	NULL,	NULL,	NULL,	NULL,	NULL,	'2022-01-01 18:15:10',	54.5000,	NULL,	0.0000,	NULL,	0.0000,	0,	0.0000,	NULL,	NULL,	NULL,	NULL,	NULL,	0.0000,	NULL,	NULL,	NULL,	NULL,	NULL,	NULL,	NULL,	0,	NULL,	0.0000,	NULL,	0.0000,	NULL,	0.0000,	NULL,	0.0000,	NULL,	0.0000,	54.5000,	NULL,	NULL,	NULL,	NULL,	0,	0,	1.000,	NULL,	NULL,	NULL,	15,	1,	NULL,	NULL,	NULL,	NULL,	NULL,	NULL,	NULL,	NULL,	NULL,	NULL,	NULL,	NULL,	NULL,	NULL,	0,	NULL,	NULL,	0.0000,	'percentage',	0,	0.00,	NULL,	0.0000,	NULL,	NULL,	NULL,	NULL,	NULL,	NULL,	NULL,	NULL,	NULL,	NULL,	NULL,	NULL,	NULL,	NULL,	NULL,	NULL,	NULL,	NULL,	NULL,	NULL,	NULL,	0,	0,	NULL,	0,	NULL,	NULL,	NULL,	NULL,	NULL,	NULL,	NULL,	NULL,	NULL,	NULL,	NULL,	'2022-11-06 18:15:10',	'2022-11-06 18:15:10'),
(120,	1,	1,	NULL,	NULL,	NULL,	'opening_stock',	NULL,	'received',	NULL,	0,	'paid',	NULL,	NULL,	NULL,	NULL,	NULL,	NULL,	NULL,	NULL,	'2022-01-01 18:15:33',	92.5000,	NULL,	0.0000,	NULL,	0.0000,	0,	0.0000,	NULL,	NULL,	NULL,	NULL,	NULL,	0.0000,	NULL,	NULL,	NULL,	NULL,	NULL,	NULL,	NULL,	0,	NULL,	0.0000,	NULL,	0.0000,	NULL,	0.0000,	NULL,	0.0000,	NULL,	0.0000,	92.5000,	NULL,	NULL,	NULL,	NULL,	0,	0,	1.000,	NULL,	NULL,	NULL,	17,	1,	NULL,	NULL,	NULL,	NULL,	NULL,	NULL,	NULL,	NULL,	NULL,	NULL,	NULL,	NULL,	NULL,	NULL,	0,	NULL,	NULL,	0.0000,	'percentage',	0,	0.00,	NULL,	0.0000,	NULL,	NULL,	NULL,	NULL,	NULL,	NULL,	NULL,	NULL,	NULL,	NULL,	NULL,	NULL,	NULL,	NULL,	NULL,	NULL,	NULL,	NULL,	NULL,	NULL,	NULL,	0,	0,	NULL,	0,	NULL,	NULL,	NULL,	NULL,	NULL,	NULL,	NULL,	NULL,	NULL,	NULL,	NULL,	'2022-11-06 18:15:33',	'2022-11-06 18:15:33'),
(121,	1,	1,	NULL,	NULL,	NULL,	'opening_stock',	NULL,	'received',	NULL,	0,	'paid',	NULL,	NULL,	NULL,	NULL,	NULL,	NULL,	NULL,	NULL,	'2022-01-01 18:15:43',	99.0000,	NULL,	0.0000,	NULL,	0.0000,	0,	0.0000,	NULL,	NULL,	NULL,	NULL,	NULL,	0.0000,	NULL,	NULL,	NULL,	NULL,	NULL,	NULL,	NULL,	0,	NULL,	0.0000,	NULL,	0.0000,	NULL,	0.0000,	NULL,	0.0000,	NULL,	0.0000,	99.0000,	NULL,	NULL,	NULL,	NULL,	0,	0,	1.000,	NULL,	NULL,	NULL,	13,	1,	NULL,	NULL,	NULL,	NULL,	NULL,	NULL,	NULL,	NULL,	NULL,	NULL,	NULL,	NULL,	NULL,	NULL,	0,	NULL,	NULL,	0.0000,	'percentage',	0,	0.00,	NULL,	0.0000,	NULL,	NULL,	NULL,	NULL,	NULL,	NULL,	NULL,	NULL,	NULL,	NULL,	NULL,	NULL,	NULL,	NULL,	NULL,	NULL,	NULL,	NULL,	NULL,	NULL,	NULL,	0,	0,	NULL,	0,	NULL,	NULL,	NULL,	NULL,	NULL,	NULL,	NULL,	NULL,	NULL,	NULL,	NULL,	'2022-11-06 18:15:43',	'2022-11-06 18:15:43'),
(122,	1,	1,	NULL,	NULL,	NULL,	'opening_stock',	NULL,	'received',	NULL,	0,	'paid',	NULL,	NULL,	NULL,	NULL,	NULL,	NULL,	NULL,	NULL,	'2022-01-01 18:17:32',	250.0000,	NULL,	0.0000,	NULL,	0.0000,	0,	0.0000,	NULL,	NULL,	NULL,	NULL,	NULL,	0.0000,	NULL,	NULL,	NULL,	NULL,	NULL,	NULL,	NULL,	0,	NULL,	0.0000,	NULL,	0.0000,	NULL,	0.0000,	NULL,	0.0000,	NULL,	0.0000,	250.0000,	NULL,	NULL,	NULL,	NULL,	0,	0,	1.000,	NULL,	NULL,	NULL,	3,	1,	NULL,	NULL,	NULL,	NULL,	NULL,	NULL,	NULL,	NULL,	NULL,	NULL,	NULL,	NULL,	NULL,	NULL,	0,	NULL,	NULL,	0.0000,	'percentage',	0,	0.00,	NULL,	0.0000,	NULL,	NULL,	NULL,	NULL,	NULL,	NULL,	NULL,	NULL,	NULL,	NULL,	NULL,	NULL,	NULL,	NULL,	NULL,	NULL,	NULL,	NULL,	NULL,	NULL,	NULL,	0,	0,	NULL,	0,	NULL,	NULL,	NULL,	NULL,	NULL,	NULL,	NULL,	NULL,	NULL,	NULL,	NULL,	'2022-11-06 18:17:32',	'2022-11-06 18:17:32'),
(123,	1,	1,	NULL,	NULL,	NULL,	'sell',	NULL,	'final',	NULL,	0,	'paid',	NULL,	1,	NULL,	'0101',	'',	NULL,	NULL,	NULL,	'2022-11-06 18:29:25',	9.4500,	NULL,	0.0000,	'percentage',	0.0000,	0,	0.0000,	NULL,	NULL,	NULL,	NULL,	NULL,	0.0000,	NULL,	NULL,	NULL,	NULL,	NULL,	NULL,	NULL,	0,	NULL,	0.0000,	NULL,	0.0000,	NULL,	0.0000,	NULL,	0.0000,	NULL,	0.0000,	9.4500,	NULL,	NULL,	NULL,	NULL,	0,	0,	1.000,	NULL,	NULL,	NULL,	NULL,	1,	NULL,	NULL,	NULL,	NULL,	NULL,	NULL,	NULL,	NULL,	NULL,	NULL,	NULL,	NULL,	NULL,	NULL,	0,	NULL,	NULL,	0.0000,	'percentage',	0,	0.00,	NULL,	0.0000,	NULL,	NULL,	NULL,	NULL,	NULL,	NULL,	NULL,	NULL,	NULL,	NULL,	NULL,	NULL,	NULL,	0.0000,	NULL,	NULL,	NULL,	NULL,	NULL,	NULL,	NULL,	0,	0,	NULL,	0,	1.0000,	'days',	0,	NULL,	NULL,	NULL,	NULL,	NULL,	NULL,	NULL,	0,	'2022-11-06 18:29:25',	'2022-11-06 18:29:25'),
(124,	1,	1,	NULL,	NULL,	NULL,	'sell',	NULL,	'final',	NULL,	0,	'paid',	NULL,	1,	NULL,	'0102',	'',	NULL,	NULL,	NULL,	'2022-11-07 01:07:15',	5.3600,	NULL,	0.0000,	'percentage',	0.0000,	0,	0.0000,	NULL,	NULL,	NULL,	NULL,	NULL,	0.0000,	NULL,	NULL,	NULL,	NULL,	NULL,	NULL,	NULL,	0,	NULL,	0.0000,	NULL,	0.0000,	NULL,	0.0000,	NULL,	0.0000,	NULL,	0.0000,	5.3600,	NULL,	NULL,	NULL,	NULL,	0,	0,	1.000,	NULL,	NULL,	NULL,	NULL,	1,	NULL,	NULL,	NULL,	NULL,	NULL,	NULL,	NULL,	NULL,	NULL,	NULL,	NULL,	NULL,	NULL,	NULL,	0,	NULL,	NULL,	0.0000,	'percentage',	0,	0.00,	NULL,	0.0000,	NULL,	NULL,	NULL,	NULL,	NULL,	NULL,	NULL,	NULL,	NULL,	NULL,	NULL,	NULL,	NULL,	0.0000,	NULL,	NULL,	NULL,	NULL,	NULL,	NULL,	NULL,	0,	0,	NULL,	0,	1.0000,	'days',	0,	NULL,	NULL,	NULL,	NULL,	NULL,	NULL,	NULL,	0,	'2022-11-07 01:07:15',	'2022-11-07 01:07:15'),
(125,	1,	1,	NULL,	NULL,	NULL,	'sell',	NULL,	'final',	NULL,	0,	'paid',	NULL,	1,	NULL,	'0103',	'',	NULL,	NULL,	NULL,	'2022-11-07 13:08:02',	2.0000,	NULL,	0.0000,	'percentage',	0.0000,	0,	0.0000,	NULL,	NULL,	NULL,	NULL,	NULL,	0.0000,	NULL,	NULL,	NULL,	NULL,	NULL,	NULL,	NULL,	0,	NULL,	0.0000,	NULL,	0.0000,	NULL,	0.0000,	NULL,	0.0000,	NULL,	0.0000,	2.0000,	NULL,	NULL,	NULL,	NULL,	0,	0,	1.000,	NULL,	NULL,	NULL,	NULL,	1,	NULL,	NULL,	NULL,	NULL,	NULL,	NULL,	NULL,	NULL,	NULL,	NULL,	NULL,	NULL,	NULL,	NULL,	0,	NULL,	NULL,	0.0000,	'percentage',	0,	0.00,	NULL,	0.0000,	NULL,	NULL,	NULL,	NULL,	NULL,	NULL,	NULL,	NULL,	NULL,	NULL,	NULL,	NULL,	NULL,	0.0000,	NULL,	NULL,	NULL,	NULL,	NULL,	NULL,	NULL,	0,	0,	NULL,	0,	1.0000,	'days',	0,	NULL,	NULL,	NULL,	NULL,	NULL,	NULL,	NULL,	0,	'2022-11-07 13:08:02',	'2022-11-07 13:08:02'),
(126,	1,	1,	NULL,	NULL,	NULL,	'sell',	NULL,	'final',	NULL,	0,	'paid',	NULL,	1,	NULL,	'0104',	'',	NULL,	NULL,	NULL,	'2022-11-08 01:59:29',	10.2000,	NULL,	0.0000,	'percentage',	0.0000,	0,	0.0000,	NULL,	NULL,	NULL,	NULL,	NULL,	0.0000,	NULL,	NULL,	NULL,	NULL,	NULL,	NULL,	NULL,	0,	NULL,	0.0000,	NULL,	0.0000,	NULL,	0.0000,	NULL,	0.0000,	NULL,	0.0000,	10.2000,	NULL,	NULL,	NULL,	NULL,	0,	0,	1.000,	NULL,	NULL,	NULL,	NULL,	1,	NULL,	NULL,	NULL,	NULL,	NULL,	NULL,	NULL,	NULL,	NULL,	NULL,	NULL,	NULL,	NULL,	NULL,	0,	NULL,	NULL,	0.0000,	'percentage',	0,	0.00,	NULL,	0.0000,	NULL,	NULL,	NULL,	NULL,	NULL,	NULL,	NULL,	NULL,	NULL,	NULL,	NULL,	NULL,	NULL,	0.0000,	NULL,	NULL,	NULL,	NULL,	NULL,	NULL,	NULL,	0,	0,	NULL,	0,	1.0000,	'days',	0,	NULL,	NULL,	NULL,	NULL,	NULL,	NULL,	NULL,	0,	'2022-11-08 01:59:29',	'2022-11-08 01:59:29'),
(127,	1,	1,	NULL,	NULL,	NULL,	'sell',	NULL,	'final',	NULL,	0,	'paid',	NULL,	1,	NULL,	'0105',	'',	NULL,	NULL,	NULL,	'2022-11-08 11:38:53',	7.3500,	NULL,	0.0000,	'percentage',	0.0000,	0,	0.0000,	NULL,	NULL,	NULL,	NULL,	NULL,	0.0000,	NULL,	NULL,	NULL,	NULL,	NULL,	NULL,	NULL,	0,	NULL,	0.0000,	NULL,	0.0000,	NULL,	0.0000,	NULL,	0.0000,	NULL,	0.0000,	7.3500,	NULL,	NULL,	NULL,	NULL,	0,	0,	1.000,	NULL,	NULL,	NULL,	NULL,	1,	NULL,	NULL,	NULL,	NULL,	NULL,	NULL,	NULL,	NULL,	NULL,	NULL,	NULL,	NULL,	NULL,	NULL,	0,	NULL,	NULL,	0.0000,	'percentage',	0,	0.00,	NULL,	0.0000,	NULL,	NULL,	NULL,	NULL,	NULL,	NULL,	NULL,	NULL,	NULL,	NULL,	NULL,	NULL,	NULL,	0.0000,	NULL,	NULL,	NULL,	NULL,	NULL,	NULL,	NULL,	0,	0,	NULL,	0,	1.0000,	'days',	0,	NULL,	NULL,	'fb8eccedfe88f6236d7811bfba29e956',	NULL,	NULL,	NULL,	NULL,	0,	'2022-11-08 11:38:53',	'2022-11-10 15:34:14'),
(128,	1,	1,	NULL,	NULL,	NULL,	'sell',	NULL,	'final',	NULL,	0,	'paid',	NULL,	1,	NULL,	'0106',	'',	NULL,	NULL,	NULL,	'2022-11-11 00:41:04',	9.4500,	NULL,	0.0000,	'percentage',	0.0000,	0,	0.0000,	NULL,	NULL,	NULL,	NULL,	NULL,	0.0000,	NULL,	NULL,	NULL,	NULL,	NULL,	NULL,	NULL,	0,	NULL,	0.0000,	NULL,	0.0000,	NULL,	0.0000,	NULL,	0.0000,	NULL,	0.0000,	9.4500,	NULL,	NULL,	NULL,	NULL,	0,	0,	1.000,	NULL,	NULL,	NULL,	NULL,	1,	NULL,	NULL,	NULL,	NULL,	NULL,	NULL,	NULL,	NULL,	NULL,	NULL,	NULL,	NULL,	NULL,	NULL,	0,	NULL,	NULL,	0.0000,	'percentage',	0,	0.00,	NULL,	0.0000,	NULL,	NULL,	NULL,	NULL,	NULL,	NULL,	NULL,	NULL,	NULL,	NULL,	NULL,	NULL,	NULL,	0.0000,	NULL,	NULL,	NULL,	NULL,	NULL,	NULL,	NULL,	0,	0,	NULL,	0,	1.0000,	'days',	0,	NULL,	NULL,	NULL,	NULL,	NULL,	NULL,	NULL,	0,	'2022-11-11 00:41:04',	'2022-11-11 00:41:04'),
(129,	1,	1,	NULL,	NULL,	NULL,	'sell',	NULL,	'final',	NULL,	0,	'paid',	NULL,	1,	NULL,	'0107',	'',	NULL,	NULL,	NULL,	'2022-11-11 00:43:40',	11.3300,	NULL,	0.0000,	'percentage',	0.0000,	0,	0.0000,	NULL,	NULL,	NULL,	NULL,	NULL,	0.0000,	NULL,	NULL,	NULL,	NULL,	NULL,	NULL,	NULL,	0,	NULL,	0.0000,	NULL,	0.0000,	NULL,	0.0000,	NULL,	0.0000,	NULL,	0.0000,	11.3300,	NULL,	NULL,	NULL,	NULL,	0,	0,	1.000,	NULL,	NULL,	NULL,	NULL,	1,	NULL,	NULL,	NULL,	NULL,	NULL,	NULL,	NULL,	NULL,	NULL,	NULL,	NULL,	NULL,	NULL,	NULL,	0,	NULL,	NULL,	0.0000,	'percentage',	0,	0.00,	NULL,	0.0000,	NULL,	NULL,	NULL,	NULL,	NULL,	NULL,	NULL,	NULL,	NULL,	NULL,	NULL,	NULL,	NULL,	0.0000,	NULL,	NULL,	NULL,	NULL,	NULL,	NULL,	NULL,	0,	0,	NULL,	0,	1.0000,	'days',	0,	NULL,	NULL,	NULL,	NULL,	NULL,	NULL,	NULL,	0,	'2022-11-11 00:43:40',	'2022-11-11 00:43:40'),
(130,	1,	1,	NULL,	NULL,	NULL,	'sell',	NULL,	'final',	NULL,	0,	'paid',	NULL,	1,	NULL,	'0108',	'',	NULL,	NULL,	NULL,	'2022-11-21 15:43:51',	1.0000,	NULL,	0.0000,	'percentage',	0.0000,	0,	0.0000,	NULL,	NULL,	NULL,	NULL,	NULL,	0.0000,	NULL,	NULL,	NULL,	NULL,	NULL,	NULL,	NULL,	0,	NULL,	0.0000,	NULL,	0.0000,	NULL,	0.0000,	NULL,	0.0000,	NULL,	0.0000,	1.0000,	NULL,	NULL,	NULL,	NULL,	0,	0,	1.000,	NULL,	NULL,	NULL,	NULL,	1,	NULL,	NULL,	NULL,	NULL,	NULL,	NULL,	NULL,	NULL,	NULL,	NULL,	NULL,	NULL,	NULL,	NULL,	0,	NULL,	NULL,	0.0000,	'percentage',	0,	0.00,	NULL,	0.0000,	NULL,	NULL,	NULL,	NULL,	NULL,	NULL,	NULL,	NULL,	NULL,	NULL,	NULL,	NULL,	NULL,	0.0000,	NULL,	NULL,	NULL,	NULL,	NULL,	NULL,	NULL,	0,	0,	NULL,	0,	1.0000,	'days',	0,	NULL,	NULL,	NULL,	NULL,	NULL,	NULL,	NULL,	0,	'2022-11-21 15:43:51',	'2022-11-21 15:43:51'),
(131,	1,	1,	NULL,	NULL,	NULL,	'sell',	NULL,	'final',	NULL,	0,	'paid',	NULL,	1,	NULL,	'0109',	'',	NULL,	NULL,	NULL,	'2022-11-21 16:04:20',	10.2900,	NULL,	0.0000,	'percentage',	0.0000,	0,	0.0000,	NULL,	NULL,	NULL,	NULL,	NULL,	0.0000,	NULL,	NULL,	NULL,	NULL,	NULL,	NULL,	NULL,	0,	NULL,	0.0000,	NULL,	0.0000,	NULL,	0.0000,	NULL,	0.0000,	NULL,	0.0000,	10.2900,	NULL,	NULL,	NULL,	NULL,	0,	0,	1.000,	NULL,	NULL,	NULL,	NULL,	1,	NULL,	NULL,	NULL,	NULL,	NULL,	NULL,	NULL,	NULL,	NULL,	NULL,	NULL,	NULL,	NULL,	NULL,	0,	NULL,	NULL,	0.0000,	'percentage',	0,	0.00,	NULL,	0.0000,	NULL,	NULL,	NULL,	NULL,	NULL,	NULL,	NULL,	NULL,	NULL,	NULL,	NULL,	NULL,	NULL,	0.0000,	NULL,	NULL,	NULL,	NULL,	NULL,	NULL,	NULL,	0,	0,	NULL,	0,	1.0000,	'days',	0,	NULL,	NULL,	NULL,	NULL,	NULL,	NULL,	NULL,	0,	'2022-11-21 16:04:20',	'2022-11-21 16:04:20'),
(132,	1,	1,	NULL,	NULL,	NULL,	'sell',	NULL,	'final',	NULL,	0,	'paid',	NULL,	1,	NULL,	'0110',	'',	NULL,	NULL,	NULL,	'2022-11-21 16:08:14',	10.2900,	NULL,	0.0000,	'percentage',	0.0000,	0,	0.0000,	NULL,	NULL,	NULL,	NULL,	NULL,	0.0000,	NULL,	NULL,	NULL,	NULL,	NULL,	NULL,	NULL,	0,	NULL,	0.0000,	NULL,	0.0000,	NULL,	0.0000,	NULL,	0.0000,	NULL,	0.0000,	10.2900,	NULL,	NULL,	NULL,	NULL,	0,	0,	1.000,	NULL,	NULL,	NULL,	NULL,	1,	NULL,	NULL,	NULL,	NULL,	NULL,	NULL,	NULL,	NULL,	NULL,	NULL,	NULL,	NULL,	NULL,	NULL,	0,	NULL,	NULL,	0.0000,	'percentage',	0,	0.00,	NULL,	0.0000,	NULL,	NULL,	NULL,	NULL,	NULL,	NULL,	NULL,	NULL,	NULL,	NULL,	NULL,	NULL,	NULL,	0.0000,	NULL,	NULL,	NULL,	NULL,	NULL,	NULL,	NULL,	0,	0,	NULL,	0,	1.0000,	'days',	0,	NULL,	NULL,	NULL,	NULL,	NULL,	NULL,	NULL,	0,	'2022-11-21 16:08:14',	'2022-11-21 16:08:14'),
(133,	1,	1,	NULL,	NULL,	NULL,	'sell',	NULL,	'final',	NULL,	0,	'paid',	NULL,	1,	NULL,	'0111',	'',	NULL,	NULL,	NULL,	'2022-11-21 16:08:51',	10.2900,	NULL,	0.0000,	'percentage',	0.0000,	0,	0.0000,	NULL,	NULL,	NULL,	NULL,	NULL,	0.0000,	NULL,	NULL,	NULL,	NULL,	NULL,	NULL,	NULL,	0,	NULL,	0.0000,	NULL,	0.0000,	NULL,	0.0000,	NULL,	0.0000,	NULL,	0.0000,	10.2900,	NULL,	NULL,	NULL,	NULL,	0,	0,	1.000,	NULL,	NULL,	NULL,	NULL,	1,	NULL,	NULL,	NULL,	NULL,	NULL,	NULL,	NULL,	NULL,	NULL,	NULL,	NULL,	NULL,	NULL,	NULL,	0,	NULL,	NULL,	0.0000,	'percentage',	0,	0.00,	NULL,	0.0000,	NULL,	NULL,	NULL,	NULL,	NULL,	NULL,	NULL,	NULL,	NULL,	NULL,	NULL,	NULL,	NULL,	0.0000,	NULL,	NULL,	NULL,	NULL,	NULL,	NULL,	NULL,	0,	0,	NULL,	0,	1.0000,	'days',	0,	NULL,	NULL,	NULL,	NULL,	NULL,	NULL,	NULL,	0,	'2022-11-21 16:08:51',	'2022-11-21 16:08:51'),
(134,	1,	1,	NULL,	NULL,	NULL,	'sell',	NULL,	'final',	NULL,	0,	'paid',	NULL,	1,	NULL,	'0112',	'',	NULL,	NULL,	NULL,	'2022-11-21 16:13:12',	10.2900,	NULL,	0.0000,	'percentage',	0.0000,	0,	0.0000,	NULL,	NULL,	NULL,	NULL,	NULL,	0.0000,	NULL,	NULL,	NULL,	NULL,	NULL,	NULL,	NULL,	0,	NULL,	0.0000,	NULL,	0.0000,	NULL,	0.0000,	NULL,	0.0000,	NULL,	0.0000,	10.2900,	NULL,	NULL,	NULL,	NULL,	0,	0,	1.000,	NULL,	NULL,	NULL,	NULL,	1,	NULL,	NULL,	NULL,	NULL,	NULL,	NULL,	NULL,	NULL,	NULL,	NULL,	NULL,	NULL,	NULL,	NULL,	0,	NULL,	NULL,	0.0000,	'percentage',	0,	0.00,	NULL,	0.0000,	NULL,	NULL,	NULL,	NULL,	NULL,	NULL,	NULL,	NULL,	NULL,	NULL,	NULL,	NULL,	NULL,	0.0000,	NULL,	NULL,	NULL,	NULL,	NULL,	NULL,	NULL,	0,	0,	NULL,	0,	1.0000,	'days',	0,	NULL,	NULL,	NULL,	NULL,	NULL,	NULL,	NULL,	0,	'2022-11-21 16:13:12',	'2022-11-21 16:13:12'),
(135,	1,	1,	NULL,	NULL,	NULL,	'sell',	NULL,	'final',	NULL,	0,	'paid',	NULL,	1,	NULL,	'0113',	'',	NULL,	NULL,	NULL,	'2022-11-21 16:22:21',	10.2900,	NULL,	0.0000,	'percentage',	0.0000,	0,	0.0000,	NULL,	NULL,	NULL,	NULL,	NULL,	0.0000,	NULL,	NULL,	NULL,	NULL,	NULL,	NULL,	NULL,	0,	NULL,	0.0000,	NULL,	0.0000,	NULL,	0.0000,	NULL,	0.0000,	NULL,	0.0000,	10.2900,	NULL,	NULL,	NULL,	NULL,	0,	0,	1.000,	NULL,	NULL,	NULL,	NULL,	1,	NULL,	NULL,	NULL,	NULL,	NULL,	NULL,	NULL,	NULL,	NULL,	NULL,	NULL,	NULL,	NULL,	NULL,	0,	NULL,	NULL,	0.0000,	'percentage',	0,	0.00,	NULL,	0.0000,	NULL,	NULL,	NULL,	NULL,	NULL,	NULL,	NULL,	NULL,	NULL,	NULL,	NULL,	NULL,	NULL,	0.0000,	NULL,	NULL,	NULL,	NULL,	NULL,	NULL,	NULL,	0,	0,	NULL,	0,	1.0000,	'days',	0,	NULL,	NULL,	NULL,	NULL,	NULL,	NULL,	NULL,	0,	'2022-11-21 16:22:21',	'2022-11-21 16:22:21'),
(136,	1,	1,	NULL,	NULL,	NULL,	'sell',	NULL,	'final',	NULL,	0,	'paid',	NULL,	1,	NULL,	'0114',	'',	NULL,	NULL,	NULL,	'2022-11-21 16:23:47',	10.2900,	NULL,	0.0000,	'percentage',	0.0000,	0,	0.0000,	NULL,	NULL,	NULL,	NULL,	NULL,	0.0000,	NULL,	NULL,	NULL,	NULL,	NULL,	NULL,	NULL,	0,	NULL,	0.0000,	NULL,	0.0000,	NULL,	0.0000,	NULL,	0.0000,	NULL,	0.0000,	10.2900,	NULL,	NULL,	NULL,	NULL,	0,	0,	1.000,	NULL,	NULL,	NULL,	NULL,	1,	NULL,	NULL,	NULL,	NULL,	NULL,	NULL,	NULL,	NULL,	NULL,	NULL,	NULL,	NULL,	NULL,	NULL,	0,	NULL,	NULL,	0.0000,	'percentage',	0,	0.00,	NULL,	0.0000,	NULL,	NULL,	NULL,	NULL,	NULL,	NULL,	NULL,	NULL,	NULL,	NULL,	NULL,	NULL,	NULL,	0.0000,	NULL,	NULL,	NULL,	NULL,	NULL,	NULL,	NULL,	0,	0,	NULL,	0,	1.0000,	'days',	0,	NULL,	NULL,	NULL,	NULL,	NULL,	NULL,	NULL,	0,	'2022-11-21 16:23:47',	'2022-11-21 16:23:47'),
(137,	1,	1,	NULL,	NULL,	NULL,	'sell',	NULL,	'final',	NULL,	0,	'paid',	NULL,	1,	NULL,	'0115',	'',	NULL,	NULL,	NULL,	'2022-11-21 16:25:54',	10.2900,	NULL,	0.0000,	'percentage',	0.0000,	0,	0.0000,	NULL,	NULL,	NULL,	NULL,	NULL,	0.0000,	NULL,	NULL,	NULL,	NULL,	NULL,	NULL,	NULL,	0,	NULL,	0.0000,	NULL,	0.0000,	NULL,	0.0000,	NULL,	0.0000,	NULL,	0.0000,	10.2900,	NULL,	NULL,	NULL,	NULL,	0,	0,	1.000,	NULL,	NULL,	NULL,	NULL,	1,	NULL,	NULL,	NULL,	NULL,	NULL,	NULL,	NULL,	NULL,	NULL,	NULL,	NULL,	NULL,	NULL,	NULL,	0,	NULL,	NULL,	0.0000,	'percentage',	0,	0.00,	NULL,	0.0000,	NULL,	NULL,	NULL,	NULL,	NULL,	NULL,	NULL,	NULL,	NULL,	NULL,	NULL,	NULL,	NULL,	0.0000,	NULL,	NULL,	NULL,	NULL,	NULL,	NULL,	NULL,	0,	0,	NULL,	0,	1.0000,	'days',	0,	NULL,	NULL,	NULL,	NULL,	NULL,	NULL,	NULL,	0,	'2022-11-21 16:25:54',	'2022-11-21 16:25:54'),
(138,	1,	1,	NULL,	NULL,	NULL,	'sell',	NULL,	'final',	NULL,	0,	'paid',	NULL,	1,	NULL,	'0116',	'',	NULL,	NULL,	NULL,	'2022-11-22 08:57:44',	4.2100,	NULL,	0.0000,	'percentage',	0.0000,	0,	0.0000,	NULL,	NULL,	NULL,	NULL,	NULL,	0.0000,	NULL,	NULL,	NULL,	NULL,	NULL,	NULL,	NULL,	0,	NULL,	0.0000,	NULL,	0.0000,	NULL,	0.0000,	NULL,	0.0000,	NULL,	0.0000,	4.2100,	NULL,	NULL,	NULL,	NULL,	0,	0,	1.000,	NULL,	NULL,	NULL,	NULL,	1,	NULL,	NULL,	NULL,	NULL,	NULL,	NULL,	NULL,	NULL,	NULL,	NULL,	NULL,	NULL,	NULL,	NULL,	0,	NULL,	NULL,	0.0000,	'percentage',	0,	0.00,	NULL,	0.0000,	NULL,	NULL,	NULL,	NULL,	NULL,	NULL,	NULL,	NULL,	NULL,	NULL,	NULL,	NULL,	NULL,	0.0000,	NULL,	NULL,	NULL,	NULL,	NULL,	NULL,	NULL,	0,	0,	NULL,	0,	1.0000,	'days',	0,	NULL,	NULL,	NULL,	NULL,	NULL,	NULL,	NULL,	0,	'2022-11-22 08:57:44',	'2022-11-22 08:57:44'),
(139,	1,	1,	NULL,	NULL,	NULL,	'sell',	NULL,	'final',	NULL,	0,	'paid',	NULL,	1,	NULL,	'0117',	'',	NULL,	NULL,	NULL,	'2023-01-14 18:42:52',	7.7300,	NULL,	0.0000,	'percentage',	0.0000,	0,	0.0000,	NULL,	NULL,	NULL,	NULL,	NULL,	0.0000,	NULL,	NULL,	NULL,	NULL,	NULL,	NULL,	NULL,	0,	NULL,	0.0000,	NULL,	0.0000,	NULL,	0.0000,	NULL,	0.0000,	NULL,	0.0000,	7.7300,	NULL,	NULL,	NULL,	NULL,	0,	0,	1.000,	NULL,	NULL,	NULL,	NULL,	1,	NULL,	NULL,	NULL,	NULL,	NULL,	NULL,	NULL,	NULL,	NULL,	NULL,	NULL,	NULL,	NULL,	NULL,	0,	NULL,	NULL,	0.0000,	'percentage',	0,	0.00,	NULL,	0.0000,	NULL,	NULL,	NULL,	NULL,	NULL,	NULL,	NULL,	NULL,	NULL,	NULL,	NULL,	NULL,	NULL,	0.0000,	NULL,	NULL,	NULL,	NULL,	NULL,	NULL,	NULL,	0,	0,	NULL,	0,	1.0000,	'days',	0,	NULL,	NULL,	NULL,	NULL,	NULL,	NULL,	NULL,	0,	'2023-01-14 18:42:52',	'2023-01-14 18:42:53'),
(140,	1,	1,	NULL,	NULL,	NULL,	'sell',	NULL,	'final',	NULL,	0,	'paid',	NULL,	1,	NULL,	'0118',	'',	NULL,	NULL,	NULL,	'2023-01-30 19:20:53',	7.3500,	NULL,	0.0000,	'percentage',	0.0000,	0,	0.0000,	NULL,	NULL,	NULL,	NULL,	NULL,	0.0000,	NULL,	NULL,	NULL,	NULL,	NULL,	NULL,	NULL,	0,	NULL,	0.0000,	NULL,	0.0000,	NULL,	0.0000,	NULL,	0.0000,	NULL,	0.0000,	7.3500,	NULL,	NULL,	NULL,	NULL,	0,	0,	1.000,	NULL,	NULL,	NULL,	NULL,	1,	NULL,	NULL,	NULL,	NULL,	NULL,	NULL,	NULL,	NULL,	NULL,	NULL,	NULL,	NULL,	NULL,	NULL,	0,	NULL,	NULL,	0.0000,	'percentage',	0,	0.00,	NULL,	0.0000,	NULL,	NULL,	NULL,	NULL,	NULL,	NULL,	NULL,	NULL,	NULL,	NULL,	NULL,	NULL,	NULL,	0.0000,	NULL,	NULL,	NULL,	NULL,	NULL,	NULL,	NULL,	0,	0,	NULL,	0,	1.0000,	'days',	0,	NULL,	NULL,	NULL,	NULL,	NULL,	NULL,	NULL,	0,	'2023-01-30 19:20:53',	'2023-01-30 19:20:53'),
(141,	1,	1,	NULL,	NULL,	NULL,	'sell',	NULL,	'draft',	NULL,	0,	NULL,	NULL,	1,	NULL,	'2024/0005',	'',	NULL,	NULL,	NULL,	'2024-08-13 15:58:08',	14.3400,	NULL,	0.0000,	'percentage',	0.0000,	0,	0.0000,	NULL,	NULL,	NULL,	NULL,	NULL,	0.0000,	NULL,	NULL,	NULL,	NULL,	NULL,	NULL,	NULL,	0,	NULL,	0.0000,	NULL,	0.0000,	NULL,	0.0000,	NULL,	0.0000,	NULL,	0.0000,	14.3400,	NULL,	NULL,	NULL,	NULL,	0,	0,	1.000,	NULL,	NULL,	NULL,	NULL,	1,	NULL,	NULL,	NULL,	NULL,	NULL,	NULL,	NULL,	NULL,	NULL,	NULL,	NULL,	NULL,	NULL,	NULL,	0,	NULL,	NULL,	0.0000,	'percentage',	0,	0.00,	NULL,	0.0000,	NULL,	NULL,	NULL,	NULL,	NULL,	NULL,	NULL,	NULL,	NULL,	NULL,	NULL,	NULL,	NULL,	0.0000,	NULL,	NULL,	NULL,	NULL,	NULL,	NULL,	NULL,	0,	0,	NULL,	0,	1.0000,	'days',	0,	NULL,	NULL,	NULL,	NULL,	NULL,	NULL,	NULL,	0,	'2024-08-13 15:58:08',	'2024-08-13 15:58:08'),
(142,	1,	1,	NULL,	NULL,	NULL,	'sell',	NULL,	'final',	NULL,	0,	'paid',	NULL,	1,	NULL,	'0119',	'',	NULL,	NULL,	NULL,	'2024-08-13 16:01:17',	14.3400,	NULL,	0.0000,	'percentage',	0.0000,	0,	0.0000,	NULL,	NULL,	NULL,	NULL,	NULL,	0.0000,	NULL,	NULL,	NULL,	NULL,	NULL,	NULL,	NULL,	0,	NULL,	0.0000,	NULL,	0.0000,	NULL,	0.0000,	NULL,	0.0000,	NULL,	0.0000,	14.3400,	NULL,	NULL,	NULL,	NULL,	0,	0,	1.000,	NULL,	NULL,	NULL,	NULL,	1,	NULL,	NULL,	NULL,	NULL,	NULL,	NULL,	NULL,	NULL,	NULL,	NULL,	NULL,	NULL,	NULL,	NULL,	0,	NULL,	NULL,	0.0000,	'percentage',	0,	0.00,	NULL,	0.0000,	NULL,	NULL,	NULL,	NULL,	NULL,	NULL,	NULL,	NULL,	NULL,	NULL,	NULL,	NULL,	NULL,	0.0000,	NULL,	NULL,	NULL,	NULL,	NULL,	NULL,	NULL,	0,	0,	NULL,	0,	1.0000,	'days',	0,	NULL,	NULL,	NULL,	NULL,	NULL,	NULL,	NULL,	0,	'2024-08-13 16:01:17',	'2024-08-13 16:01:17');

DROP TABLE IF EXISTS `transaction_payments`;
CREATE TABLE `transaction_payments` (
  `id` int(10) unsigned NOT NULL AUTO_INCREMENT,
  `transaction_id` int(11) unsigned DEFAULT NULL,
  `business_id` int(11) DEFAULT NULL,
  `is_return` tinyint(1) NOT NULL DEFAULT 0 COMMENT 'Used during sales to return the change',
  `amount` decimal(22,4) NOT NULL DEFAULT 0.0000,
  `method` varchar(191) DEFAULT NULL,
  `transaction_no` varchar(191) DEFAULT NULL,
  `card_transaction_number` varchar(191) DEFAULT NULL,
  `card_number` varchar(191) DEFAULT NULL,
  `card_type` varchar(191) DEFAULT NULL,
  `card_holder_name` varchar(191) DEFAULT NULL,
  `card_month` varchar(191) DEFAULT NULL,
  `card_year` varchar(191) DEFAULT NULL,
  `card_security` varchar(5) DEFAULT NULL,
  `cheque_number` varchar(191) DEFAULT NULL,
  `bank_account_number` varchar(191) DEFAULT NULL,
  `paid_on` datetime DEFAULT NULL,
  `created_by` int(11) DEFAULT NULL,
  `paid_through_link` tinyint(1) NOT NULL DEFAULT 0,
  `gateway` varchar(191) DEFAULT NULL,
  `is_advance` tinyint(1) NOT NULL DEFAULT 0,
  `payment_for` int(11) DEFAULT NULL,
  `parent_id` int(11) DEFAULT NULL,
  `note` varchar(191) DEFAULT NULL,
  `document` varchar(191) DEFAULT NULL,
  `payment_ref_no` varchar(191) DEFAULT NULL,
  `account_id` int(11) DEFAULT NULL,
  `total_tender` decimal(22,4) DEFAULT NULL,
  `created_at` timestamp NULL DEFAULT NULL,
  `updated_at` timestamp NULL DEFAULT NULL,
  PRIMARY KEY (`id`),
  KEY `transaction_payments_transaction_id_foreign` (`transaction_id`),
  KEY `transaction_payments_created_by_index` (`created_by`),
  KEY `transaction_payments_parent_id_index` (`parent_id`),
  CONSTRAINT `transaction_payments_transaction_id_foreign` FOREIGN KEY (`transaction_id`) REFERENCES `transactions` (`id`) ON DELETE CASCADE
) ENGINE=InnoDB DEFAULT CHARSET=utf8mb4 COLLATE=utf8mb4_unicode_ci;

INSERT INTO `transaction_payments` (`id`, `transaction_id`, `business_id`, `is_return`, `amount`, `method`, `transaction_no`, `card_transaction_number`, `card_number`, `card_type`, `card_holder_name`, `card_month`, `card_year`, `card_security`, `cheque_number`, `bank_account_number`, `paid_on`, `created_by`, `paid_through_link`, `gateway`, `is_advance`, `payment_for`, `parent_id`, `note`, `document`, `payment_ref_no`, `account_id`, `total_tender`, `created_at`, `updated_at`) VALUES
(1,	1,	1,	0,	1.0000,	'card',	NULL,	NULL,	NULL,	'master',	NULL,	NULL,	NULL,	NULL,	NULL,	NULL,	'2022-01-15 02:05:48',	1,	0,	NULL,	0,	1,	NULL,	NULL,	NULL,	'SP2022/0001',	NULL,	NULL,	'2022-01-15 07:05:48',	'2022-01-15 07:05:48'),
(2,	2,	1,	0,	1.0000,	'cash',	NULL,	NULL,	NULL,	'credit',	NULL,	NULL,	NULL,	NULL,	NULL,	NULL,	'2022-01-15 02:07:28',	1,	0,	NULL,	0,	1,	NULL,	NULL,	NULL,	'SP2022/0002',	NULL,	NULL,	'2022-01-15 07:07:28',	'2022-01-15 07:07:28'),
(3,	3,	1,	0,	2.0000,	'cash',	NULL,	NULL,	NULL,	'credit',	NULL,	NULL,	NULL,	NULL,	NULL,	NULL,	'2022-01-28 18:02:02',	1,	0,	NULL,	0,	1,	NULL,	NULL,	NULL,	'SP2022/0003',	NULL,	NULL,	'2022-01-28 23:02:02',	'2022-01-28 23:02:02'),
(6,	8,	1,	0,	10.0000,	'cash',	NULL,	NULL,	NULL,	'credit',	NULL,	NULL,	NULL,	NULL,	NULL,	NULL,	'2022-04-13 15:24:11',	2,	0,	NULL,	0,	1,	NULL,	NULL,	NULL,	'SP2022/0006',	NULL,	NULL,	'2022-04-13 19:24:11',	'2022-04-13 19:24:11'),
(7,	9,	1,	0,	505.0000,	'cash',	NULL,	NULL,	NULL,	'credit',	NULL,	NULL,	NULL,	NULL,	NULL,	NULL,	'2022-04-13 15:39:48',	2,	0,	NULL,	0,	1,	NULL,	NULL,	NULL,	'SP2022/0007',	NULL,	NULL,	'2022-04-13 19:39:48',	'2022-04-13 19:39:48'),
(8,	4,	1,	0,	878.0000,	'cash',	NULL,	NULL,	NULL,	'credit',	NULL,	NULL,	NULL,	NULL,	NULL,	NULL,	'2022-04-13 15:46:00',	1,	0,	NULL,	0,	2,	NULL,	NULL,	NULL,	'PP2022/0001',	NULL,	NULL,	'2022-04-13 19:46:13',	'2022-04-13 19:46:13'),
(9,	10,	1,	0,	500.0000,	'cash',	NULL,	NULL,	NULL,	'credit',	NULL,	NULL,	NULL,	NULL,	NULL,	NULL,	'2022-04-13 16:03:00',	1,	0,	NULL,	0,	2,	NULL,	NULL,	NULL,	'PP2022/0002',	NULL,	NULL,	'2022-04-13 20:10:37',	'2022-04-13 20:10:37'),
(10,	11,	1,	0,	30.0000,	'cash',	NULL,	NULL,	NULL,	'credit',	NULL,	NULL,	NULL,	NULL,	NULL,	NULL,	'2022-04-18 16:45:07',	1,	0,	NULL,	0,	1,	NULL,	NULL,	NULL,	'SP2022/0008',	NULL,	NULL,	'2022-04-18 20:45:07',	'2022-04-18 20:45:07'),
(11,	13,	1,	0,	31.0000,	'cash',	NULL,	NULL,	NULL,	'credit',	NULL,	NULL,	NULL,	NULL,	NULL,	NULL,	'2022-09-03 23:20:05',	1,	0,	NULL,	0,	1,	NULL,	NULL,	NULL,	'SP2022/0009',	NULL,	NULL,	'2022-09-04 03:20:05',	'2022-09-04 03:20:05'),
(12,	14,	1,	0,	1127.5000,	'cash',	NULL,	NULL,	NULL,	'credit',	NULL,	NULL,	NULL,	NULL,	NULL,	NULL,	'2022-09-03 23:36:09',	1,	0,	NULL,	0,	1,	NULL,	NULL,	NULL,	'SP2022/0010',	NULL,	NULL,	'2022-09-04 03:36:09',	'2022-09-04 03:36:09'),
(13,	15,	1,	0,	31.0000,	'cash',	NULL,	NULL,	NULL,	'credit',	NULL,	NULL,	NULL,	NULL,	NULL,	NULL,	'2022-09-03 23:45:57',	1,	0,	NULL,	0,	1,	NULL,	NULL,	NULL,	'SP2022/0011',	NULL,	NULL,	'2022-09-04 03:45:57',	'2022-09-04 03:45:57'),
(14,	16,	1,	0,	31.0000,	'cash',	NULL,	NULL,	NULL,	'credit',	NULL,	NULL,	NULL,	NULL,	NULL,	NULL,	'2022-09-03 23:49:40',	1,	0,	NULL,	0,	1,	NULL,	NULL,	NULL,	'SP2022/0012',	NULL,	NULL,	'2022-09-04 03:49:40',	'2022-09-04 03:49:40'),
(15,	17,	1,	0,	31.0000,	'cash',	NULL,	NULL,	NULL,	'credit',	NULL,	NULL,	NULL,	NULL,	NULL,	NULL,	'2022-09-04 02:00:40',	1,	0,	NULL,	0,	1,	NULL,	NULL,	NULL,	'SP2022/0013',	NULL,	NULL,	'2022-09-04 06:00:40',	'2022-09-04 06:00:40'),
(16,	18,	1,	0,	31.0000,	'cash',	NULL,	NULL,	NULL,	'credit',	NULL,	NULL,	NULL,	NULL,	NULL,	NULL,	'2022-09-04 02:44:06',	1,	0,	NULL,	0,	1,	NULL,	NULL,	NULL,	'SP2022/0014',	NULL,	NULL,	'2022-09-04 06:44:06',	'2022-09-04 06:44:06'),
(17,	19,	1,	0,	31.0000,	'cash',	NULL,	NULL,	NULL,	'credit',	NULL,	NULL,	NULL,	NULL,	NULL,	NULL,	'2022-09-04 02:54:11',	1,	0,	NULL,	0,	1,	NULL,	NULL,	NULL,	'SP2022/0015',	NULL,	NULL,	'2022-09-04 06:54:11',	'2022-09-04 06:54:11'),
(18,	20,	1,	0,	61.0000,	'cash',	NULL,	NULL,	NULL,	'credit',	NULL,	NULL,	NULL,	NULL,	NULL,	NULL,	'2022-09-04 03:13:10',	1,	0,	NULL,	0,	1,	NULL,	NULL,	NULL,	'SP2022/0016',	NULL,	NULL,	'2022-09-04 07:13:10',	'2022-09-04 07:13:10'),
(19,	22,	1,	0,	3.5400,	'cash',	NULL,	NULL,	NULL,	'credit',	NULL,	NULL,	NULL,	NULL,	NULL,	NULL,	'2022-09-04 03:43:50',	1,	0,	NULL,	0,	1,	NULL,	NULL,	NULL,	'SP2022/0017',	NULL,	NULL,	'2022-09-04 07:43:50',	'2022-09-04 07:43:50'),
(20,	23,	1,	0,	2.2700,	'cash',	NULL,	NULL,	NULL,	'credit',	NULL,	NULL,	NULL,	NULL,	NULL,	NULL,	'2022-09-04 03:46:16',	1,	0,	NULL,	0,	1,	NULL,	NULL,	NULL,	'SP2022/0018',	NULL,	NULL,	'2022-09-04 07:46:16',	'2022-09-04 07:46:16'),
(21,	24,	1,	0,	1.2700,	'cash',	NULL,	NULL,	NULL,	'credit',	NULL,	NULL,	NULL,	NULL,	NULL,	NULL,	'2022-10-13 23:35:00',	1,	0,	NULL,	0,	6,	NULL,	NULL,	NULL,	'SP2022/0019',	NULL,	NULL,	'2022-10-14 03:38:16',	'2022-10-14 03:38:16'),
(22,	26,	1,	0,	2.5400,	'card',	NULL,	NULL,	'4761739001010119',	'visa',	'TestbCard 01',	'12',	NULL,	'201',	NULL,	NULL,	'2022-10-19 04:16:26',	1,	0,	NULL,	0,	1,	NULL,	NULL,	NULL,	'SP2022/0020',	NULL,	NULL,	'2022-10-19 08:16:26',	'2022-10-19 08:16:26'),
(23,	27,	1,	0,	1.2700,	'card',	NULL,	NULL,	'4761739001010119',	'visa',	'Test Card 01',	'12',	NULL,	'201',	NULL,	NULL,	'2022-10-19 04:26:59',	1,	0,	NULL,	0,	1,	NULL,	NULL,	NULL,	'SP2022/0021',	NULL,	NULL,	'2022-10-19 08:26:59',	'2022-10-19 08:26:59'),
(24,	28,	1,	0,	1.2700,	'card',	NULL,	NULL,	'4761739001010119',	'visa',	'Test Card 01',	'12',	NULL,	NULL,	NULL,	NULL,	'2022-10-19 04:33:58',	1,	0,	NULL,	0,	1,	NULL,	NULL,	NULL,	'SP2022/0022',	NULL,	NULL,	'2022-10-19 08:33:58',	'2022-10-19 08:33:58'),
(25,	29,	1,	0,	1.2700,	'card',	NULL,	NULL,	'5555 5555 5555 4444',	'visa',	'Test 1',	'12',	NULL,	'123',	NULL,	NULL,	'2022-10-18 19:32:02',	1,	0,	NULL,	0,	1,	NULL,	NULL,	NULL,	'SP2022/0023',	NULL,	NULL,	'2022-10-18 23:32:02',	'2022-10-18 23:32:02'),
(26,	30,	1,	0,	1.2700,	'card',	NULL,	NULL,	'5555555555555',	'visa',	'Darryl Elliott',	'04',	NULL,	'111',	NULL,	NULL,	'2022-10-18 23:38:41',	1,	0,	NULL,	0,	1,	NULL,	NULL,	NULL,	'SP2022/0024',	NULL,	NULL,	'2022-10-19 03:38:41',	'2022-10-19 03:38:41'),
(27,	31,	1,	0,	1.2700,	'card',	NULL,	NULL,	'5555555555555555',	'visa',	'Test Card',	'04',	NULL,	'001',	NULL,	NULL,	'2022-10-18 23:40:14',	1,	0,	NULL,	0,	1,	NULL,	NULL,	NULL,	'SP2022/0025',	NULL,	NULL,	'2022-10-19 03:40:14',	'2022-10-19 03:40:14'),
(28,	32,	1,	0,	1.2700,	'card',	NULL,	NULL,	'5555555555555555',	'visa',	'Test User',	'04',	NULL,	'001',	NULL,	NULL,	'2022-10-18 23:49:23',	1,	0,	NULL,	0,	1,	NULL,	NULL,	NULL,	'SP2022/0026',	NULL,	NULL,	'2022-10-19 03:49:23',	'2022-10-19 03:49:23'),
(29,	33,	1,	0,	1.2700,	'cash',	NULL,	NULL,	NULL,	'credit',	NULL,	NULL,	NULL,	NULL,	NULL,	NULL,	'2022-10-20 10:10:40',	1,	0,	NULL,	0,	1,	NULL,	NULL,	NULL,	'SP2022/0027',	NULL,	NULL,	'2022-10-20 14:10:40',	'2022-10-20 14:10:40'),
(30,	34,	1,	0,	1.2700,	'card',	NULL,	NULL,	NULL,	'visa',	NULL,	NULL,	NULL,	NULL,	NULL,	NULL,	'2022-10-21 05:48:12',	1,	0,	NULL,	0,	1,	NULL,	NULL,	NULL,	'SP2022/0028',	NULL,	NULL,	'2022-10-21 09:48:12',	'2022-10-21 09:48:12'),
(31,	35,	1,	0,	1.0000,	'card',	NULL,	NULL,	NULL,	'visa',	NULL,	NULL,	NULL,	NULL,	NULL,	NULL,	'2022-10-23 18:28:44',	1,	0,	NULL,	0,	1,	NULL,	NULL,	NULL,	'SP2022/0029',	NULL,	NULL,	'2022-10-23 22:28:44',	'2022-10-23 22:28:44'),
(32,	36,	1,	0,	2.0000,	'card',	NULL,	NULL,	NULL,	'credit',	NULL,	NULL,	NULL,	NULL,	NULL,	NULL,	'2022-10-23 18:38:17',	1,	0,	NULL,	0,	1,	NULL,	NULL,	NULL,	'SP2022/0030',	NULL,	NULL,	'2022-10-23 22:38:17',	'2022-10-23 22:38:17'),
(33,	37,	1,	0,	4.0000,	'card',	NULL,	'1233',	'4111111111111111',	NULL,	'peter parker',	'10',	NULL,	'1234',	NULL,	NULL,	'2022-10-23 18:40:14',	1,	0,	NULL,	0,	1,	NULL,	NULL,	NULL,	'SP2022/0031',	NULL,	NULL,	'2022-10-23 22:40:14',	'2022-10-23 22:40:14'),
(34,	38,	1,	0,	5.0800,	'card',	NULL,	NULL,	NULL,	'credit',	NULL,	NULL,	NULL,	NULL,	NULL,	NULL,	'2022-10-24 02:17:08',	1,	0,	NULL,	0,	1,	NULL,	NULL,	NULL,	'SP2022/0032',	NULL,	NULL,	'2022-10-24 06:17:08',	'2022-10-24 06:17:08'),
(35,	39,	1,	0,	1.0000,	'card',	NULL,	NULL,	NULL,	'credit',	NULL,	NULL,	NULL,	NULL,	NULL,	NULL,	'2022-10-25 15:28:30',	1,	0,	NULL,	0,	1,	NULL,	NULL,	NULL,	'SP2022/0033',	NULL,	NULL,	'2022-10-25 19:28:30',	'2022-10-25 19:28:30'),
(36,	40,	1,	0,	5.0000,	'card',	NULL,	'12312312333',	'4111111111111111',	'visa',	'peter parekr',	'10',	NULL,	'1233',	NULL,	NULL,	'2022-10-25 15:30:45',	1,	0,	NULL,	0,	1,	NULL,	NULL,	NULL,	'SP2022/0034',	NULL,	NULL,	'2022-10-25 19:30:45',	'2022-10-25 19:30:45'),
(37,	41,	1,	0,	7.6200,	'card',	NULL,	NULL,	NULL,	'credit',	NULL,	NULL,	NULL,	NULL,	NULL,	NULL,	'2022-10-25 15:32:57',	1,	0,	NULL,	0,	1,	NULL,	NULL,	NULL,	'SP2022/0035',	NULL,	NULL,	'2022-10-25 19:32:57',	'2022-10-25 19:32:57'),
(38,	42,	1,	0,	4.0000,	'card',	NULL,	NULL,	NULL,	'credit',	NULL,	NULL,	NULL,	NULL,	NULL,	NULL,	'2022-10-25 16:52:22',	1,	0,	NULL,	0,	1,	NULL,	NULL,	NULL,	'SP2022/0036',	NULL,	NULL,	'2022-10-25 20:52:22',	'2022-10-25 20:52:22'),
(39,	43,	1,	0,	5.0000,	'card',	NULL,	'12333233333',	'4111111111111111',	'visa',	'peter parker',	'12',	NULL,	'3333',	NULL,	NULL,	'2022-10-25 16:53:12',	1,	0,	NULL,	0,	1,	NULL,	NULL,	NULL,	'SP2022/0037',	NULL,	NULL,	'2022-10-25 20:53:12',	'2022-10-25 20:53:12'),
(40,	44,	1,	0,	1.2700,	'card',	NULL,	NULL,	NULL,	'credit',	NULL,	NULL,	NULL,	NULL,	NULL,	NULL,	'2022-10-25 17:00:39',	1,	0,	NULL,	0,	1,	NULL,	NULL,	NULL,	'SP2022/0038',	NULL,	NULL,	'2022-10-25 21:00:39',	'2022-10-25 21:00:39'),
(41,	45,	1,	0,	10.0000,	'card',	NULL,	NULL,	NULL,	'credit',	NULL,	NULL,	NULL,	NULL,	NULL,	NULL,	'2022-10-25 17:50:05',	1,	0,	NULL,	0,	1,	NULL,	NULL,	NULL,	'SP2022/0039',	NULL,	NULL,	'2022-10-25 21:50:05',	'2022-10-25 21:50:05'),
(42,	46,	1,	0,	23.0000,	'card',	NULL,	NULL,	NULL,	'credit',	NULL,	NULL,	NULL,	NULL,	NULL,	NULL,	'2022-10-25 17:50:18',	1,	0,	NULL,	0,	1,	NULL,	NULL,	NULL,	'SP2022/0040',	NULL,	NULL,	'2022-10-25 21:50:18',	'2022-10-25 21:50:18'),
(43,	47,	1,	0,	30.0000,	'card',	NULL,	'12333333321111',	'4111111111111111',	'visa',	'ppp parker',	'99',	NULL,	'1111',	NULL,	NULL,	'2022-10-25 17:51:05',	1,	0,	NULL,	0,	1,	NULL,	NULL,	NULL,	'SP2022/0041',	NULL,	NULL,	'2022-10-25 21:51:05',	'2022-10-25 21:51:05'),
(44,	48,	1,	0,	30.0000,	'card',	NULL,	'12333333321111',	'4111111111111111',	'visa',	'ppp parker',	'10',	NULL,	'1111',	NULL,	NULL,	'2022-10-25 17:51:11',	1,	0,	NULL,	0,	1,	NULL,	NULL,	NULL,	'SP2022/0042',	NULL,	NULL,	'2022-10-25 21:51:11',	'2022-10-25 21:51:11'),
(45,	49,	1,	0,	2.2700,	'card',	NULL,	NULL,	NULL,	'credit',	NULL,	NULL,	NULL,	NULL,	NULL,	NULL,	'2022-10-25 17:52:29',	1,	0,	NULL,	0,	1,	NULL,	NULL,	NULL,	'SP2022/0043',	NULL,	NULL,	'2022-10-25 21:52:29',	'2022-10-25 21:52:29'),
(46,	50,	1,	0,	2.2700,	'card',	NULL,	NULL,	NULL,	'credit',	NULL,	NULL,	NULL,	NULL,	NULL,	NULL,	'2022-10-25 18:02:01',	1,	0,	NULL,	0,	1,	NULL,	NULL,	NULL,	'SP2022/0044',	NULL,	NULL,	'2022-10-25 22:02:01',	'2022-10-25 22:02:01'),
(47,	51,	1,	0,	2.2700,	'card',	NULL,	NULL,	'4111111111111111',	'visa',	NULL,	'12',	NULL,	NULL,	NULL,	NULL,	'2022-10-25 18:03:02',	1,	0,	NULL,	0,	1,	NULL,	NULL,	NULL,	'SP2022/0045',	NULL,	NULL,	'2022-10-25 22:03:02',	'2022-10-25 22:03:02'),
(48,	52,	1,	0,	6.3500,	'card',	NULL,	NULL,	NULL,	'credit',	NULL,	NULL,	NULL,	NULL,	NULL,	NULL,	'2022-10-25 18:03:26',	1,	0,	NULL,	0,	1,	NULL,	NULL,	NULL,	'SP2022/0046',	NULL,	NULL,	'2022-10-25 22:03:26',	'2022-10-25 22:03:26'),
(49,	53,	1,	0,	7.0000,	'card',	NULL,	NULL,	NULL,	'credit',	NULL,	NULL,	NULL,	NULL,	NULL,	NULL,	'2022-10-26 03:29:25',	1,	0,	NULL,	0,	1,	NULL,	NULL,	NULL,	'SP2022/0047',	NULL,	NULL,	'2022-10-26 07:29:25',	'2022-10-26 07:29:25'),
(50,	54,	1,	0,	8.0000,	'card',	NULL,	NULL,	NULL,	'credit',	NULL,	NULL,	NULL,	NULL,	NULL,	NULL,	'2022-10-28 05:29:33',	1,	0,	NULL,	0,	1,	NULL,	NULL,	NULL,	'SP2022/0048',	NULL,	NULL,	'2022-10-28 05:29:33',	'2022-10-28 05:29:33'),
(51,	55,	1,	0,	2.5400,	'cash',	NULL,	NULL,	NULL,	'credit',	NULL,	NULL,	NULL,	NULL,	NULL,	NULL,	'2022-11-01 13:00:44',	1,	0,	NULL,	0,	1,	NULL,	NULL,	NULL,	'SP2022/0049',	NULL,	NULL,	'2022-11-01 13:00:44',	'2022-11-01 13:00:44'),
(52,	56,	1,	0,	2.5400,	'cash',	NULL,	NULL,	NULL,	'credit',	NULL,	NULL,	NULL,	NULL,	NULL,	NULL,	'2022-11-01 13:00:50',	1,	0,	NULL,	0,	1,	NULL,	NULL,	NULL,	'SP2022/0050',	NULL,	NULL,	'2022-11-01 13:00:50',	'2022-11-01 13:00:50'),
(53,	57,	1,	0,	2.5400,	'cash',	NULL,	NULL,	NULL,	'credit',	NULL,	NULL,	NULL,	NULL,	NULL,	NULL,	'2022-11-01 13:00:56',	1,	0,	NULL,	0,	1,	NULL,	NULL,	NULL,	'SP2022/0051',	NULL,	NULL,	'2022-11-01 13:00:56',	'2022-11-01 13:00:56'),
(54,	58,	1,	0,	1.2700,	'cash',	NULL,	NULL,	NULL,	'credit',	NULL,	NULL,	NULL,	NULL,	NULL,	NULL,	'2022-11-01 16:04:31',	1,	0,	NULL,	0,	1,	NULL,	NULL,	NULL,	'SP2022/0052',	NULL,	NULL,	'2022-11-01 16:04:31',	'2022-11-01 16:04:31'),
(55,	59,	1,	0,	12.7000,	'cash',	NULL,	NULL,	NULL,	'credit',	NULL,	NULL,	NULL,	NULL,	NULL,	NULL,	'2022-11-01 16:37:16',	1,	0,	NULL,	0,	1,	NULL,	NULL,	NULL,	'SP2022/0053',	NULL,	NULL,	'2022-11-01 16:37:16',	'2022-11-01 16:37:16'),
(56,	60,	1,	0,	24.5100,	'card',	NULL,	NULL,	NULL,	'credit',	NULL,	NULL,	NULL,	NULL,	NULL,	NULL,	'2022-11-01 16:37:38',	1,	0,	NULL,	0,	1,	NULL,	NULL,	NULL,	'SP2022/0054',	NULL,	NULL,	'2022-11-01 16:37:38',	'2022-11-01 16:37:38'),
(57,	61,	1,	0,	1.2700,	'cash',	NULL,	NULL,	NULL,	'credit',	NULL,	NULL,	NULL,	NULL,	NULL,	NULL,	'2022-11-02 08:28:07',	1,	0,	NULL,	0,	1,	NULL,	NULL,	NULL,	'SP2022/0055',	NULL,	NULL,	'2022-11-02 08:28:07',	'2022-11-02 08:28:07'),
(58,	62,	1,	0,	2.5400,	'cash',	NULL,	NULL,	NULL,	'credit',	NULL,	NULL,	NULL,	NULL,	NULL,	NULL,	'2022-11-02 08:37:53',	1,	0,	NULL,	0,	1,	NULL,	NULL,	NULL,	'SP2022/0056',	NULL,	NULL,	'2022-11-02 08:37:53',	'2022-11-02 08:37:53'),
(59,	63,	1,	0,	1.2700,	'cash',	NULL,	NULL,	NULL,	'credit',	NULL,	NULL,	NULL,	NULL,	NULL,	NULL,	'2022-11-02 08:48:13',	1,	0,	NULL,	0,	1,	NULL,	NULL,	NULL,	'SP2022/0057',	NULL,	NULL,	'2022-11-02 08:48:13',	'2022-11-02 08:48:13'),
(60,	64,	1,	0,	1.2700,	'cash',	NULL,	NULL,	NULL,	'credit',	NULL,	NULL,	NULL,	NULL,	NULL,	NULL,	'2022-11-02 09:14:15',	1,	0,	NULL,	0,	1,	NULL,	NULL,	NULL,	'SP2022/0058',	NULL,	NULL,	'2022-11-02 09:14:15',	'2022-11-02 09:14:15'),
(61,	65,	1,	0,	12.0000,	'cash',	NULL,	NULL,	NULL,	'credit',	NULL,	NULL,	NULL,	NULL,	NULL,	NULL,	'2022-11-02 16:00:37',	1,	0,	NULL,	0,	1,	NULL,	NULL,	NULL,	'SP2022/0059',	NULL,	NULL,	'2022-11-02 16:00:37',	'2022-11-02 16:00:37'),
(62,	66,	1,	0,	2.0000,	'cash',	NULL,	NULL,	NULL,	'credit',	NULL,	NULL,	NULL,	NULL,	NULL,	NULL,	'2022-11-03 16:57:02',	1,	0,	NULL,	0,	1,	NULL,	NULL,	NULL,	'SP2022/0060',	NULL,	NULL,	'2022-11-03 16:57:02',	'2022-11-03 16:57:02'),
(63,	67,	1,	0,	4.0000,	'cash',	NULL,	NULL,	NULL,	'credit',	NULL,	NULL,	NULL,	NULL,	NULL,	NULL,	'2022-11-03 17:10:24',	1,	0,	NULL,	0,	1,	NULL,	NULL,	NULL,	'SP2022/0061',	NULL,	NULL,	'2022-11-03 17:10:24',	'2022-11-03 17:10:24'),
(64,	70,	1,	0,	13.0000,	'cash',	NULL,	NULL,	NULL,	'credit',	NULL,	NULL,	NULL,	NULL,	NULL,	NULL,	'2022-11-04 17:05:45',	1,	0,	NULL,	0,	1,	NULL,	NULL,	NULL,	'SP2022/0062',	NULL,	12.0000,	'2022-11-04 17:05:45',	'2022-11-04 17:05:45'),
(65,	71,	1,	0,	4.0000,	'cash',	NULL,	NULL,	NULL,	'credit',	NULL,	NULL,	NULL,	NULL,	NULL,	NULL,	'2022-11-04 17:26:45',	1,	0,	NULL,	0,	1,	NULL,	NULL,	NULL,	'SP2022/0063',	NULL,	8.0000,	'2022-11-04 17:26:45',	'2022-11-04 17:26:45'),
(66,	72,	1,	0,	6.0000,	'cash',	NULL,	NULL,	NULL,	'credit',	NULL,	NULL,	NULL,	NULL,	NULL,	NULL,	'2022-11-04 17:28:28',	1,	0,	NULL,	0,	1,	NULL,	NULL,	NULL,	'SP2022/0064',	NULL,	8.0000,	'2022-11-04 17:28:28',	'2022-11-04 17:28:28'),
(67,	73,	1,	0,	4.0000,	'cash',	NULL,	NULL,	NULL,	'credit',	NULL,	NULL,	NULL,	NULL,	NULL,	NULL,	'2022-11-04 17:30:01',	1,	0,	NULL,	0,	1,	NULL,	NULL,	NULL,	'SP2022/0065',	NULL,	7.0000,	'2022-11-04 17:30:01',	'2022-11-04 17:30:01'),
(68,	74,	1,	0,	6.0000,	'cash',	NULL,	NULL,	NULL,	'credit',	NULL,	NULL,	NULL,	NULL,	NULL,	NULL,	'2022-11-04 17:30:41',	1,	0,	NULL,	0,	1,	NULL,	NULL,	NULL,	'SP2022/0066',	NULL,	9.0000,	'2022-11-04 17:30:41',	'2022-11-04 17:30:41'),
(69,	75,	1,	0,	7.0000,	'cash',	NULL,	NULL,	NULL,	'credit',	NULL,	NULL,	NULL,	NULL,	NULL,	NULL,	'2022-11-04 17:32:17',	1,	0,	NULL,	0,	1,	NULL,	NULL,	NULL,	'SP2022/0067',	NULL,	NULL,	'2022-11-04 17:32:17',	'2022-11-04 17:32:17'),
(70,	76,	1,	0,	4.0000,	'cash',	NULL,	NULL,	NULL,	'credit',	NULL,	NULL,	NULL,	NULL,	NULL,	NULL,	'2022-11-04 17:33:06',	1,	0,	NULL,	0,	1,	NULL,	NULL,	NULL,	'SP2022/0068',	NULL,	NULL,	'2022-11-04 17:33:06',	'2022-11-04 17:33:06'),
(71,	77,	1,	0,	5.0000,	'cash',	NULL,	NULL,	NULL,	'credit',	NULL,	NULL,	NULL,	NULL,	NULL,	NULL,	'2022-11-04 17:42:52',	1,	0,	NULL,	0,	1,	NULL,	NULL,	NULL,	'SP2022/0069',	NULL,	7.0000,	'2022-11-04 17:42:52',	'2022-11-04 17:42:52'),
(72,	78,	1,	0,	4.0000,	'cash',	NULL,	NULL,	NULL,	'credit',	NULL,	NULL,	NULL,	NULL,	NULL,	NULL,	'2022-11-04 17:45:03',	1,	0,	NULL,	0,	1,	NULL,	NULL,	NULL,	'SP2022/0070',	NULL,	8.0000,	'2022-11-04 17:45:03',	'2022-11-04 17:45:03'),
(73,	79,	1,	0,	4.0000,	'cash',	NULL,	NULL,	NULL,	'credit',	NULL,	NULL,	NULL,	NULL,	NULL,	NULL,	'2022-11-04 17:52:46',	1,	0,	NULL,	0,	1,	NULL,	NULL,	NULL,	'SP2022/0071',	NULL,	7.0000,	'2022-11-04 17:52:46',	'2022-11-04 17:52:46'),
(74,	80,	1,	0,	8.0000,	'cash',	NULL,	NULL,	NULL,	'credit',	NULL,	NULL,	NULL,	NULL,	NULL,	NULL,	'2022-11-04 17:55:36',	1,	0,	NULL,	0,	1,	NULL,	NULL,	NULL,	'SP2022/0072',	NULL,	9.0000,	'2022-11-04 17:55:36',	'2022-11-04 17:55:36'),
(75,	81,	1,	0,	5.0000,	'cash',	NULL,	NULL,	NULL,	'credit',	NULL,	NULL,	NULL,	NULL,	NULL,	NULL,	'2022-11-04 17:56:20',	1,	0,	NULL,	0,	1,	NULL,	NULL,	NULL,	'SP2022/0073',	NULL,	9.0000,	'2022-11-04 17:56:20',	'2022-11-04 17:56:20'),
(76,	82,	1,	0,	6.0000,	'cash',	NULL,	NULL,	NULL,	'credit',	NULL,	NULL,	NULL,	NULL,	NULL,	NULL,	'2022-11-04 17:57:46',	1,	0,	NULL,	0,	1,	NULL,	NULL,	NULL,	'SP2022/0074',	NULL,	9.0000,	'2022-11-04 17:57:46',	'2022-11-04 17:57:46'),
(77,	83,	1,	0,	5.0000,	'cash',	NULL,	NULL,	NULL,	'credit',	NULL,	NULL,	NULL,	NULL,	NULL,	NULL,	'2022-11-04 18:00:53',	1,	0,	NULL,	0,	1,	NULL,	NULL,	NULL,	'SP2022/0075',	NULL,	9.0000,	'2022-11-04 18:00:53',	'2022-11-04 18:00:53'),
(78,	84,	1,	0,	12.0000,	'cash',	NULL,	NULL,	NULL,	'credit',	NULL,	NULL,	NULL,	NULL,	NULL,	NULL,	'2022-11-04 18:04:38',	1,	0,	NULL,	0,	1,	NULL,	NULL,	NULL,	'SP2022/0076',	NULL,	79.0000,	'2022-11-04 18:04:38',	'2022-11-04 18:04:38'),
(79,	85,	1,	0,	12.0000,	'cash',	NULL,	NULL,	NULL,	'credit',	NULL,	NULL,	NULL,	NULL,	NULL,	NULL,	'2022-11-04 18:06:03',	1,	0,	NULL,	0,	1,	NULL,	NULL,	NULL,	'SP2022/0077',	NULL,	79.0000,	'2022-11-04 18:06:03',	'2022-11-04 18:06:03'),
(80,	86,	1,	0,	7.0000,	'cash',	NULL,	NULL,	NULL,	'credit',	NULL,	NULL,	NULL,	NULL,	NULL,	NULL,	'2022-11-04 18:06:23',	1,	0,	NULL,	0,	1,	NULL,	NULL,	NULL,	'SP2022/0078',	NULL,	9.0000,	'2022-11-04 18:06:23',	'2022-11-04 18:06:23'),
(81,	87,	1,	0,	5.0000,	'cash',	NULL,	NULL,	NULL,	'credit',	NULL,	NULL,	NULL,	NULL,	NULL,	NULL,	'2022-11-04 18:11:19',	1,	0,	NULL,	0,	1,	NULL,	NULL,	NULL,	'SP2022/0079',	NULL,	9.0000,	'2022-11-04 18:11:19',	'2022-11-04 18:11:19'),
(82,	88,	1,	0,	8.0000,	'cash',	NULL,	NULL,	NULL,	'credit',	NULL,	NULL,	NULL,	NULL,	NULL,	NULL,	'2022-11-04 18:12:15',	1,	0,	NULL,	0,	1,	NULL,	NULL,	NULL,	'SP2022/0080',	NULL,	99.0000,	'2022-11-04 18:12:15',	'2022-11-04 18:12:15'),
(83,	89,	1,	0,	5.0000,	'cash',	NULL,	NULL,	NULL,	'credit',	NULL,	NULL,	NULL,	NULL,	NULL,	NULL,	'2022-11-04 18:13:59',	1,	0,	NULL,	0,	1,	NULL,	NULL,	NULL,	'SP2022/0081',	NULL,	99.0000,	'2022-11-04 18:13:59',	'2022-11-04 18:13:59'),
(84,	90,	1,	0,	8.0000,	'cash',	NULL,	NULL,	NULL,	'credit',	NULL,	NULL,	NULL,	NULL,	NULL,	NULL,	'2022-11-04 18:15:20',	1,	0,	NULL,	0,	1,	NULL,	NULL,	NULL,	'SP2022/0082',	NULL,	99.0000,	'2022-11-04 18:15:20',	'2022-11-04 18:15:20'),
(85,	91,	1,	0,	4.0000,	'cash',	NULL,	NULL,	NULL,	'credit',	NULL,	NULL,	NULL,	NULL,	NULL,	NULL,	'2022-11-04 18:23:11',	1,	0,	NULL,	0,	1,	NULL,	NULL,	NULL,	'SP2022/0083',	NULL,	NULL,	'2022-11-04 18:23:11',	'2022-11-04 18:23:11'),
(86,	92,	1,	0,	6.0000,	'cash',	NULL,	NULL,	NULL,	'credit',	NULL,	NULL,	NULL,	NULL,	NULL,	NULL,	'2022-11-04 18:25:39',	1,	0,	NULL,	0,	1,	NULL,	NULL,	NULL,	'SP2022/0084',	NULL,	NULL,	'2022-11-04 18:25:39',	'2022-11-04 18:25:39'),
(87,	93,	1,	0,	12.0000,	'cash',	NULL,	NULL,	NULL,	'credit',	NULL,	NULL,	NULL,	NULL,	NULL,	NULL,	'2022-11-04 18:31:58',	1,	0,	NULL,	0,	1,	NULL,	NULL,	NULL,	'SP2022/0085',	NULL,	NULL,	'2022-11-04 18:31:58',	'2022-11-04 18:31:58'),
(88,	94,	1,	0,	10.0000,	'cash',	NULL,	NULL,	NULL,	'credit',	NULL,	NULL,	NULL,	NULL,	NULL,	NULL,	'2022-11-04 18:36:57',	1,	0,	NULL,	0,	1,	NULL,	NULL,	NULL,	'SP2022/0086',	NULL,	12.0000,	'2022-11-04 18:36:57',	'2022-11-04 18:36:57'),
(89,	95,	1,	0,	3.0000,	'cash',	NULL,	NULL,	NULL,	'credit',	NULL,	NULL,	NULL,	NULL,	NULL,	NULL,	'2022-11-04 18:42:01',	1,	0,	NULL,	0,	1,	NULL,	NULL,	NULL,	'SP2022/0087',	NULL,	NULL,	'2022-11-04 18:42:01',	'2022-11-04 18:42:01'),
(90,	96,	1,	0,	4.0000,	'cash',	NULL,	NULL,	NULL,	'credit',	NULL,	NULL,	NULL,	NULL,	NULL,	NULL,	'2022-11-04 18:44:10',	1,	0,	NULL,	0,	1,	NULL,	NULL,	NULL,	'SP2022/0088',	NULL,	6.0000,	'2022-11-04 18:44:10',	'2022-11-04 18:44:10'),
(91,	97,	1,	0,	5.0800,	'cash',	NULL,	NULL,	NULL,	'credit',	NULL,	NULL,	NULL,	NULL,	NULL,	NULL,	'2022-11-05 02:25:34',	1,	0,	NULL,	0,	1,	NULL,	NULL,	NULL,	'SP2022/0089',	NULL,	15.0000,	'2022-11-05 02:25:34',	'2022-11-05 02:25:34'),
(92,	98,	1,	0,	3.8100,	'cash',	NULL,	NULL,	NULL,	'credit',	NULL,	NULL,	NULL,	NULL,	NULL,	NULL,	'2022-11-05 07:01:07',	1,	0,	NULL,	0,	1,	NULL,	NULL,	NULL,	'SP2022/0090',	NULL,	10.0000,	'2022-11-05 07:01:07',	'2022-11-05 07:01:07'),
(93,	99,	1,	0,	2.5400,	'cash',	NULL,	NULL,	NULL,	'credit',	NULL,	NULL,	NULL,	NULL,	NULL,	NULL,	'2022-11-06 01:15:13',	1,	0,	NULL,	0,	1,	NULL,	NULL,	NULL,	'SP2022/0091',	NULL,	5.0000,	'2022-11-06 01:15:13',	'2022-11-06 01:15:13'),
(94,	100,	1,	0,	6.0000,	'cash',	NULL,	NULL,	NULL,	'credit',	NULL,	NULL,	NULL,	NULL,	NULL,	NULL,	'2022-11-06 05:40:28',	1,	0,	NULL,	0,	1,	NULL,	NULL,	NULL,	'SP2022/0092',	NULL,	80.0000,	'2022-11-06 05:40:28',	'2022-11-06 05:40:28'),
(95,	101,	1,	0,	9.0000,	'cash',	NULL,	NULL,	NULL,	'credit',	NULL,	NULL,	NULL,	NULL,	NULL,	NULL,	'2022-11-06 05:44:20',	1,	0,	NULL,	0,	1,	NULL,	NULL,	NULL,	'SP2022/0093',	NULL,	10.0000,	'2022-11-06 05:44:20',	'2022-11-06 05:44:20'),
(96,	102,	1,	0,	7.0000,	'cash',	NULL,	NULL,	NULL,	'credit',	NULL,	NULL,	NULL,	NULL,	NULL,	NULL,	'2022-11-06 05:45:57',	1,	0,	NULL,	0,	1,	NULL,	NULL,	NULL,	'SP2022/0094',	NULL,	10.0000,	'2022-11-06 05:45:57',	'2022-11-06 05:45:57'),
(97,	103,	1,	0,	6.0000,	'cash',	NULL,	NULL,	NULL,	'credit',	NULL,	NULL,	NULL,	NULL,	NULL,	NULL,	'2022-11-06 05:46:08',	1,	0,	NULL,	0,	1,	NULL,	NULL,	NULL,	'SP2022/0095',	NULL,	10.0000,	'2022-11-06 05:46:08',	'2022-11-06 05:46:08'),
(98,	104,	1,	0,	9.0000,	'cash',	NULL,	NULL,	NULL,	'credit',	NULL,	NULL,	NULL,	NULL,	NULL,	NULL,	'2022-11-06 06:15:03',	1,	0,	NULL,	0,	1,	NULL,	NULL,	NULL,	'SP2022/0096',	NULL,	100.0000,	'2022-11-06 06:15:03',	'2022-11-06 06:15:03'),
(99,	105,	1,	0,	11.0000,	'cash',	NULL,	NULL,	NULL,	'credit',	NULL,	NULL,	NULL,	NULL,	NULL,	NULL,	'2022-11-06 06:25:58',	1,	0,	NULL,	0,	1,	NULL,	NULL,	NULL,	'SP2022/0097',	NULL,	90.0000,	'2022-11-06 06:25:58',	'2022-11-06 06:25:58'),
(100,	107,	1,	0,	3.8100,	'cash',	NULL,	NULL,	NULL,	'credit',	NULL,	NULL,	NULL,	NULL,	NULL,	NULL,	'2022-11-06 16:07:21',	1,	0,	NULL,	0,	1,	NULL,	NULL,	NULL,	'SP2022/0098',	NULL,	5.0000,	'2022-11-06 16:07:21',	'2022-11-06 16:07:21'),
(101,	110,	1,	0,	25.0000,	'cash',	NULL,	NULL,	NULL,	'credit',	NULL,	NULL,	NULL,	NULL,	NULL,	NULL,	'2022-11-06 16:28:53',	1,	0,	NULL,	0,	1,	NULL,	NULL,	NULL,	'SP2022/0099',	NULL,	30.0000,	'2022-11-06 16:28:53',	'2022-11-06 16:28:53'),
(102,	111,	1,	0,	2.5400,	'cash',	NULL,	NULL,	NULL,	'credit',	NULL,	NULL,	NULL,	NULL,	NULL,	NULL,	'2022-11-06 16:42:51',	1,	0,	NULL,	0,	1,	NULL,	NULL,	NULL,	'SP2022/0100',	NULL,	3.0000,	'2022-11-06 16:42:51',	'2022-11-06 16:42:51'),
(103,	123,	1,	0,	9.4500,	'cash',	NULL,	NULL,	NULL,	'credit',	NULL,	NULL,	NULL,	NULL,	NULL,	NULL,	'2022-11-06 18:29:25',	1,	0,	NULL,	0,	1,	NULL,	NULL,	NULL,	'SP2022/0101',	NULL,	20.0000,	'2022-11-06 18:29:25',	'2022-11-06 18:29:25'),
(104,	124,	1,	0,	5.3600,	'cash',	NULL,	NULL,	NULL,	'credit',	NULL,	NULL,	NULL,	NULL,	NULL,	NULL,	'2022-11-07 01:07:15',	1,	0,	NULL,	0,	1,	NULL,	NULL,	NULL,	'SP2022/0102',	NULL,	10.0000,	'2022-11-07 01:07:15',	'2022-11-07 01:07:15'),
(105,	125,	1,	0,	2.0000,	'cash',	NULL,	NULL,	NULL,	'credit',	NULL,	NULL,	NULL,	NULL,	NULL,	NULL,	'2022-11-07 13:08:02',	1,	0,	NULL,	0,	1,	NULL,	NULL,	NULL,	'SP2022/0103',	NULL,	3.5400,	'2022-11-07 13:08:02',	'2022-11-07 13:08:02'),
(106,	126,	1,	0,	10.2000,	'cash',	NULL,	NULL,	NULL,	'credit',	NULL,	NULL,	NULL,	NULL,	NULL,	NULL,	'2022-11-08 01:59:29',	1,	0,	NULL,	0,	1,	NULL,	NULL,	NULL,	'SP2022/0104',	NULL,	12.0000,	'2022-11-08 01:59:29',	'2022-11-08 01:59:29'),
(107,	127,	1,	0,	7.3500,	'cash',	NULL,	NULL,	NULL,	'credit',	NULL,	NULL,	NULL,	NULL,	NULL,	NULL,	'2022-11-08 11:38:53',	1,	0,	NULL,	0,	1,	NULL,	NULL,	NULL,	'SP2022/0105',	NULL,	10.0000,	'2022-11-08 11:38:53',	'2022-11-08 11:38:53'),
(108,	128,	1,	0,	9.4500,	'cash',	NULL,	NULL,	NULL,	'credit',	NULL,	NULL,	NULL,	NULL,	NULL,	NULL,	'2022-11-11 00:41:04',	1,	0,	NULL,	0,	1,	NULL,	NULL,	NULL,	'SP2022/0106',	NULL,	10.0000,	'2022-11-11 00:41:04',	'2022-11-11 00:41:04'),
(109,	129,	1,	0,	11.3300,	'cash',	NULL,	NULL,	NULL,	'credit',	NULL,	NULL,	NULL,	NULL,	NULL,	NULL,	'2022-11-11 00:43:40',	1,	0,	NULL,	0,	1,	NULL,	NULL,	NULL,	'SP2022/0107',	NULL,	20.0000,	'2022-11-11 00:43:40',	'2022-11-11 00:43:40'),
(110,	130,	1,	0,	1.0000,	'cash',	NULL,	NULL,	NULL,	'credit',	NULL,	NULL,	NULL,	NULL,	NULL,	NULL,	'2022-11-21 15:43:51',	1,	0,	NULL,	0,	1,	NULL,	NULL,	NULL,	'SP2022/0108',	NULL,	1.0000,	'2022-11-21 15:43:51',	'2022-11-21 15:43:51'),
(111,	131,	1,	0,	10.2900,	'cash',	NULL,	NULL,	NULL,	'credit',	NULL,	NULL,	NULL,	NULL,	NULL,	NULL,	'2022-11-21 16:04:20',	1,	0,	NULL,	0,	1,	NULL,	NULL,	NULL,	'SP2022/0109',	NULL,	15.0000,	'2022-11-21 16:04:20',	'2022-11-21 16:04:20'),
(112,	132,	1,	0,	10.2900,	'cash',	NULL,	NULL,	NULL,	'credit',	NULL,	NULL,	NULL,	NULL,	NULL,	NULL,	'2022-11-21 16:08:14',	1,	0,	NULL,	0,	1,	NULL,	NULL,	NULL,	'SP2022/0110',	NULL,	15.0000,	'2022-11-21 16:08:14',	'2022-11-21 16:08:14'),
(113,	133,	1,	0,	10.2900,	'cash',	NULL,	NULL,	NULL,	'credit',	NULL,	NULL,	NULL,	NULL,	NULL,	NULL,	'2022-11-21 16:08:51',	1,	0,	NULL,	0,	1,	NULL,	NULL,	NULL,	'SP2022/0111',	NULL,	15.0000,	'2022-11-21 16:08:51',	'2022-11-21 16:08:51'),
(114,	134,	1,	0,	10.2900,	'cash',	NULL,	NULL,	NULL,	'credit',	NULL,	NULL,	NULL,	NULL,	NULL,	NULL,	'2022-11-21 16:13:12',	1,	0,	NULL,	0,	1,	NULL,	NULL,	NULL,	'SP2022/0112',	NULL,	15.0000,	'2022-11-21 16:13:12',	'2022-11-21 16:13:12'),
(115,	135,	1,	0,	10.2900,	'cash',	NULL,	NULL,	NULL,	'credit',	NULL,	NULL,	NULL,	NULL,	NULL,	NULL,	'2022-11-21 16:22:21',	1,	0,	NULL,	0,	1,	NULL,	NULL,	NULL,	'SP2022/0113',	NULL,	15.0000,	'2022-11-21 16:22:21',	'2022-11-21 16:22:21'),
(116,	136,	1,	0,	10.2900,	'cash',	NULL,	NULL,	NULL,	'credit',	NULL,	NULL,	NULL,	NULL,	NULL,	NULL,	'2022-11-21 16:23:47',	1,	0,	NULL,	0,	1,	NULL,	NULL,	NULL,	'SP2022/0114',	NULL,	15.0000,	'2022-11-21 16:23:47',	'2022-11-21 16:23:47'),
(117,	137,	1,	0,	10.2900,	'cash',	NULL,	NULL,	NULL,	'credit',	NULL,	NULL,	NULL,	NULL,	NULL,	NULL,	'2022-11-21 16:25:54',	1,	0,	NULL,	0,	1,	NULL,	NULL,	NULL,	'SP2022/0115',	NULL,	15.0000,	'2022-11-21 16:25:54',	'2022-11-21 16:25:54'),
(118,	138,	1,	0,	4.2100,	'cash',	NULL,	NULL,	NULL,	'credit',	NULL,	NULL,	NULL,	NULL,	NULL,	NULL,	'2022-11-22 08:57:44',	1,	0,	NULL,	0,	1,	NULL,	NULL,	NULL,	'SP2022/0116',	NULL,	10.0000,	'2022-11-22 08:57:44',	'2022-11-22 08:57:44'),
(119,	139,	1,	0,	7.7300,	'cash',	NULL,	NULL,	NULL,	'credit',	NULL,	NULL,	NULL,	NULL,	NULL,	NULL,	'2023-01-14 18:42:53',	1,	0,	NULL,	0,	1,	NULL,	NULL,	NULL,	'SP2023/0117',	NULL,	10.0000,	'2023-01-14 18:42:53',	'2023-01-14 18:42:53'),
(120,	140,	1,	0,	7.3500,	'cash',	NULL,	NULL,	NULL,	'credit',	NULL,	NULL,	NULL,	NULL,	NULL,	NULL,	'2023-01-30 19:20:53',	1,	0,	NULL,	0,	1,	NULL,	NULL,	NULL,	'SP2023/0118',	NULL,	1000.0000,	'2023-01-30 19:20:53',	'2023-01-30 19:20:53'),
(121,	142,	1,	0,	14.3400,	'cash',	NULL,	NULL,	NULL,	'credit',	NULL,	NULL,	NULL,	NULL,	NULL,	NULL,	'2024-08-13 16:01:17',	1,	0,	NULL,	0,	1,	NULL,	NULL,	NULL,	'SP2024/0119',	NULL,	14.3400,	'2024-08-13 16:01:17',	'2024-08-13 16:01:17');

DROP TABLE IF EXISTS `transaction_sell_lines`;
CREATE TABLE `transaction_sell_lines` (
  `id` int(10) unsigned NOT NULL AUTO_INCREMENT,
  `transaction_id` int(10) unsigned NOT NULL,
  `product_id` int(10) unsigned NOT NULL,
  `variation_id` int(10) unsigned NOT NULL,
  `quantity` decimal(22,4) NOT NULL DEFAULT 0.0000,
  `mfg_waste_percent` decimal(22,4) NOT NULL DEFAULT 0.0000,
  `quantity_returned` decimal(20,4) NOT NULL DEFAULT 0.0000,
  `unit_price_before_discount` decimal(22,4) NOT NULL DEFAULT 0.0000,
  `unit_price` decimal(22,4) DEFAULT NULL COMMENT 'Sell price excluding tax',
  `line_discount_type` enum('fixed','percentage') DEFAULT NULL,
  `line_discount_amount` decimal(22,4) NOT NULL DEFAULT 0.0000,
  `unit_price_inc_tax` decimal(22,4) DEFAULT NULL COMMENT 'Sell price including tax',
  `item_tax` decimal(22,4) NOT NULL COMMENT 'Tax for one quantity',
  `tax_id` int(10) unsigned DEFAULT NULL,
  `discount_id` int(11) DEFAULT NULL,
  `lot_no_line_id` int(11) DEFAULT NULL,
  `sell_line_note` text DEFAULT NULL,
  `woocommerce_line_items_id` int(11) DEFAULT NULL,
  `so_line_id` int(11) DEFAULT NULL,
  `so_quantity_invoiced` decimal(22,4) NOT NULL DEFAULT 0.0000,
  `res_service_staff_id` int(11) DEFAULT NULL,
  `res_line_order_status` varchar(191) DEFAULT NULL,
  `parent_sell_line_id` int(11) DEFAULT NULL,
  `children_type` varchar(191) NOT NULL DEFAULT '' COMMENT 'Type of children for the parent, like modifier or combo',
  `sub_unit_id` int(11) DEFAULT NULL,
  `created_at` timestamp NULL DEFAULT NULL,
  `updated_at` timestamp NULL DEFAULT NULL,
  PRIMARY KEY (`id`),
  KEY `transaction_sell_lines_transaction_id_foreign` (`transaction_id`),
  KEY `transaction_sell_lines_product_id_foreign` (`product_id`),
  KEY `transaction_sell_lines_variation_id_foreign` (`variation_id`),
  KEY `transaction_sell_lines_tax_id_foreign` (`tax_id`),
  KEY `transaction_sell_lines_children_type_index` (`children_type`),
  KEY `transaction_sell_lines_parent_sell_line_id_index` (`parent_sell_line_id`),
  KEY `transaction_sell_lines_line_discount_type_index` (`line_discount_type`),
  KEY `transaction_sell_lines_discount_id_index` (`discount_id`),
  KEY `transaction_sell_lines_lot_no_line_id_index` (`lot_no_line_id`),
  KEY `transaction_sell_lines_sub_unit_id_index` (`sub_unit_id`),
  CONSTRAINT `transaction_sell_lines_product_id_foreign` FOREIGN KEY (`product_id`) REFERENCES `products` (`id`) ON DELETE CASCADE,
  CONSTRAINT `transaction_sell_lines_tax_id_foreign` FOREIGN KEY (`tax_id`) REFERENCES `tax_rates` (`id`) ON DELETE CASCADE,
  CONSTRAINT `transaction_sell_lines_transaction_id_foreign` FOREIGN KEY (`transaction_id`) REFERENCES `transactions` (`id`) ON DELETE CASCADE,
  CONSTRAINT `transaction_sell_lines_variation_id_foreign` FOREIGN KEY (`variation_id`) REFERENCES `variations` (`id`) ON DELETE CASCADE
) ENGINE=InnoDB DEFAULT CHARSET=utf8mb4 COLLATE=utf8mb4_unicode_ci;

INSERT INTO `transaction_sell_lines` (`id`, `transaction_id`, `product_id`, `variation_id`, `quantity`, `mfg_waste_percent`, `quantity_returned`, `unit_price_before_discount`, `unit_price`, `line_discount_type`, `line_discount_amount`, `unit_price_inc_tax`, `item_tax`, `tax_id`, `discount_id`, `lot_no_line_id`, `sell_line_note`, `woocommerce_line_items_id`, `so_line_id`, `so_quantity_invoiced`, `res_service_staff_id`, `res_line_order_status`, `parent_sell_line_id`, `children_type`, `sub_unit_id`, `created_at`, `updated_at`) VALUES
(1,	1,	1,	1,	1.0000,	0.0000,	0.0000,	1.0000,	1.0000,	'fixed',	0.0000,	1.0000,	0.0000,	NULL,	NULL,	NULL,	'',	NULL,	NULL,	0.0000,	NULL,	NULL,	NULL,	'',	NULL,	'2022-01-15 07:05:48',	'2022-01-15 07:05:48'),
(2,	2,	1,	1,	1.0000,	0.0000,	0.0000,	1.0000,	1.0000,	'fixed',	0.0000,	1.0000,	0.0000,	NULL,	NULL,	NULL,	'',	NULL,	NULL,	0.0000,	NULL,	NULL,	NULL,	'',	NULL,	'2022-01-15 07:07:28',	'2022-01-15 07:07:28'),
(3,	3,	1,	1,	2.0000,	0.0000,	0.0000,	1.0000,	1.0000,	'fixed',	0.0000,	1.0000,	0.0000,	NULL,	NULL,	NULL,	'',	NULL,	NULL,	0.0000,	NULL,	NULL,	NULL,	'',	NULL,	'2022-01-28 23:02:02',	'2022-01-28 23:02:02'),
(7,	8,	1,	1,	10.0000,	0.0000,	0.0000,	1.0000,	1.0000,	'fixed',	0.0000,	1.0000,	0.0000,	NULL,	NULL,	NULL,	'',	NULL,	NULL,	0.0000,	NULL,	NULL,	NULL,	'',	NULL,	'2022-04-13 19:24:11',	'2022-04-13 19:39:05'),
(8,	9,	1,	1,	5.0000,	0.0000,	0.0000,	1.0000,	1.0000,	'fixed',	0.0000,	1.0000,	0.0000,	NULL,	NULL,	NULL,	'',	NULL,	NULL,	0.0000,	NULL,	NULL,	NULL,	'',	NULL,	'2022-04-13 19:38:22',	'2022-04-13 19:39:48'),
(9,	11,	5,	5,	1.0000,	0.0000,	0.0000,	30.0000,	30.0000,	'fixed',	0.0000,	30.0000,	0.0000,	NULL,	NULL,	NULL,	'',	NULL,	NULL,	0.0000,	NULL,	NULL,	NULL,	'',	NULL,	'2022-04-18 20:45:07',	'2022-04-18 20:45:07'),
(10,	12,	5,	5,	1.0000,	0.0000,	0.0000,	30.0000,	30.0000,	'fixed',	0.0000,	30.0000,	0.0000,	NULL,	NULL,	NULL,	'',	NULL,	NULL,	0.0000,	NULL,	NULL,	NULL,	'',	NULL,	'2022-07-13 13:59:54',	'2022-07-13 13:59:54'),
(11,	12,	2,	2,	1.0000,	0.0000,	0.0000,	1097.5000,	1097.5000,	'fixed',	0.0000,	1097.5000,	0.0000,	NULL,	NULL,	NULL,	'',	NULL,	NULL,	0.0000,	NULL,	NULL,	NULL,	'',	NULL,	'2022-07-13 13:59:54',	'2022-07-13 13:59:54'),
(12,	12,	1,	1,	1.0000,	0.0000,	0.0000,	1.0000,	1.0000,	'fixed',	0.0000,	1.0000,	0.0000,	NULL,	NULL,	NULL,	'',	NULL,	NULL,	0.0000,	NULL,	NULL,	NULL,	'',	NULL,	'2022-07-13 13:59:54',	'2022-07-13 13:59:54'),
(13,	13,	5,	5,	1.0000,	0.0000,	0.0000,	30.0000,	30.0000,	'fixed',	0.0000,	30.0000,	0.0000,	NULL,	NULL,	NULL,	'',	NULL,	NULL,	0.0000,	NULL,	NULL,	NULL,	'',	NULL,	'2022-09-04 03:20:05',	'2022-09-04 03:20:05'),
(14,	13,	1,	1,	1.0000,	0.0000,	0.0000,	1.0000,	1.0000,	'fixed',	0.0000,	1.0000,	0.0000,	NULL,	NULL,	NULL,	'',	NULL,	NULL,	0.0000,	NULL,	NULL,	NULL,	'',	NULL,	'2022-09-04 03:20:05',	'2022-09-04 03:20:05'),
(15,	14,	5,	5,	1.0000,	0.0000,	0.0000,	30.0000,	30.0000,	'fixed',	0.0000,	30.0000,	0.0000,	NULL,	NULL,	NULL,	'',	NULL,	NULL,	0.0000,	NULL,	NULL,	NULL,	'',	NULL,	'2022-09-04 03:36:09',	'2022-09-04 03:36:09'),
(16,	14,	2,	2,	1.0000,	0.0000,	0.0000,	1097.5000,	1097.5000,	'fixed',	0.0000,	1097.5000,	0.0000,	NULL,	NULL,	NULL,	'',	NULL,	NULL,	0.0000,	NULL,	NULL,	NULL,	'',	NULL,	'2022-09-04 03:36:09',	'2022-09-04 03:36:09'),
(17,	15,	5,	5,	1.0000,	0.0000,	0.0000,	30.0000,	30.0000,	'fixed',	0.0000,	30.0000,	0.0000,	NULL,	NULL,	NULL,	'',	NULL,	NULL,	0.0000,	NULL,	NULL,	NULL,	'',	NULL,	'2022-09-04 03:45:57',	'2022-09-04 03:45:57'),
(18,	15,	1,	1,	1.0000,	0.0000,	0.0000,	1.0000,	1.0000,	'fixed',	0.0000,	1.0000,	0.0000,	NULL,	NULL,	NULL,	'',	NULL,	NULL,	0.0000,	NULL,	NULL,	NULL,	'',	NULL,	'2022-09-04 03:45:57',	'2022-09-04 03:45:57'),
(19,	16,	5,	5,	1.0000,	0.0000,	0.0000,	30.0000,	30.0000,	'fixed',	0.0000,	30.0000,	0.0000,	NULL,	NULL,	NULL,	'',	NULL,	NULL,	0.0000,	NULL,	NULL,	NULL,	'',	NULL,	'2022-09-04 03:49:40',	'2022-09-04 03:49:40'),
(20,	16,	1,	1,	1.0000,	0.0000,	0.0000,	1.0000,	1.0000,	'fixed',	0.0000,	1.0000,	0.0000,	NULL,	NULL,	NULL,	'',	NULL,	NULL,	0.0000,	NULL,	NULL,	NULL,	'',	NULL,	'2022-09-04 03:49:40',	'2022-09-04 03:49:40'),
(21,	17,	5,	5,	1.0000,	0.0000,	0.0000,	30.0000,	30.0000,	'fixed',	0.0000,	30.0000,	0.0000,	NULL,	NULL,	NULL,	'',	NULL,	NULL,	0.0000,	NULL,	NULL,	NULL,	'',	NULL,	'2022-09-04 06:00:40',	'2022-09-04 06:00:40'),
(22,	17,	1,	1,	1.0000,	0.0000,	0.0000,	1.0000,	1.0000,	'fixed',	0.0000,	1.0000,	0.0000,	NULL,	NULL,	NULL,	'',	NULL,	NULL,	0.0000,	NULL,	NULL,	NULL,	'',	NULL,	'2022-09-04 06:00:40',	'2022-09-04 06:00:40'),
(23,	18,	5,	5,	1.0000,	0.0000,	0.0000,	30.0000,	30.0000,	'fixed',	0.0000,	30.0000,	0.0000,	NULL,	NULL,	NULL,	'',	NULL,	NULL,	0.0000,	NULL,	NULL,	NULL,	'',	NULL,	'2022-09-04 06:44:06',	'2022-09-04 06:44:06'),
(24,	18,	1,	1,	1.0000,	0.0000,	0.0000,	1.0000,	1.0000,	'fixed',	0.0000,	1.0000,	0.0000,	NULL,	NULL,	NULL,	'',	NULL,	NULL,	0.0000,	NULL,	NULL,	NULL,	'',	NULL,	'2022-09-04 06:44:06',	'2022-09-04 06:44:06'),
(25,	19,	5,	5,	1.0000,	0.0000,	0.0000,	30.0000,	30.0000,	'fixed',	0.0000,	30.0000,	0.0000,	NULL,	NULL,	NULL,	'',	NULL,	NULL,	0.0000,	NULL,	NULL,	NULL,	'',	NULL,	'2022-09-04 06:54:11',	'2022-09-04 06:54:11'),
(26,	19,	1,	1,	1.0000,	0.0000,	0.0000,	1.0000,	1.0000,	'fixed',	0.0000,	1.0000,	0.0000,	NULL,	NULL,	NULL,	'',	NULL,	NULL,	0.0000,	NULL,	NULL,	NULL,	'',	NULL,	'2022-09-04 06:54:11',	'2022-09-04 06:54:11'),
(27,	20,	5,	5,	2.0000,	0.0000,	0.0000,	30.0000,	30.0000,	'fixed',	0.0000,	30.0000,	0.0000,	NULL,	NULL,	NULL,	'',	NULL,	NULL,	0.0000,	NULL,	NULL,	NULL,	'',	NULL,	'2022-09-04 07:13:10',	'2022-09-04 07:13:10'),
(28,	20,	1,	1,	1.0000,	0.0000,	0.0000,	1.0000,	1.0000,	'fixed',	0.0000,	1.0000,	0.0000,	NULL,	NULL,	NULL,	'',	NULL,	NULL,	0.0000,	NULL,	NULL,	NULL,	'',	NULL,	'2022-09-04 07:13:10',	'2022-09-04 07:13:10'),
(29,	22,	5,	5,	2.0000,	0.0000,	0.0000,	1.2700,	1.2700,	'fixed',	0.0000,	1.2700,	0.0000,	NULL,	NULL,	NULL,	'',	NULL,	NULL,	0.0000,	NULL,	NULL,	NULL,	'',	NULL,	'2022-09-04 07:43:50',	'2022-09-04 07:43:50'),
(30,	22,	1,	1,	1.0000,	0.0000,	0.0000,	1.0000,	1.0000,	'fixed',	0.0000,	1.0000,	0.0000,	NULL,	NULL,	NULL,	'',	NULL,	NULL,	0.0000,	NULL,	NULL,	NULL,	'',	NULL,	'2022-09-04 07:43:50',	'2022-09-04 07:43:50'),
(31,	23,	5,	5,	1.0000,	0.0000,	0.0000,	1.2700,	1.2700,	'fixed',	0.0000,	1.2700,	0.0000,	NULL,	NULL,	NULL,	'',	NULL,	NULL,	0.0000,	NULL,	NULL,	NULL,	'',	NULL,	'2022-09-04 07:46:16',	'2022-09-04 07:46:16'),
(32,	23,	1,	1,	1.0000,	0.0000,	0.0000,	1.0000,	1.0000,	'fixed',	0.0000,	1.0000,	0.0000,	NULL,	NULL,	NULL,	'',	NULL,	NULL,	0.0000,	NULL,	NULL,	NULL,	'',	NULL,	'2022-09-04 07:46:16',	'2022-09-04 07:46:16'),
(33,	24,	5,	5,	1.0000,	0.0000,	0.0000,	1.2700,	1.2700,	'fixed',	0.0000,	1.2700,	0.0000,	NULL,	NULL,	NULL,	'',	NULL,	NULL,	0.0000,	NULL,	NULL,	NULL,	'',	NULL,	'2022-10-14 03:38:16',	'2022-10-14 03:38:16'),
(34,	25,	5,	5,	1.0000,	0.0000,	0.0000,	1.2700,	1.2700,	'fixed',	0.0000,	1.2700,	0.0000,	NULL,	NULL,	NULL,	'',	NULL,	NULL,	0.0000,	NULL,	NULL,	NULL,	'',	NULL,	'2022-10-14 15:11:40',	'2022-10-14 15:11:40'),
(35,	26,	5,	5,	2.0000,	0.0000,	0.0000,	1.2700,	1.2700,	'fixed',	0.0000,	1.2700,	0.0000,	NULL,	NULL,	NULL,	'',	NULL,	NULL,	0.0000,	NULL,	NULL,	NULL,	'',	NULL,	'2022-10-19 08:16:26',	'2022-10-19 08:16:26'),
(36,	27,	5,	5,	1.0000,	0.0000,	0.0000,	1.2700,	1.2700,	'fixed',	0.0000,	1.2700,	0.0000,	NULL,	NULL,	NULL,	'',	NULL,	NULL,	0.0000,	NULL,	NULL,	NULL,	'',	NULL,	'2022-10-19 08:26:59',	'2022-10-19 08:26:59'),
(37,	28,	5,	5,	1.0000,	0.0000,	0.0000,	1.2700,	1.2700,	'fixed',	0.0000,	1.2700,	0.0000,	NULL,	NULL,	NULL,	'',	NULL,	NULL,	0.0000,	NULL,	NULL,	NULL,	'',	NULL,	'2022-10-19 08:33:58',	'2022-10-19 08:33:58'),
(38,	29,	5,	5,	1.0000,	0.0000,	0.0000,	1.2700,	1.2700,	'fixed',	0.0000,	1.2700,	0.0000,	NULL,	NULL,	NULL,	'',	NULL,	NULL,	0.0000,	NULL,	NULL,	NULL,	'',	NULL,	'2022-10-18 23:32:02',	'2022-10-18 23:32:02'),
(39,	30,	5,	5,	1.0000,	0.0000,	0.0000,	1.2700,	1.2700,	'fixed',	0.0000,	1.2700,	0.0000,	NULL,	NULL,	NULL,	'',	NULL,	NULL,	0.0000,	NULL,	NULL,	NULL,	'',	NULL,	'2022-10-19 03:38:41',	'2022-10-19 03:38:41'),
(40,	31,	5,	5,	1.0000,	0.0000,	0.0000,	1.2700,	1.2700,	'fixed',	0.0000,	1.2700,	0.0000,	NULL,	NULL,	NULL,	'',	NULL,	NULL,	0.0000,	NULL,	NULL,	NULL,	'',	NULL,	'2022-10-19 03:40:14',	'2022-10-19 03:40:14'),
(41,	32,	5,	5,	1.0000,	0.0000,	0.0000,	1.2700,	1.2700,	'fixed',	0.0000,	1.2700,	0.0000,	NULL,	NULL,	NULL,	'',	NULL,	NULL,	0.0000,	NULL,	NULL,	NULL,	'',	NULL,	'2022-10-19 03:49:23',	'2022-10-19 03:49:23'),
(42,	33,	5,	5,	1.0000,	0.0000,	0.0000,	1.2700,	1.2700,	'fixed',	0.0000,	1.2700,	0.0000,	NULL,	NULL,	NULL,	'',	NULL,	NULL,	0.0000,	NULL,	NULL,	NULL,	'',	NULL,	'2022-10-20 14:10:40',	'2022-10-20 14:10:40'),
(43,	34,	5,	5,	1.0000,	0.0000,	0.0000,	1.2700,	1.2700,	'fixed',	0.0000,	1.2700,	0.0000,	NULL,	NULL,	NULL,	'',	NULL,	NULL,	0.0000,	NULL,	NULL,	NULL,	'',	NULL,	'2022-10-21 09:48:12',	'2022-10-21 09:48:12'),
(44,	35,	1,	1,	1.0000,	0.0000,	0.0000,	1.0000,	1.0000,	'fixed',	0.0000,	1.0000,	0.0000,	NULL,	NULL,	NULL,	'',	NULL,	NULL,	0.0000,	NULL,	NULL,	NULL,	'',	NULL,	'2022-10-23 22:28:44',	'2022-10-23 22:28:44'),
(45,	36,	1,	1,	2.0000,	0.0000,	0.0000,	1.0000,	1.0000,	'fixed',	0.0000,	1.0000,	0.0000,	NULL,	NULL,	NULL,	'',	NULL,	NULL,	0.0000,	NULL,	NULL,	NULL,	'',	NULL,	'2022-10-23 22:38:17',	'2022-10-23 22:38:17'),
(46,	37,	1,	1,	4.0000,	0.0000,	0.0000,	1.0000,	1.0000,	'fixed',	0.0000,	1.0000,	0.0000,	NULL,	NULL,	NULL,	'',	NULL,	NULL,	0.0000,	NULL,	NULL,	NULL,	'',	NULL,	'2022-10-23 22:40:14',	'2022-10-23 22:40:14'),
(47,	38,	5,	5,	4.0000,	0.0000,	0.0000,	1.2700,	1.2700,	'fixed',	0.0000,	1.2700,	0.0000,	NULL,	NULL,	NULL,	'',	NULL,	NULL,	0.0000,	NULL,	NULL,	NULL,	'',	NULL,	'2022-10-24 06:17:08',	'2022-10-24 06:17:08'),
(48,	39,	1,	1,	1.0000,	0.0000,	0.0000,	1.0000,	1.0000,	'fixed',	0.0000,	1.0000,	0.0000,	NULL,	NULL,	NULL,	'',	NULL,	NULL,	0.0000,	NULL,	NULL,	NULL,	'',	NULL,	'2022-10-25 19:28:30',	'2022-10-25 19:28:30'),
(49,	40,	1,	1,	5.0000,	0.0000,	0.0000,	1.0000,	1.0000,	'fixed',	0.0000,	1.0000,	0.0000,	NULL,	NULL,	NULL,	'',	NULL,	NULL,	0.0000,	NULL,	NULL,	NULL,	'',	NULL,	'2022-10-25 19:30:45',	'2022-10-25 19:30:45'),
(50,	41,	5,	5,	6.0000,	0.0000,	0.0000,	1.2700,	1.2700,	'fixed',	0.0000,	1.2700,	0.0000,	NULL,	NULL,	NULL,	'',	NULL,	NULL,	0.0000,	NULL,	NULL,	NULL,	'',	NULL,	'2022-10-25 19:32:57',	'2022-10-25 19:32:57'),
(51,	42,	1,	1,	4.0000,	0.0000,	0.0000,	1.0000,	1.0000,	'fixed',	0.0000,	1.0000,	0.0000,	NULL,	NULL,	NULL,	'',	NULL,	NULL,	0.0000,	NULL,	NULL,	NULL,	'',	NULL,	'2022-10-25 20:52:22',	'2022-10-25 20:52:22'),
(52,	43,	1,	1,	5.0000,	0.0000,	0.0000,	1.0000,	1.0000,	'fixed',	0.0000,	1.0000,	0.0000,	NULL,	NULL,	NULL,	'',	NULL,	NULL,	0.0000,	NULL,	NULL,	NULL,	'',	NULL,	'2022-10-25 20:53:12',	'2022-10-25 20:53:12'),
(53,	44,	5,	5,	1.0000,	0.0000,	0.0000,	1.2700,	1.2700,	'fixed',	0.0000,	1.2700,	0.0000,	NULL,	NULL,	NULL,	'',	NULL,	NULL,	0.0000,	NULL,	NULL,	NULL,	'',	NULL,	'2022-10-25 21:00:39',	'2022-10-25 21:00:39'),
(54,	45,	1,	1,	10.0000,	0.0000,	0.0000,	1.0000,	1.0000,	'fixed',	0.0000,	1.0000,	0.0000,	NULL,	NULL,	NULL,	'',	NULL,	NULL,	0.0000,	NULL,	NULL,	NULL,	'',	NULL,	'2022-10-25 21:50:05',	'2022-10-25 21:50:05'),
(55,	46,	1,	1,	23.0000,	0.0000,	0.0000,	1.0000,	1.0000,	'fixed',	0.0000,	1.0000,	0.0000,	NULL,	NULL,	NULL,	'',	NULL,	NULL,	0.0000,	NULL,	NULL,	NULL,	'',	NULL,	'2022-10-25 21:50:18',	'2022-10-25 21:50:18'),
(56,	47,	1,	1,	30.0000,	0.0000,	0.0000,	1.0000,	1.0000,	'fixed',	0.0000,	1.0000,	0.0000,	NULL,	NULL,	NULL,	'',	NULL,	NULL,	0.0000,	NULL,	NULL,	NULL,	'',	NULL,	'2022-10-25 21:51:05',	'2022-10-25 21:51:05'),
(57,	48,	1,	1,	30.0000,	0.0000,	0.0000,	1.0000,	1.0000,	'fixed',	0.0000,	1.0000,	0.0000,	NULL,	NULL,	NULL,	'',	NULL,	NULL,	0.0000,	NULL,	NULL,	NULL,	'',	NULL,	'2022-10-25 21:51:11',	'2022-10-25 21:51:11'),
(58,	49,	5,	5,	1.0000,	0.0000,	0.0000,	1.2700,	1.2700,	'fixed',	0.0000,	1.2700,	0.0000,	NULL,	NULL,	NULL,	'',	NULL,	NULL,	0.0000,	NULL,	NULL,	NULL,	'',	NULL,	'2022-10-25 21:52:29',	'2022-10-25 21:52:29'),
(59,	49,	1,	1,	1.0000,	0.0000,	0.0000,	1.0000,	1.0000,	'fixed',	0.0000,	1.0000,	0.0000,	NULL,	NULL,	NULL,	'',	NULL,	NULL,	0.0000,	NULL,	NULL,	NULL,	'',	NULL,	'2022-10-25 21:52:29',	'2022-10-25 21:52:29'),
(60,	50,	5,	5,	1.0000,	0.0000,	0.0000,	1.2700,	1.2700,	'fixed',	0.0000,	1.2700,	0.0000,	NULL,	NULL,	NULL,	'',	NULL,	NULL,	0.0000,	NULL,	NULL,	NULL,	'',	NULL,	'2022-10-25 22:02:01',	'2022-10-25 22:02:01'),
(61,	50,	1,	1,	1.0000,	0.0000,	0.0000,	1.0000,	1.0000,	'fixed',	0.0000,	1.0000,	0.0000,	NULL,	NULL,	NULL,	'',	NULL,	NULL,	0.0000,	NULL,	NULL,	NULL,	'',	NULL,	'2022-10-25 22:02:01',	'2022-10-25 22:02:01'),
(62,	51,	5,	5,	1.0000,	0.0000,	0.0000,	1.2700,	1.2700,	'fixed',	0.0000,	1.2700,	0.0000,	NULL,	NULL,	NULL,	'',	NULL,	NULL,	0.0000,	NULL,	NULL,	NULL,	'',	NULL,	'2022-10-25 22:03:02',	'2022-10-25 22:03:02'),
(63,	51,	1,	1,	1.0000,	0.0000,	0.0000,	1.0000,	1.0000,	'fixed',	0.0000,	1.0000,	0.0000,	NULL,	NULL,	NULL,	'',	NULL,	NULL,	0.0000,	NULL,	NULL,	NULL,	'',	NULL,	'2022-10-25 22:03:02',	'2022-10-25 22:03:02'),
(64,	52,	5,	5,	5.0000,	0.0000,	0.0000,	1.2700,	1.2700,	'fixed',	0.0000,	1.2700,	0.0000,	NULL,	NULL,	NULL,	'',	NULL,	NULL,	0.0000,	NULL,	NULL,	NULL,	'',	NULL,	'2022-10-25 22:03:26',	'2022-10-25 22:03:26'),
(65,	53,	1,	1,	7.0000,	0.0000,	0.0000,	1.0000,	1.0000,	'fixed',	0.0000,	1.0000,	0.0000,	NULL,	NULL,	NULL,	'',	NULL,	NULL,	0.0000,	NULL,	NULL,	NULL,	'',	NULL,	'2022-10-26 07:29:25',	'2022-10-26 07:29:25'),
(66,	54,	1,	1,	8.0000,	0.0000,	0.0000,	1.0000,	1.0000,	'fixed',	0.0000,	1.0000,	0.0000,	NULL,	NULL,	NULL,	'',	NULL,	NULL,	0.0000,	NULL,	NULL,	NULL,	'',	NULL,	'2022-10-28 05:29:33',	'2022-10-28 05:29:33'),
(67,	55,	5,	5,	2.0000,	0.0000,	0.0000,	1.2700,	1.2700,	'fixed',	0.0000,	1.2700,	0.0000,	NULL,	NULL,	NULL,	'',	NULL,	NULL,	0.0000,	NULL,	NULL,	NULL,	'',	NULL,	'2022-11-01 13:00:44',	'2022-11-01 13:00:44'),
(68,	56,	5,	5,	2.0000,	0.0000,	0.0000,	1.2700,	1.2700,	'fixed',	0.0000,	1.2700,	0.0000,	NULL,	NULL,	NULL,	'',	NULL,	NULL,	0.0000,	NULL,	NULL,	NULL,	'',	NULL,	'2022-11-01 13:00:50',	'2022-11-01 13:00:50'),
(69,	57,	5,	5,	2.0000,	0.0000,	0.0000,	1.2700,	1.2700,	'fixed',	0.0000,	1.2700,	0.0000,	NULL,	NULL,	NULL,	'',	NULL,	NULL,	0.0000,	NULL,	NULL,	NULL,	'',	NULL,	'2022-11-01 13:00:56',	'2022-11-01 13:00:56'),
(70,	58,	5,	5,	1.0000,	0.0000,	0.0000,	1.2700,	1.2700,	'fixed',	0.0000,	1.2700,	0.0000,	NULL,	NULL,	NULL,	'',	NULL,	NULL,	0.0000,	NULL,	NULL,	NULL,	'',	NULL,	'2022-11-01 16:04:31',	'2022-11-01 16:04:31'),
(71,	59,	5,	5,	10.0000,	0.0000,	0.0000,	1.2700,	1.2700,	'fixed',	0.0000,	1.2700,	0.0000,	NULL,	NULL,	NULL,	'',	NULL,	NULL,	0.0000,	NULL,	NULL,	NULL,	'',	NULL,	'2022-11-01 16:37:16',	'2022-11-01 16:37:16'),
(72,	60,	1,	1,	8.0000,	0.0000,	0.0000,	1.0000,	1.0000,	'fixed',	0.0000,	1.0000,	0.0000,	NULL,	NULL,	NULL,	'',	NULL,	NULL,	0.0000,	NULL,	NULL,	NULL,	'',	NULL,	'2022-11-01 16:37:38',	'2022-11-01 16:37:38'),
(73,	60,	5,	5,	13.0000,	0.0000,	0.0000,	1.2700,	1.2700,	'fixed',	0.0000,	1.2700,	0.0000,	NULL,	NULL,	NULL,	'',	NULL,	NULL,	0.0000,	NULL,	NULL,	NULL,	'',	NULL,	'2022-11-01 16:37:38',	'2022-11-01 16:37:38'),
(74,	61,	5,	5,	1.0000,	0.0000,	0.0000,	1.2700,	1.2700,	'fixed',	0.0000,	1.2700,	0.0000,	NULL,	NULL,	NULL,	'',	NULL,	NULL,	0.0000,	NULL,	NULL,	NULL,	'',	NULL,	'2022-11-02 08:28:07',	'2022-11-02 08:28:07'),
(75,	62,	5,	5,	2.0000,	0.0000,	0.0000,	1.2700,	1.2700,	'fixed',	0.0000,	1.2700,	0.0000,	NULL,	NULL,	NULL,	'',	NULL,	NULL,	0.0000,	NULL,	NULL,	NULL,	'',	NULL,	'2022-11-02 08:37:53',	'2022-11-02 08:37:53'),
(76,	63,	5,	5,	1.0000,	0.0000,	0.0000,	1.2700,	1.2700,	'fixed',	0.0000,	1.2700,	0.0000,	NULL,	NULL,	NULL,	'',	NULL,	NULL,	0.0000,	NULL,	NULL,	NULL,	'',	NULL,	'2022-11-02 08:48:13',	'2022-11-02 08:48:13'),
(77,	64,	5,	5,	1.0000,	0.0000,	0.0000,	1.2700,	1.2700,	'fixed',	0.0000,	1.2700,	0.0000,	NULL,	NULL,	NULL,	'',	NULL,	NULL,	0.0000,	NULL,	NULL,	NULL,	'',	NULL,	'2022-11-02 09:14:15',	'2022-11-02 09:14:15'),
(78,	65,	1,	1,	12.0000,	0.0000,	0.0000,	1.0000,	1.0000,	'fixed',	0.0000,	1.0000,	0.0000,	NULL,	NULL,	NULL,	'',	NULL,	NULL,	0.0000,	NULL,	NULL,	NULL,	'',	NULL,	'2022-11-02 16:00:37',	'2022-11-02 16:00:37'),
(79,	66,	1,	1,	2.0000,	0.0000,	0.0000,	1.0000,	1.0000,	'fixed',	0.0000,	1.0000,	0.0000,	NULL,	NULL,	NULL,	'',	NULL,	NULL,	0.0000,	NULL,	NULL,	NULL,	'',	NULL,	'2022-11-03 16:57:02',	'2022-11-03 16:57:02'),
(80,	67,	1,	1,	4.0000,	0.0000,	0.0000,	1.0000,	1.0000,	'fixed',	0.0000,	1.0000,	0.0000,	NULL,	NULL,	NULL,	'',	NULL,	NULL,	0.0000,	NULL,	NULL,	NULL,	'',	NULL,	'2022-11-03 17:10:24',	'2022-11-03 17:10:24'),
(83,	70,	1,	1,	13.0000,	0.0000,	0.0000,	1.0000,	1.0000,	'fixed',	0.0000,	1.0000,	0.0000,	NULL,	NULL,	NULL,	'',	NULL,	NULL,	0.0000,	NULL,	NULL,	NULL,	'',	NULL,	'2022-11-04 17:05:45',	'2022-11-04 17:05:45'),
(84,	71,	1,	1,	4.0000,	0.0000,	0.0000,	1.0000,	1.0000,	'fixed',	0.0000,	1.0000,	0.0000,	NULL,	NULL,	NULL,	'',	NULL,	NULL,	0.0000,	NULL,	NULL,	NULL,	'',	NULL,	'2022-11-04 17:26:45',	'2022-11-04 17:26:45'),
(85,	72,	1,	1,	6.0000,	0.0000,	0.0000,	1.0000,	1.0000,	'fixed',	0.0000,	1.0000,	0.0000,	NULL,	NULL,	NULL,	'',	NULL,	NULL,	0.0000,	NULL,	NULL,	NULL,	'',	NULL,	'2022-11-04 17:28:28',	'2022-11-04 17:28:28'),
(86,	73,	1,	1,	4.0000,	0.0000,	0.0000,	1.0000,	1.0000,	'fixed',	0.0000,	1.0000,	0.0000,	NULL,	NULL,	NULL,	'',	NULL,	NULL,	0.0000,	NULL,	NULL,	NULL,	'',	NULL,	'2022-11-04 17:30:01',	'2022-11-04 17:30:01'),
(87,	74,	1,	1,	6.0000,	0.0000,	0.0000,	1.0000,	1.0000,	'fixed',	0.0000,	1.0000,	0.0000,	NULL,	NULL,	NULL,	'',	NULL,	NULL,	0.0000,	NULL,	NULL,	NULL,	'',	NULL,	'2022-11-04 17:30:41',	'2022-11-04 17:30:41'),
(88,	75,	1,	1,	7.0000,	0.0000,	0.0000,	1.0000,	1.0000,	'fixed',	0.0000,	1.0000,	0.0000,	NULL,	NULL,	NULL,	'',	NULL,	NULL,	0.0000,	NULL,	NULL,	NULL,	'',	NULL,	'2022-11-04 17:32:17',	'2022-11-04 17:32:17'),
(89,	76,	1,	1,	4.0000,	0.0000,	0.0000,	1.0000,	1.0000,	'fixed',	0.0000,	1.0000,	0.0000,	NULL,	NULL,	NULL,	'',	NULL,	NULL,	0.0000,	NULL,	NULL,	NULL,	'',	NULL,	'2022-11-04 17:33:06',	'2022-11-04 17:33:06'),
(90,	77,	1,	1,	5.0000,	0.0000,	0.0000,	1.0000,	1.0000,	'fixed',	0.0000,	1.0000,	0.0000,	NULL,	NULL,	NULL,	'',	NULL,	NULL,	0.0000,	NULL,	NULL,	NULL,	'',	NULL,	'2022-11-04 17:42:52',	'2022-11-04 17:42:52'),
(91,	78,	1,	1,	4.0000,	0.0000,	0.0000,	1.0000,	1.0000,	'fixed',	0.0000,	1.0000,	0.0000,	NULL,	NULL,	NULL,	'',	NULL,	NULL,	0.0000,	NULL,	NULL,	NULL,	'',	NULL,	'2022-11-04 17:45:03',	'2022-11-04 17:45:03'),
(92,	79,	1,	1,	4.0000,	0.0000,	0.0000,	1.0000,	1.0000,	'fixed',	0.0000,	1.0000,	0.0000,	NULL,	NULL,	NULL,	'',	NULL,	NULL,	0.0000,	NULL,	NULL,	NULL,	'',	NULL,	'2022-11-04 17:52:46',	'2022-11-04 17:52:46'),
(93,	80,	1,	1,	8.0000,	0.0000,	0.0000,	1.0000,	1.0000,	'fixed',	0.0000,	1.0000,	0.0000,	NULL,	NULL,	NULL,	'',	NULL,	NULL,	0.0000,	NULL,	NULL,	NULL,	'',	NULL,	'2022-11-04 17:55:36',	'2022-11-04 17:55:36'),
(94,	81,	1,	1,	5.0000,	0.0000,	0.0000,	1.0000,	1.0000,	'fixed',	0.0000,	1.0000,	0.0000,	NULL,	NULL,	NULL,	'',	NULL,	NULL,	0.0000,	NULL,	NULL,	NULL,	'',	NULL,	'2022-11-04 17:56:20',	'2022-11-04 17:56:20'),
(95,	82,	1,	1,	6.0000,	0.0000,	0.0000,	1.0000,	1.0000,	'fixed',	0.0000,	1.0000,	0.0000,	NULL,	NULL,	NULL,	'',	NULL,	NULL,	0.0000,	NULL,	NULL,	NULL,	'',	NULL,	'2022-11-04 17:57:46',	'2022-11-04 17:57:46'),
(96,	83,	1,	1,	5.0000,	0.0000,	0.0000,	1.0000,	1.0000,	'fixed',	0.0000,	1.0000,	0.0000,	NULL,	NULL,	NULL,	'',	NULL,	NULL,	0.0000,	NULL,	NULL,	NULL,	'',	NULL,	'2022-11-04 18:00:53',	'2022-11-04 18:00:53'),
(97,	84,	1,	1,	12.0000,	0.0000,	0.0000,	1.0000,	1.0000,	'fixed',	0.0000,	1.0000,	0.0000,	NULL,	NULL,	NULL,	'',	NULL,	NULL,	0.0000,	NULL,	NULL,	NULL,	'',	NULL,	'2022-11-04 18:04:38',	'2022-11-04 18:04:38'),
(98,	85,	1,	1,	12.0000,	0.0000,	0.0000,	1.0000,	1.0000,	'fixed',	0.0000,	1.0000,	0.0000,	NULL,	NULL,	NULL,	'',	NULL,	NULL,	0.0000,	NULL,	NULL,	NULL,	'',	NULL,	'2022-11-04 18:06:03',	'2022-11-04 18:06:03'),
(99,	86,	1,	1,	7.0000,	0.0000,	0.0000,	1.0000,	1.0000,	'fixed',	0.0000,	1.0000,	0.0000,	NULL,	NULL,	NULL,	'',	NULL,	NULL,	0.0000,	NULL,	NULL,	NULL,	'',	NULL,	'2022-11-04 18:06:23',	'2022-11-04 18:06:23'),
(100,	87,	1,	1,	5.0000,	0.0000,	0.0000,	1.0000,	1.0000,	'fixed',	0.0000,	1.0000,	0.0000,	NULL,	NULL,	NULL,	'',	NULL,	NULL,	0.0000,	NULL,	NULL,	NULL,	'',	NULL,	'2022-11-04 18:11:19',	'2022-11-04 18:11:19'),
(101,	88,	1,	1,	8.0000,	0.0000,	0.0000,	1.0000,	1.0000,	'fixed',	0.0000,	1.0000,	0.0000,	NULL,	NULL,	NULL,	'',	NULL,	NULL,	0.0000,	NULL,	NULL,	NULL,	'',	NULL,	'2022-11-04 18:12:15',	'2022-11-04 18:12:15'),
(102,	89,	1,	1,	5.0000,	0.0000,	0.0000,	1.0000,	1.0000,	'fixed',	0.0000,	1.0000,	0.0000,	NULL,	NULL,	NULL,	'',	NULL,	NULL,	0.0000,	NULL,	NULL,	NULL,	'',	NULL,	'2022-11-04 18:13:59',	'2022-11-04 18:13:59'),
(103,	90,	1,	1,	8.0000,	0.0000,	0.0000,	1.0000,	1.0000,	'fixed',	0.0000,	1.0000,	0.0000,	NULL,	NULL,	NULL,	'',	NULL,	NULL,	0.0000,	NULL,	NULL,	NULL,	'',	NULL,	'2022-11-04 18:15:20',	'2022-11-04 18:15:20'),
(104,	91,	1,	1,	4.0000,	0.0000,	0.0000,	1.0000,	1.0000,	'fixed',	0.0000,	1.0000,	0.0000,	NULL,	NULL,	NULL,	'',	NULL,	NULL,	0.0000,	NULL,	NULL,	NULL,	'',	NULL,	'2022-11-04 18:23:11',	'2022-11-04 18:23:11'),
(105,	92,	1,	1,	6.0000,	0.0000,	0.0000,	1.0000,	1.0000,	'fixed',	0.0000,	1.0000,	0.0000,	NULL,	NULL,	NULL,	'',	NULL,	NULL,	0.0000,	NULL,	NULL,	NULL,	'',	NULL,	'2022-11-04 18:25:39',	'2022-11-04 18:25:39'),
(106,	93,	1,	1,	12.0000,	0.0000,	0.0000,	1.0000,	1.0000,	'fixed',	0.0000,	1.0000,	0.0000,	NULL,	NULL,	NULL,	'',	NULL,	NULL,	0.0000,	NULL,	NULL,	NULL,	'',	NULL,	'2022-11-04 18:31:58',	'2022-11-04 18:31:58'),
(107,	94,	1,	1,	10.0000,	0.0000,	0.0000,	1.0000,	1.0000,	'fixed',	0.0000,	1.0000,	0.0000,	NULL,	NULL,	NULL,	'',	NULL,	NULL,	0.0000,	NULL,	NULL,	NULL,	'',	NULL,	'2022-11-04 18:36:57',	'2022-11-04 18:36:57'),
(108,	95,	1,	1,	3.0000,	0.0000,	0.0000,	1.0000,	1.0000,	'fixed',	0.0000,	1.0000,	0.0000,	NULL,	NULL,	NULL,	'',	NULL,	NULL,	0.0000,	NULL,	NULL,	NULL,	'',	NULL,	'2022-11-04 18:42:01',	'2022-11-04 18:42:01'),
(109,	96,	1,	1,	4.0000,	0.0000,	0.0000,	1.0000,	1.0000,	'fixed',	0.0000,	1.0000,	0.0000,	NULL,	NULL,	NULL,	'',	NULL,	NULL,	0.0000,	NULL,	NULL,	NULL,	'',	NULL,	'2022-11-04 18:44:10',	'2022-11-04 18:44:10'),
(110,	97,	5,	5,	4.0000,	0.0000,	0.0000,	1.2700,	1.2700,	'fixed',	0.0000,	1.2700,	0.0000,	NULL,	NULL,	NULL,	'',	NULL,	NULL,	0.0000,	NULL,	NULL,	NULL,	'',	NULL,	'2022-11-05 02:25:34',	'2022-11-05 02:25:34'),
(111,	98,	5,	5,	3.0000,	0.0000,	0.0000,	1.2700,	1.2700,	'fixed',	0.0000,	1.2700,	0.0000,	NULL,	NULL,	NULL,	'',	NULL,	NULL,	0.0000,	NULL,	NULL,	NULL,	'',	NULL,	'2022-11-05 07:01:07',	'2022-11-05 07:01:07'),
(112,	99,	5,	5,	2.0000,	0.0000,	0.0000,	1.2700,	1.2700,	'fixed',	0.0000,	1.2700,	0.0000,	NULL,	NULL,	NULL,	'',	NULL,	NULL,	0.0000,	NULL,	NULL,	NULL,	'',	NULL,	'2022-11-06 01:15:13',	'2022-11-06 01:15:13'),
(113,	100,	1,	1,	6.0000,	0.0000,	0.0000,	1.0000,	1.0000,	'fixed',	0.0000,	1.0000,	0.0000,	NULL,	NULL,	NULL,	'',	NULL,	NULL,	0.0000,	NULL,	NULL,	NULL,	'',	NULL,	'2022-11-06 05:40:28',	'2022-11-06 05:40:28'),
(114,	101,	1,	1,	9.0000,	0.0000,	0.0000,	1.0000,	1.0000,	'fixed',	0.0000,	1.0000,	0.0000,	NULL,	NULL,	NULL,	'',	NULL,	NULL,	0.0000,	NULL,	NULL,	NULL,	'',	NULL,	'2022-11-06 05:44:20',	'2022-11-06 05:44:20'),
(115,	102,	1,	1,	7.0000,	0.0000,	0.0000,	1.0000,	1.0000,	'fixed',	0.0000,	1.0000,	0.0000,	NULL,	NULL,	NULL,	'',	NULL,	NULL,	0.0000,	NULL,	NULL,	NULL,	'',	NULL,	'2022-11-06 05:45:57',	'2022-11-06 05:45:57'),
(116,	103,	1,	1,	6.0000,	0.0000,	0.0000,	1.0000,	1.0000,	'fixed',	0.0000,	1.0000,	0.0000,	NULL,	NULL,	NULL,	'',	NULL,	NULL,	0.0000,	NULL,	NULL,	NULL,	'',	NULL,	'2022-11-06 05:46:08',	'2022-11-06 05:46:08'),
(117,	104,	1,	1,	9.0000,	0.0000,	0.0000,	1.0000,	1.0000,	'fixed',	0.0000,	1.0000,	0.0000,	NULL,	NULL,	NULL,	'',	NULL,	NULL,	0.0000,	NULL,	NULL,	NULL,	'',	NULL,	'2022-11-06 06:15:03',	'2022-11-06 06:15:03'),
(118,	105,	1,	1,	11.0000,	0.0000,	0.0000,	1.0000,	1.0000,	'fixed',	0.0000,	1.0000,	0.0000,	NULL,	NULL,	NULL,	'',	NULL,	NULL,	0.0000,	NULL,	NULL,	NULL,	'',	NULL,	'2022-11-06 06:25:58',	'2022-11-06 06:25:58'),
(119,	107,	5,	5,	3.0000,	0.0000,	0.0000,	1.2700,	1.2700,	'fixed',	0.0000,	1.2700,	0.0000,	NULL,	NULL,	NULL,	'',	NULL,	NULL,	0.0000,	NULL,	NULL,	NULL,	'',	NULL,	'2022-11-06 16:07:21',	'2022-11-06 16:07:21'),
(120,	110,	7,	7,	1.0000,	0.0000,	0.0000,	12.5000,	12.5000,	'fixed',	0.0000,	12.5000,	0.0000,	NULL,	NULL,	NULL,	'',	NULL,	NULL,	0.0000,	NULL,	NULL,	NULL,	'',	NULL,	'2022-11-06 16:28:53',	'2022-11-06 16:28:53'),
(121,	110,	8,	8,	1.0000,	0.0000,	0.0000,	12.5000,	12.5000,	'fixed',	0.0000,	12.5000,	0.0000,	NULL,	NULL,	NULL,	'',	NULL,	NULL,	0.0000,	NULL,	NULL,	NULL,	'',	NULL,	'2022-11-06 16:28:53',	'2022-11-06 16:28:53'),
(122,	111,	5,	5,	2.0000,	0.0000,	0.0000,	1.2700,	1.2700,	'fixed',	0.0000,	1.2700,	0.0000,	NULL,	NULL,	NULL,	'',	NULL,	NULL,	0.0000,	NULL,	NULL,	NULL,	'',	NULL,	'2022-11-06 16:42:51',	'2022-11-06 16:42:51'),
(123,	123,	14,	14,	1.0000,	0.0000,	0.0000,	5.3600,	5.3600,	'fixed',	0.0000,	5.3600,	0.0000,	NULL,	NULL,	NULL,	'',	NULL,	NULL,	0.0000,	NULL,	NULL,	NULL,	'',	NULL,	'2022-11-06 18:29:25',	'2022-11-06 18:29:25'),
(124,	123,	16,	16,	1.0000,	0.0000,	0.0000,	1.2400,	1.2400,	'fixed',	0.0000,	1.2400,	0.0000,	NULL,	NULL,	NULL,	'',	NULL,	NULL,	0.0000,	NULL,	NULL,	NULL,	'',	NULL,	'2022-11-06 18:29:25',	'2022-11-06 18:29:25'),
(125,	123,	9,	9,	1.0000,	0.0000,	0.0000,	2.8500,	2.8500,	'fixed',	0.0000,	2.8500,	0.0000,	NULL,	NULL,	NULL,	'',	NULL,	NULL,	0.0000,	NULL,	NULL,	NULL,	'',	NULL,	'2022-11-06 18:29:25',	'2022-11-06 18:29:25'),
(126,	124,	14,	14,	1.0000,	0.0000,	0.0000,	5.3600,	5.3600,	'fixed',	0.0000,	5.3600,	0.0000,	NULL,	NULL,	NULL,	'',	NULL,	NULL,	0.0000,	NULL,	NULL,	NULL,	'',	NULL,	'2022-11-07 01:07:15',	'2022-11-07 01:07:15'),
(127,	125,	1,	1,	2.0000,	0.0000,	0.0000,	1.0000,	1.0000,	'fixed',	0.0000,	1.0000,	0.0000,	NULL,	NULL,	NULL,	'',	NULL,	NULL,	0.0000,	NULL,	NULL,	NULL,	'',	NULL,	'2022-11-07 13:08:02',	'2022-11-07 13:08:02'),
(128,	126,	14,	14,	1.0000,	0.0000,	0.0000,	5.3600,	5.3600,	'fixed',	0.0000,	5.3600,	0.0000,	NULL,	NULL,	NULL,	'',	NULL,	NULL,	0.0000,	NULL,	NULL,	NULL,	'',	NULL,	'2022-11-08 01:59:29',	'2022-11-08 01:59:29'),
(129,	126,	10,	10,	1.0000,	0.0000,	0.0000,	1.9900,	1.9900,	'fixed',	0.0000,	1.9900,	0.0000,	NULL,	NULL,	NULL,	'',	NULL,	NULL,	0.0000,	NULL,	NULL,	NULL,	'',	NULL,	'2022-11-08 01:59:29',	'2022-11-08 01:59:29'),
(130,	126,	9,	9,	1.0000,	0.0000,	0.0000,	2.8500,	2.8500,	'fixed',	0.0000,	2.8500,	0.0000,	NULL,	NULL,	NULL,	'',	NULL,	NULL,	0.0000,	NULL,	NULL,	NULL,	'',	NULL,	'2022-11-08 01:59:29',	'2022-11-08 01:59:29'),
(131,	127,	14,	14,	1.0000,	0.0000,	0.0000,	5.3600,	5.3600,	'fixed',	0.0000,	5.3600,	0.0000,	NULL,	NULL,	NULL,	'',	NULL,	NULL,	0.0000,	NULL,	NULL,	NULL,	'',	NULL,	'2022-11-08 11:38:53',	'2022-11-08 11:38:53'),
(132,	127,	10,	10,	1.0000,	0.0000,	0.0000,	1.9900,	1.9900,	'fixed',	0.0000,	1.9900,	0.0000,	NULL,	NULL,	NULL,	'',	NULL,	NULL,	0.0000,	NULL,	NULL,	NULL,	'',	NULL,	'2022-11-08 11:38:53',	'2022-11-08 11:38:53'),
(133,	128,	14,	14,	1.0000,	0.0000,	0.0000,	5.3600,	5.3600,	'fixed',	0.0000,	5.3600,	0.0000,	NULL,	NULL,	NULL,	'',	NULL,	NULL,	0.0000,	NULL,	NULL,	NULL,	'',	NULL,	'2022-11-11 00:41:04',	'2022-11-11 00:41:04'),
(134,	128,	16,	16,	1.0000,	0.0000,	0.0000,	1.2400,	1.2400,	'fixed',	0.0000,	1.2400,	0.0000,	NULL,	NULL,	NULL,	'',	NULL,	NULL,	0.0000,	NULL,	NULL,	NULL,	'',	NULL,	'2022-11-11 00:41:04',	'2022-11-11 00:41:04'),
(135,	128,	9,	9,	1.0000,	0.0000,	0.0000,	2.8500,	2.8500,	'fixed',	0.0000,	2.8500,	0.0000,	NULL,	NULL,	NULL,	'',	NULL,	NULL,	0.0000,	NULL,	NULL,	NULL,	'',	NULL,	'2022-11-11 00:41:04',	'2022-11-11 00:41:04'),
(136,	129,	11,	11,	1.0000,	0.0000,	0.0000,	6.4900,	6.4900,	'fixed',	0.0000,	6.4900,	0.0000,	NULL,	NULL,	NULL,	'',	NULL,	NULL,	0.0000,	NULL,	NULL,	NULL,	'',	NULL,	'2022-11-11 00:43:40',	'2022-11-11 00:43:40'),
(137,	129,	10,	10,	1.0000,	0.0000,	0.0000,	1.9900,	1.9900,	'fixed',	0.0000,	1.9900,	0.0000,	NULL,	NULL,	NULL,	'',	NULL,	NULL,	0.0000,	NULL,	NULL,	NULL,	'',	NULL,	'2022-11-11 00:43:40',	'2022-11-11 00:43:40'),
(138,	129,	9,	9,	1.0000,	0.0000,	0.0000,	2.8500,	2.8500,	'fixed',	0.0000,	2.8500,	0.0000,	NULL,	NULL,	NULL,	'',	NULL,	NULL,	0.0000,	NULL,	NULL,	NULL,	'',	NULL,	'2022-11-11 00:43:40',	'2022-11-11 00:43:40'),
(139,	130,	1,	1,	1.0000,	0.0000,	0.0000,	1.0000,	1.0000,	'fixed',	0.0000,	1.0000,	0.0000,	NULL,	NULL,	NULL,	'',	NULL,	NULL,	0.0000,	NULL,	NULL,	NULL,	'',	NULL,	'2022-11-21 15:43:51',	'2022-11-21 15:43:51'),
(140,	131,	14,	14,	1.0000,	0.0000,	0.0000,	5.3600,	5.3600,	'fixed',	0.0000,	5.3600,	0.0000,	NULL,	NULL,	NULL,	'',	NULL,	NULL,	0.0000,	NULL,	NULL,	NULL,	'',	NULL,	'2022-11-21 16:04:20',	'2022-11-21 16:04:20'),
(141,	131,	12,	12,	1.0000,	0.0000,	0.0000,	2.9400,	2.9400,	'fixed',	0.0000,	2.9400,	0.0000,	NULL,	NULL,	NULL,	'',	NULL,	NULL,	0.0000,	NULL,	NULL,	NULL,	'',	NULL,	'2022-11-21 16:04:20',	'2022-11-21 16:04:20'),
(142,	131,	10,	10,	1.0000,	0.0000,	0.0000,	1.9900,	1.9900,	'fixed',	0.0000,	1.9900,	0.0000,	NULL,	NULL,	NULL,	'',	NULL,	NULL,	0.0000,	NULL,	NULL,	NULL,	'',	NULL,	'2022-11-21 16:04:20',	'2022-11-21 16:04:20'),
(143,	132,	14,	14,	1.0000,	0.0000,	0.0000,	5.3600,	5.3600,	'fixed',	0.0000,	5.3600,	0.0000,	NULL,	NULL,	NULL,	'',	NULL,	NULL,	0.0000,	NULL,	NULL,	NULL,	'',	NULL,	'2022-11-21 16:08:14',	'2022-11-21 16:08:14'),
(144,	132,	10,	10,	1.0000,	0.0000,	0.0000,	1.9900,	1.9900,	'fixed',	0.0000,	1.9900,	0.0000,	NULL,	NULL,	NULL,	'',	NULL,	NULL,	0.0000,	NULL,	NULL,	NULL,	'',	NULL,	'2022-11-21 16:08:14',	'2022-11-21 16:08:14'),
(145,	132,	12,	12,	1.0000,	0.0000,	0.0000,	2.9400,	2.9400,	'fixed',	0.0000,	2.9400,	0.0000,	NULL,	NULL,	NULL,	'',	NULL,	NULL,	0.0000,	NULL,	NULL,	NULL,	'',	NULL,	'2022-11-21 16:08:14',	'2022-11-21 16:08:14'),
(146,	133,	14,	14,	1.0000,	0.0000,	0.0000,	5.3600,	5.3600,	'fixed',	0.0000,	5.3600,	0.0000,	NULL,	NULL,	NULL,	'',	NULL,	NULL,	0.0000,	NULL,	NULL,	NULL,	'',	NULL,	'2022-11-21 16:08:51',	'2022-11-21 16:08:51'),
(147,	133,	10,	10,	1.0000,	0.0000,	0.0000,	1.9900,	1.9900,	'fixed',	0.0000,	1.9900,	0.0000,	NULL,	NULL,	NULL,	'',	NULL,	NULL,	0.0000,	NULL,	NULL,	NULL,	'',	NULL,	'2022-11-21 16:08:51',	'2022-11-21 16:08:51'),
(148,	133,	12,	12,	1.0000,	0.0000,	0.0000,	2.9400,	2.9400,	'fixed',	0.0000,	2.9400,	0.0000,	NULL,	NULL,	NULL,	'',	NULL,	NULL,	0.0000,	NULL,	NULL,	NULL,	'',	NULL,	'2022-11-21 16:08:51',	'2022-11-21 16:08:51'),
(149,	134,	14,	14,	1.0000,	0.0000,	0.0000,	5.3600,	5.3600,	'fixed',	0.0000,	5.3600,	0.0000,	NULL,	NULL,	NULL,	'',	NULL,	NULL,	0.0000,	NULL,	NULL,	NULL,	'',	NULL,	'2022-11-21 16:13:12',	'2022-11-21 16:13:12'),
(150,	134,	10,	10,	1.0000,	0.0000,	0.0000,	1.9900,	1.9900,	'fixed',	0.0000,	1.9900,	0.0000,	NULL,	NULL,	NULL,	'',	NULL,	NULL,	0.0000,	NULL,	NULL,	NULL,	'',	NULL,	'2022-11-21 16:13:12',	'2022-11-21 16:13:12'),
(151,	134,	12,	12,	1.0000,	0.0000,	0.0000,	2.9400,	2.9400,	'fixed',	0.0000,	2.9400,	0.0000,	NULL,	NULL,	NULL,	'',	NULL,	NULL,	0.0000,	NULL,	NULL,	NULL,	'',	NULL,	'2022-11-21 16:13:12',	'2022-11-21 16:13:12'),
(152,	135,	14,	14,	1.0000,	0.0000,	0.0000,	5.3600,	5.3600,	'fixed',	0.0000,	5.3600,	0.0000,	NULL,	NULL,	NULL,	'',	NULL,	NULL,	0.0000,	NULL,	NULL,	NULL,	'',	NULL,	'2022-11-21 16:22:21',	'2022-11-21 16:22:21'),
(153,	135,	10,	10,	1.0000,	0.0000,	0.0000,	1.9900,	1.9900,	'fixed',	0.0000,	1.9900,	0.0000,	NULL,	NULL,	NULL,	'',	NULL,	NULL,	0.0000,	NULL,	NULL,	NULL,	'',	NULL,	'2022-11-21 16:22:21',	'2022-11-21 16:22:21'),
(154,	135,	12,	12,	1.0000,	0.0000,	0.0000,	2.9400,	2.9400,	'fixed',	0.0000,	2.9400,	0.0000,	NULL,	NULL,	NULL,	'',	NULL,	NULL,	0.0000,	NULL,	NULL,	NULL,	'',	NULL,	'2022-11-21 16:22:21',	'2022-11-21 16:22:21'),
(155,	136,	14,	14,	1.0000,	0.0000,	0.0000,	5.3600,	5.3600,	'fixed',	0.0000,	5.3600,	0.0000,	NULL,	NULL,	NULL,	'',	NULL,	NULL,	0.0000,	NULL,	NULL,	NULL,	'',	NULL,	'2022-11-21 16:23:47',	'2022-11-21 16:23:47'),
(156,	136,	10,	10,	1.0000,	0.0000,	0.0000,	1.9900,	1.9900,	'fixed',	0.0000,	1.9900,	0.0000,	NULL,	NULL,	NULL,	'',	NULL,	NULL,	0.0000,	NULL,	NULL,	NULL,	'',	NULL,	'2022-11-21 16:23:47',	'2022-11-21 16:23:47'),
(157,	136,	12,	12,	1.0000,	0.0000,	0.0000,	2.9400,	2.9400,	'fixed',	0.0000,	2.9400,	0.0000,	NULL,	NULL,	NULL,	'',	NULL,	NULL,	0.0000,	NULL,	NULL,	NULL,	'',	NULL,	'2022-11-21 16:23:47',	'2022-11-21 16:23:47'),
(158,	137,	14,	14,	1.0000,	0.0000,	0.0000,	5.3600,	5.3600,	'fixed',	0.0000,	5.3600,	0.0000,	NULL,	NULL,	NULL,	'',	NULL,	NULL,	0.0000,	NULL,	NULL,	NULL,	'',	NULL,	'2022-11-21 16:25:54',	'2022-11-21 16:25:54'),
(159,	137,	10,	10,	1.0000,	0.0000,	0.0000,	1.9900,	1.9900,	'fixed',	0.0000,	1.9900,	0.0000,	NULL,	NULL,	NULL,	'',	NULL,	NULL,	0.0000,	NULL,	NULL,	NULL,	'',	NULL,	'2022-11-21 16:25:54',	'2022-11-21 16:25:54'),
(160,	137,	12,	12,	1.0000,	0.0000,	0.0000,	2.9400,	2.9400,	'fixed',	0.0000,	2.9400,	0.0000,	NULL,	NULL,	NULL,	'',	NULL,	NULL,	0.0000,	NULL,	NULL,	NULL,	'',	NULL,	'2022-11-21 16:25:54',	'2022-11-21 16:25:54'),
(161,	138,	12,	12,	1.0000,	0.0000,	0.0000,	2.9400,	2.9400,	'fixed',	0.0000,	2.9400,	0.0000,	NULL,	NULL,	NULL,	'',	NULL,	NULL,	0.0000,	NULL,	NULL,	NULL,	'',	NULL,	'2022-11-22 08:57:44',	'2022-11-22 08:57:44'),
(162,	138,	5,	5,	1.0000,	0.0000,	0.0000,	1.2700,	1.2700,	'fixed',	0.0000,	1.2700,	0.0000,	NULL,	NULL,	NULL,	'',	NULL,	NULL,	0.0000,	NULL,	NULL,	NULL,	'',	NULL,	'2022-11-22 08:57:44',	'2022-11-22 08:57:44'),
(163,	139,	16,	16,	1.0000,	0.0000,	0.0000,	1.2400,	1.2400,	'fixed',	0.0000,	1.2400,	0.0000,	NULL,	NULL,	NULL,	'',	NULL,	NULL,	0.0000,	NULL,	NULL,	NULL,	'',	NULL,	'2023-01-14 18:42:52',	'2023-01-14 18:42:52'),
(164,	139,	11,	11,	1.0000,	0.0000,	0.0000,	6.4900,	6.4900,	'fixed',	0.0000,	6.4900,	0.0000,	NULL,	NULL,	NULL,	'',	NULL,	NULL,	0.0000,	NULL,	NULL,	NULL,	'',	NULL,	'2023-01-14 18:42:52',	'2023-01-14 18:42:52'),
(165,	140,	14,	14,	1.0000,	0.0000,	0.0000,	5.3600,	5.3600,	'fixed',	0.0000,	5.3600,	0.0000,	NULL,	NULL,	NULL,	'',	NULL,	NULL,	0.0000,	NULL,	NULL,	NULL,	'',	NULL,	'2023-01-30 19:20:53',	'2023-01-30 19:20:53'),
(166,	140,	10,	10,	1.0000,	0.0000,	0.0000,	1.9900,	1.9900,	'fixed',	0.0000,	1.9900,	0.0000,	NULL,	NULL,	NULL,	'',	NULL,	NULL,	0.0000,	NULL,	NULL,	NULL,	'',	NULL,	'2023-01-30 19:20:53',	'2023-01-30 19:20:53'),
(167,	141,	18,	18,	1.0000,	0.0000,	0.0000,	13.7400,	13.7400,	'fixed',	0.0000,	13.7400,	0.0000,	NULL,	NULL,	NULL,	'',	NULL,	NULL,	0.0000,	NULL,	NULL,	NULL,	'',	NULL,	'2024-08-13 15:58:08',	'2024-08-13 15:58:08'),
(168,	141,	19,	19,	1.0000,	0.0000,	0.0000,	0.6000,	0.6000,	NULL,	0.0000,	0.6000,	0.0000,	NULL,	NULL,	NULL,	NULL,	NULL,	NULL,	0.0000,	NULL,	NULL,	167,	'modifier',	NULL,	'2024-08-13 15:58:08',	'2024-08-13 15:58:08'),
(169,	142,	18,	18,	1.0000,	0.0000,	0.0000,	13.7400,	13.7400,	'fixed',	0.0000,	13.7400,	0.0000,	NULL,	NULL,	NULL,	'',	NULL,	NULL,	0.0000,	NULL,	NULL,	NULL,	'',	NULL,	'2024-08-13 16:01:17',	'2024-08-13 16:01:17'),
(170,	142,	19,	19,	1.0000,	0.0000,	0.0000,	0.6000,	0.6000,	NULL,	0.0000,	0.6000,	0.0000,	NULL,	NULL,	NULL,	NULL,	NULL,	NULL,	0.0000,	NULL,	NULL,	169,	'modifier',	NULL,	'2024-08-13 16:01:17',	'2024-08-13 16:01:17');

DROP TABLE IF EXISTS `transaction_sell_lines_purchase_lines`;
CREATE TABLE `transaction_sell_lines_purchase_lines` (
  `id` int(10) unsigned NOT NULL AUTO_INCREMENT,
  `sell_line_id` int(10) unsigned DEFAULT NULL COMMENT 'id from transaction_sell_lines',
  `stock_adjustment_line_id` int(10) unsigned DEFAULT NULL COMMENT 'id from stock_adjustment_lines',
  `purchase_line_id` int(10) unsigned NOT NULL COMMENT 'id from purchase_lines',
  `quantity` decimal(22,4) NOT NULL,
  `qty_returned` decimal(22,4) NOT NULL DEFAULT 0.0000,
  `created_at` timestamp NULL DEFAULT NULL,
  `updated_at` timestamp NULL DEFAULT NULL,
  PRIMARY KEY (`id`),
  KEY `sell_line_id` (`sell_line_id`),
  KEY `stock_adjustment_line_id` (`stock_adjustment_line_id`),
  KEY `purchase_line_id` (`purchase_line_id`)
) ENGINE=InnoDB DEFAULT CHARSET=utf8mb4 COLLATE=utf8mb4_unicode_ci;

INSERT INTO `transaction_sell_lines_purchase_lines` (`id`, `sell_line_id`, `stock_adjustment_line_id`, `purchase_line_id`, `quantity`, `qty_returned`, `created_at`, `updated_at`) VALUES
(1,	9,	NULL,	2,	1.0000,	0.0000,	'2022-04-18 20:45:07',	'2022-04-18 20:45:07'),
(2,	13,	NULL,	2,	1.0000,	0.0000,	'2022-09-04 03:20:05',	'2022-09-04 03:20:05'),
(3,	15,	NULL,	2,	1.0000,	0.0000,	'2022-09-04 03:36:09',	'2022-09-04 03:36:09'),
(4,	16,	NULL,	1,	1.0000,	0.0000,	'2022-09-04 03:36:09',	'2022-09-04 03:36:09'),
(5,	17,	NULL,	2,	1.0000,	0.0000,	'2022-09-04 03:45:57',	'2022-09-04 03:45:57'),
(6,	19,	NULL,	2,	1.0000,	0.0000,	'2022-09-04 03:49:40',	'2022-09-04 03:49:40'),
(7,	21,	NULL,	2,	1.0000,	0.0000,	'2022-09-04 06:00:40',	'2022-09-04 06:00:40'),
(8,	23,	NULL,	2,	1.0000,	0.0000,	'2022-09-04 06:44:06',	'2022-09-04 06:44:06'),
(9,	25,	NULL,	2,	1.0000,	0.0000,	'2022-09-04 06:54:11',	'2022-09-04 06:54:11'),
(10,	27,	NULL,	2,	2.0000,	0.0000,	'2022-09-04 07:13:10',	'2022-09-04 07:13:10'),
(11,	29,	NULL,	3,	2.0000,	0.0000,	'2022-09-04 07:43:50',	'2022-09-04 07:43:50'),
(12,	31,	NULL,	3,	1.0000,	0.0000,	'2022-09-04 07:46:16',	'2022-09-04 07:46:16'),
(13,	33,	NULL,	3,	1.0000,	0.0000,	'2022-10-14 03:38:16',	'2022-10-14 03:38:16'),
(14,	35,	NULL,	3,	2.0000,	0.0000,	'2022-10-19 08:16:26',	'2022-10-19 08:16:26'),
(15,	36,	NULL,	3,	1.0000,	0.0000,	'2022-10-19 08:26:59',	'2022-10-19 08:26:59'),
(16,	37,	NULL,	3,	1.0000,	0.0000,	'2022-10-19 08:33:58',	'2022-10-19 08:33:58'),
(17,	38,	NULL,	3,	1.0000,	0.0000,	'2022-10-18 23:32:02',	'2022-10-18 23:32:02'),
(18,	39,	NULL,	3,	1.0000,	0.0000,	'2022-10-19 03:38:41',	'2022-10-19 03:38:41'),
(19,	40,	NULL,	3,	1.0000,	0.0000,	'2022-10-19 03:40:14',	'2022-10-19 03:40:14'),
(20,	41,	NULL,	3,	1.0000,	0.0000,	'2022-10-19 03:49:23',	'2022-10-19 03:49:23'),
(21,	42,	NULL,	3,	1.0000,	0.0000,	'2022-10-20 14:10:40',	'2022-10-20 14:10:40'),
(22,	43,	NULL,	3,	1.0000,	0.0000,	'2022-10-21 09:48:12',	'2022-10-21 09:48:12'),
(23,	47,	NULL,	3,	4.0000,	0.0000,	'2022-10-24 06:17:08',	'2022-10-24 06:17:08'),
(24,	50,	NULL,	3,	6.0000,	0.0000,	'2022-10-25 19:32:57',	'2022-10-25 19:32:57'),
(25,	53,	NULL,	3,	1.0000,	0.0000,	'2022-10-25 21:00:39',	'2022-10-25 21:00:39'),
(26,	58,	NULL,	3,	1.0000,	0.0000,	'2022-10-25 21:52:29',	'2022-10-25 21:52:29'),
(27,	60,	NULL,	3,	1.0000,	0.0000,	'2022-10-25 22:02:01',	'2022-10-25 22:02:01'),
(28,	62,	NULL,	3,	1.0000,	0.0000,	'2022-10-25 22:03:02',	'2022-10-25 22:03:02'),
(29,	64,	NULL,	3,	5.0000,	0.0000,	'2022-10-25 22:03:26',	'2022-10-25 22:03:26'),
(30,	67,	NULL,	3,	2.0000,	0.0000,	'2022-11-01 13:00:44',	'2022-11-01 13:00:44'),
(31,	68,	NULL,	3,	2.0000,	0.0000,	'2022-11-01 13:00:50',	'2022-11-01 13:00:50'),
(32,	69,	NULL,	3,	2.0000,	0.0000,	'2022-11-01 13:00:56',	'2022-11-01 13:00:56'),
(33,	70,	NULL,	3,	1.0000,	0.0000,	'2022-11-01 16:04:32',	'2022-11-01 16:04:32'),
(34,	71,	NULL,	3,	10.0000,	0.0000,	'2022-11-01 16:37:16',	'2022-11-01 16:37:16'),
(35,	73,	NULL,	3,	13.0000,	0.0000,	'2022-11-01 16:37:38',	'2022-11-01 16:37:38'),
(36,	74,	NULL,	3,	1.0000,	0.0000,	'2022-11-02 08:28:07',	'2022-11-02 08:28:07'),
(37,	75,	NULL,	3,	2.0000,	0.0000,	'2022-11-02 08:37:53',	'2022-11-02 08:37:53'),
(38,	76,	NULL,	3,	1.0000,	0.0000,	'2022-11-02 08:48:13',	'2022-11-02 08:48:13'),
(39,	77,	NULL,	3,	1.0000,	0.0000,	'2022-11-02 09:14:15',	'2022-11-02 09:14:15'),
(40,	110,	NULL,	3,	4.0000,	0.0000,	'2022-11-05 02:25:34',	'2022-11-05 02:25:34'),
(41,	111,	NULL,	3,	3.0000,	0.0000,	'2022-11-05 07:01:07',	'2022-11-05 07:01:07'),
(42,	112,	NULL,	3,	2.0000,	0.0000,	'2022-11-06 01:15:13',	'2022-11-06 01:15:13'),
(43,	119,	NULL,	3,	3.0000,	0.0000,	'2022-11-06 16:07:21',	'2022-11-06 16:07:21'),
(44,	120,	NULL,	5,	1.0000,	0.0000,	'2022-11-06 16:28:53',	'2022-11-06 16:28:53'),
(45,	121,	NULL,	6,	1.0000,	0.0000,	'2022-11-06 16:28:53',	'2022-11-06 16:28:53'),
(46,	122,	NULL,	3,	2.0000,	0.0000,	'2022-11-06 16:42:51',	'2022-11-06 16:42:51'),
(47,	123,	NULL,	7,	1.0000,	0.0000,	'2022-11-06 18:29:25',	'2022-11-06 18:29:25'),
(48,	124,	NULL,	11,	1.0000,	0.0000,	'2022-11-06 18:29:25',	'2022-11-06 18:29:25'),
(49,	125,	NULL,	12,	1.0000,	0.0000,	'2022-11-06 18:29:25',	'2022-11-06 18:29:25'),
(50,	126,	NULL,	7,	1.0000,	0.0000,	'2022-11-07 01:07:15',	'2022-11-07 01:07:15'),
(51,	128,	NULL,	7,	1.0000,	0.0000,	'2022-11-08 01:59:29',	'2022-11-08 01:59:29'),
(52,	129,	NULL,	8,	1.0000,	0.0000,	'2022-11-08 01:59:29',	'2022-11-08 01:59:29'),
(53,	130,	NULL,	12,	1.0000,	0.0000,	'2022-11-08 01:59:29',	'2022-11-08 01:59:29'),
(54,	131,	NULL,	7,	1.0000,	0.0000,	'2022-11-08 11:38:53',	'2022-11-08 11:38:53'),
(55,	132,	NULL,	8,	1.0000,	0.0000,	'2022-11-08 11:38:53',	'2022-11-08 11:38:53'),
(56,	133,	NULL,	7,	1.0000,	0.0000,	'2022-11-11 00:41:04',	'2022-11-11 00:41:04'),
(57,	134,	NULL,	11,	1.0000,	0.0000,	'2022-11-11 00:41:04',	'2022-11-11 00:41:04'),
(58,	135,	NULL,	12,	1.0000,	0.0000,	'2022-11-11 00:41:04',	'2022-11-11 00:41:04'),
(59,	136,	NULL,	10,	1.0000,	0.0000,	'2022-11-11 00:43:40',	'2022-11-11 00:43:40'),
(60,	137,	NULL,	8,	1.0000,	0.0000,	'2022-11-11 00:43:40',	'2022-11-11 00:43:40'),
(61,	138,	NULL,	12,	1.0000,	0.0000,	'2022-11-11 00:43:40',	'2022-11-11 00:43:40'),
(62,	140,	NULL,	7,	1.0000,	0.0000,	'2022-11-21 16:04:20',	'2022-11-21 16:04:20'),
(63,	141,	NULL,	9,	1.0000,	0.0000,	'2022-11-21 16:04:20',	'2022-11-21 16:04:20'),
(64,	142,	NULL,	8,	1.0000,	0.0000,	'2022-11-21 16:04:20',	'2022-11-21 16:04:20'),
(65,	143,	NULL,	7,	1.0000,	0.0000,	'2022-11-21 16:08:14',	'2022-11-21 16:08:14'),
(66,	144,	NULL,	8,	1.0000,	0.0000,	'2022-11-21 16:08:14',	'2022-11-21 16:08:14'),
(67,	145,	NULL,	9,	1.0000,	0.0000,	'2022-11-21 16:08:14',	'2022-11-21 16:08:14'),
(68,	146,	NULL,	7,	1.0000,	0.0000,	'2022-11-21 16:08:51',	'2022-11-21 16:08:51'),
(69,	147,	NULL,	8,	1.0000,	0.0000,	'2022-11-21 16:08:51',	'2022-11-21 16:08:51'),
(70,	148,	NULL,	9,	1.0000,	0.0000,	'2022-11-21 16:08:51',	'2022-11-21 16:08:51'),
(71,	149,	NULL,	7,	1.0000,	0.0000,	'2022-11-21 16:13:12',	'2022-11-21 16:13:12'),
(72,	150,	NULL,	8,	1.0000,	0.0000,	'2022-11-21 16:13:12',	'2022-11-21 16:13:12'),
(73,	151,	NULL,	9,	1.0000,	0.0000,	'2022-11-21 16:13:12',	'2022-11-21 16:13:12'),
(74,	152,	NULL,	7,	1.0000,	0.0000,	'2022-11-21 16:22:21',	'2022-11-21 16:22:21'),
(75,	153,	NULL,	8,	1.0000,	0.0000,	'2022-11-21 16:22:21',	'2022-11-21 16:22:21'),
(76,	154,	NULL,	9,	1.0000,	0.0000,	'2022-11-21 16:22:21',	'2022-11-21 16:22:21'),
(77,	155,	NULL,	7,	1.0000,	0.0000,	'2022-11-21 16:23:47',	'2022-11-21 16:23:47'),
(78,	156,	NULL,	8,	1.0000,	0.0000,	'2022-11-21 16:23:47',	'2022-11-21 16:23:47'),
(79,	157,	NULL,	9,	1.0000,	0.0000,	'2022-11-21 16:23:47',	'2022-11-21 16:23:47'),
(80,	158,	NULL,	7,	1.0000,	0.0000,	'2022-11-21 16:25:54',	'2022-11-21 16:25:54'),
(81,	159,	NULL,	8,	1.0000,	0.0000,	'2022-11-21 16:25:54',	'2022-11-21 16:25:54'),
(82,	160,	NULL,	9,	1.0000,	0.0000,	'2022-11-21 16:25:54',	'2022-11-21 16:25:54'),
(83,	161,	NULL,	9,	1.0000,	0.0000,	'2022-11-22 08:57:44',	'2022-11-22 08:57:44'),
(84,	162,	NULL,	3,	1.0000,	0.0000,	'2022-11-22 08:57:44',	'2022-11-22 08:57:44'),
(85,	163,	NULL,	11,	1.0000,	0.0000,	'2023-01-14 18:42:53',	'2023-01-14 18:42:53'),
(86,	164,	NULL,	10,	1.0000,	0.0000,	'2023-01-14 18:42:53',	'2023-01-14 18:42:53'),
(87,	165,	NULL,	7,	1.0000,	0.0000,	'2023-01-30 19:20:53',	'2023-01-30 19:20:53'),
(88,	166,	NULL,	8,	1.0000,	0.0000,	'2023-01-30 19:20:53',	'2023-01-30 19:20:53');

DROP TABLE IF EXISTS `types_of_services`;
CREATE TABLE `types_of_services` (
  `id` int(10) unsigned NOT NULL AUTO_INCREMENT,
  `name` varchar(191) NOT NULL,
  `description` text DEFAULT NULL,
  `business_id` int(11) NOT NULL,
  `location_price_group` text DEFAULT NULL,
  `packing_charge` decimal(22,4) DEFAULT NULL,
  `packing_charge_type` enum('fixed','percent') DEFAULT NULL,
  `enable_custom_fields` tinyint(1) NOT NULL DEFAULT 0,
  `created_at` timestamp NULL DEFAULT NULL,
  `updated_at` timestamp NULL DEFAULT NULL,
  PRIMARY KEY (`id`),
  KEY `types_of_services_business_id_index` (`business_id`)
) ENGINE=InnoDB DEFAULT CHARSET=utf8mb4 COLLATE=utf8mb4_unicode_ci;


DROP TABLE IF EXISTS `units`;
CREATE TABLE `units` (
  `id` int(10) unsigned NOT NULL AUTO_INCREMENT,
  `business_id` int(10) unsigned NOT NULL,
  `actual_name` varchar(191) NOT NULL,
  `short_name` varchar(191) NOT NULL,
  `allow_decimal` tinyint(1) NOT NULL,
  `base_unit_id` int(11) DEFAULT NULL,
  `base_unit_multiplier` decimal(20,4) DEFAULT NULL,
  `created_by` int(10) unsigned NOT NULL,
  `deleted_at` timestamp NULL DEFAULT NULL,
  `created_at` timestamp NULL DEFAULT NULL,
  `updated_at` timestamp NULL DEFAULT NULL,
  PRIMARY KEY (`id`),
  KEY `units_business_id_foreign` (`business_id`),
  KEY `units_created_by_foreign` (`created_by`),
  KEY `units_base_unit_id_index` (`base_unit_id`),
  CONSTRAINT `units_business_id_foreign` FOREIGN KEY (`business_id`) REFERENCES `business` (`id`) ON DELETE CASCADE,
  CONSTRAINT `units_created_by_foreign` FOREIGN KEY (`created_by`) REFERENCES `users` (`id`) ON DELETE CASCADE
) ENGINE=InnoDB DEFAULT CHARSET=utf8mb4 COLLATE=utf8mb4_unicode_ci;

INSERT INTO `units` (`id`, `business_id`, `actual_name`, `short_name`, `allow_decimal`, `base_unit_id`, `base_unit_multiplier`, `created_by`, `deleted_at`, `created_at`, `updated_at`) VALUES
(1,	1,	'Pieces',	'Pc(s)',	0,	NULL,	NULL,	1,	NULL,	'2021-12-22 07:32:36',	'2021-12-22 07:32:36'),
(2,	2,	'Pieces',	'Pc(s)',	0,	NULL,	NULL,	3,	NULL,	'2022-10-13 04:03:11',	'2022-10-13 04:03:11'),
(3,	3,	'Pieces',	'Pc(s)',	0,	NULL,	NULL,	4,	NULL,	'2022-10-14 21:41:02',	'2022-10-14 21:41:02'),
(4,	4,	'Pieces',	'Pc(s)',	0,	NULL,	NULL,	5,	NULL,	'2022-10-19 07:56:23',	'2022-10-19 07:56:23'),
(5,	4,	'Boom',	'BM',	1,	NULL,	NULL,	5,	NULL,	'2022-10-19 09:34:54',	'2022-10-19 09:34:54'),
(6,	5,	'Pieces',	'Pc(s)',	0,	NULL,	NULL,	6,	NULL,	'2022-10-20 05:22:26',	'2022-10-20 05:22:26'),
(7,	6,	'Pieces',	'Pc(s)',	0,	NULL,	NULL,	7,	NULL,	'2022-10-24 04:07:34',	'2022-10-24 04:07:34'),
(8,	7,	'Pieces',	'Pc(s)',	0,	NULL,	NULL,	8,	NULL,	'2022-10-25 05:46:02',	'2022-10-25 05:46:02'),
(9,	8,	'Pieces',	'Pc(s)',	0,	NULL,	NULL,	9,	NULL,	'2023-06-23 13:36:11',	'2023-06-23 13:36:11'),
(10,	9,	'Pieces',	'Pc(s)',	0,	NULL,	NULL,	22,	NULL,	'2024-08-16 21:27:41',	'2024-08-16 21:27:41');

DROP TABLE IF EXISTS `users`;
CREATE TABLE `users` (
  `id` int(10) unsigned NOT NULL AUTO_INCREMENT,
  `user_type` varchar(191) NOT NULL DEFAULT 'user',
  `surname` char(10) DEFAULT NULL,
  `first_name` varchar(191) NOT NULL,
  `last_name` varchar(191) DEFAULT NULL,
  `username` varchar(191) DEFAULT NULL,
  `email` varchar(191) DEFAULT NULL,
  `password` varchar(191) DEFAULT NULL,
  `language` char(7) NOT NULL DEFAULT 'en',
  `contact_no` char(15) DEFAULT NULL,
  `address` text DEFAULT NULL,
  `remember_token` varchar(100) DEFAULT NULL,
  `business_id` int(10) unsigned DEFAULT NULL,
  `essentials_department_id` int(11) DEFAULT NULL,
  `essentials_designation_id` int(11) DEFAULT NULL,
  `max_sales_discount_percent` decimal(5,2) DEFAULT NULL,
  `allow_login` tinyint(1) NOT NULL DEFAULT 1,
  `status` enum('active','inactive','terminated') NOT NULL DEFAULT 'active',
  `crm_contact_id` int(10) unsigned DEFAULT NULL,
  `is_cmmsn_agnt` tinyint(1) NOT NULL DEFAULT 0,
  `cmmsn_percent` decimal(4,2) NOT NULL DEFAULT 0.00,
  `selected_contacts` tinyint(1) NOT NULL DEFAULT 0,
  `dob` date DEFAULT NULL,
  `gender` varchar(191) DEFAULT NULL,
  `marital_status` enum('married','unmarried','divorced') DEFAULT NULL,
  `blood_group` char(10) DEFAULT NULL,
  `contact_number` char(20) DEFAULT NULL,
  `alt_number` varchar(191) DEFAULT NULL,
  `family_number` varchar(191) DEFAULT NULL,
  `fb_link` varchar(191) DEFAULT NULL,
  `twitter_link` varchar(191) DEFAULT NULL,
  `social_media_1` varchar(191) DEFAULT NULL,
  `social_media_2` varchar(191) DEFAULT NULL,
  `permanent_address` text DEFAULT NULL,
  `current_address` text DEFAULT NULL,
  `guardian_name` varchar(191) DEFAULT NULL,
  `custom_field_1` varchar(191) DEFAULT NULL,
  `custom_field_2` varchar(191) DEFAULT NULL,
  `custom_field_3` varchar(191) DEFAULT NULL,
  `custom_field_4` varchar(191) DEFAULT NULL,
  `bank_details` longtext DEFAULT NULL,
  `id_proof_name` varchar(191) DEFAULT NULL,
  `id_proof_number` varchar(191) DEFAULT NULL,
  `deleted_at` timestamp NULL DEFAULT NULL,
  `created_at` timestamp NULL DEFAULT NULL,
  `updated_at` timestamp NULL DEFAULT NULL,
  PRIMARY KEY (`id`),
  UNIQUE KEY `users_username_unique` (`username`),
  KEY `users_business_id_foreign` (`business_id`),
  KEY `users_user_type_index` (`user_type`),
  KEY `users_crm_contact_id_foreign` (`crm_contact_id`),
  CONSTRAINT `users_business_id_foreign` FOREIGN KEY (`business_id`) REFERENCES `business` (`id`) ON DELETE CASCADE,
  CONSTRAINT `users_crm_contact_id_foreign` FOREIGN KEY (`crm_contact_id`) REFERENCES `contacts` (`id`) ON DELETE CASCADE
) ENGINE=InnoDB DEFAULT CHARSET=utf8mb4 COLLATE=utf8mb4_unicode_ci;

INSERT INTO `users` (`id`, `user_type`, `surname`, `first_name`, `last_name`, `username`, `email`, `password`, `language`, `contact_no`, `address`, `remember_token`, `business_id`, `essentials_department_id`, `essentials_designation_id`, `max_sales_discount_percent`, `allow_login`, `status`, `crm_contact_id`, `is_cmmsn_agnt`, `cmmsn_percent`, `selected_contacts`, `dob`, `gender`, `marital_status`, `blood_group`, `contact_number`, `alt_number`, `family_number`, `fb_link`, `twitter_link`, `social_media_1`, `social_media_2`, `permanent_address`, `current_address`, `guardian_name`, `custom_field_1`, `custom_field_2`, `custom_field_3`, `custom_field_4`, `bank_details`, `id_proof_name`, `id_proof_number`, `deleted_at`, `created_at`, `updated_at`) VALUES
(1,	'user',	NULL,	'DIADEM',	NULL,	'diadem',	'admin@revealpos.co',	'$2y$10$lR2RnnN69n9qYh7rvDkpK.xUdHp0ozWKj.AIzIaRz2sLnl6YDhqHi',	'en',	NULL,	NULL,	'E0qIC90PO5bRuqOOAAtZQ0lJZKNJHIKyHndxADXV1E8O5b76MGcucKJhlS7l',	1,	NULL,	NULL,	NULL,	1,	'active',	NULL,	0,	0.00,	0,	NULL,	NULL,	NULL,	NULL,	NULL,	NULL,	NULL,	NULL,	NULL,	NULL,	NULL,	NULL,	NULL,	NULL,	NULL,	NULL,	NULL,	NULL,	'{\"account_holder_name\":null,\"account_number\":null,\"bank_name\":null,\"bank_code\":null,\"branch\":null,\"tax_payer_id\":null}',	NULL,	NULL,	NULL,	'2021-12-22 07:32:36',	'2022-11-26 18:11:52'),
(2,	'user',	NULL,	'Cashier Test',	NULL,	'chashier',	'test@test.com',	'$2y$10$IWpKAVJ8Pw1ExC2bOS.Q4Op9TzZmlgsjPnAnEILcZiFZ8t46PZv8i',	'en',	NULL,	NULL,	NULL,	1,	NULL,	NULL,	NULL,	1,	'active',	NULL,	0,	0.00,	0,	NULL,	NULL,	NULL,	NULL,	NULL,	NULL,	NULL,	NULL,	NULL,	NULL,	NULL,	NULL,	NULL,	NULL,	NULL,	NULL,	NULL,	NULL,	'{\"account_holder_name\":null,\"account_number\":null,\"bank_name\":null,\"bank_code\":null,\"branch\":null,\"tax_payer_id\":null}',	NULL,	NULL,	NULL,	'2022-04-13 19:14:42',	'2022-10-20 05:15:20'),
(3,	'user',	NULL,	'Darryl',	'Elliott',	'diademtest',	'test@diademtechnologies.com',	'$2y$10$fU9hdw/Ih.2aSGBY1.ZEEuPPns8keHo49ThgtZ3VPORvuG9m7ge/i',	'en',	NULL,	NULL,	NULL,	2,	NULL,	NULL,	NULL,	1,	'active',	NULL,	0,	0.00,	0,	NULL,	NULL,	NULL,	NULL,	NULL,	NULL,	NULL,	NULL,	NULL,	NULL,	NULL,	NULL,	NULL,	NULL,	NULL,	NULL,	NULL,	NULL,	NULL,	NULL,	NULL,	NULL,	'2022-10-13 04:03:11',	'2022-10-13 04:03:11'),
(4,	'user',	NULL,	'Sirajr',	NULL,	'sunbonn',	NULL,	'$2y$10$.lgpfQaGyHYY.ZGfE0bl.uWignzllNEa8n6JrX6Q2S6e.ZFRxEn.C',	'en',	NULL,	NULL,	NULL,	3,	NULL,	NULL,	NULL,	1,	'active',	NULL,	0,	0.00,	0,	NULL,	NULL,	NULL,	NULL,	NULL,	NULL,	NULL,	NULL,	NULL,	NULL,	NULL,	NULL,	NULL,	NULL,	NULL,	NULL,	NULL,	NULL,	NULL,	NULL,	NULL,	NULL,	'2022-10-14 21:41:02',	'2022-10-14 21:41:02'),
(5,	'user',	NULL,	'Collins',	'Lumba',	'DiademAfrica',	'collins.lumba@diadembusiness.com',	'$2y$10$997XEgOZFhSOanvsq7q7OeHa0GYiaZpqg5var59AnX5U.519oAC92',	'en',	NULL,	NULL,	'aQgGk1IKMiJTeisnDLdbQIMUTK1uq5qRrBs890biQwFS7LSbpOjFrEhoV6Sn',	4,	NULL,	NULL,	NULL,	1,	'active',	NULL,	0,	0.00,	0,	NULL,	NULL,	NULL,	NULL,	NULL,	NULL,	NULL,	NULL,	NULL,	NULL,	NULL,	NULL,	NULL,	NULL,	NULL,	NULL,	NULL,	NULL,	NULL,	NULL,	NULL,	NULL,	'2022-10-19 07:56:22',	'2022-10-19 07:56:23'),
(6,	'user',	NULL,	'Diadem',	'Client',	'democlient',	'testing@diademtechnologies.com',	'$2y$10$Jnpb738Qb8nqoJqa0hkeF.Ee2MTAt4YGAnVBCWmDoEGMTkuGbpgIm',	'en',	NULL,	NULL,	'ItdDSCa1BBpNVxOESjnT1NLHfG1wFrLbygI2oUzSwbseZgQLKS7BQSgnKHr4',	5,	NULL,	NULL,	NULL,	1,	'active',	NULL,	0,	0.00,	0,	NULL,	NULL,	NULL,	NULL,	NULL,	NULL,	NULL,	NULL,	NULL,	NULL,	NULL,	NULL,	NULL,	NULL,	NULL,	NULL,	NULL,	NULL,	NULL,	NULL,	NULL,	NULL,	'2022-10-20 05:22:26',	'2022-10-24 02:46:58'),
(7,	'user',	'Mrs',	'Jane',	'Doe',	'zambia1',	NULL,	'$2y$10$D.u54hnqMd9iEMVPnwUk5OvmwtIQDJ7rI659DA3X7rtydVUQnC292',	'en',	NULL,	NULL,	NULL,	6,	NULL,	NULL,	NULL,	1,	'active',	NULL,	0,	0.00,	0,	NULL,	NULL,	NULL,	NULL,	NULL,	NULL,	NULL,	NULL,	NULL,	NULL,	NULL,	NULL,	NULL,	NULL,	NULL,	NULL,	NULL,	NULL,	NULL,	NULL,	NULL,	NULL,	'2022-10-24 04:07:34',	'2022-10-24 04:07:34'),
(8,	'user',	NULL,	'william007',	NULL,	'william007',	'william007@william007.com',	'$2y$10$mqAmEF0Hg3tRgOpYlkrAmOCsoN9Fqm0S3LxwDWnD7Nq64qR3sw7ni',	'en',	NULL,	NULL,	NULL,	7,	NULL,	NULL,	NULL,	1,	'active',	NULL,	0,	0.00,	0,	NULL,	NULL,	NULL,	NULL,	NULL,	NULL,	NULL,	NULL,	NULL,	NULL,	NULL,	NULL,	NULL,	NULL,	NULL,	NULL,	NULL,	NULL,	NULL,	NULL,	NULL,	NULL,	'2022-10-25 05:46:02',	'2022-10-25 05:46:02'),
(9,	'user',	NULL,	'fikron1995',	NULL,	'fikron1995',	NULL,	'$2y$10$M9TfPXfCtkW4eE7rWvfsvOVCwRnCourV585sKu/rmEv366ls5kzAq',	'en',	NULL,	NULL,	NULL,	8,	NULL,	NULL,	NULL,	1,	'active',	NULL,	0,	0.00,	0,	NULL,	NULL,	NULL,	NULL,	NULL,	NULL,	NULL,	NULL,	NULL,	NULL,	NULL,	NULL,	NULL,	NULL,	NULL,	NULL,	NULL,	NULL,	'{\"account_holder_name\":null,\"account_number\":null,\"bank_name\":null,\"bank_code\":null,\"branch\":null,\"tax_payer_id\":null}',	NULL,	NULL,	NULL,	'2023-06-23 13:36:11',	'2023-06-23 13:40:33'),
(22,	'user',	NULL,	'Developer',	'1',	'diademdeveloper1',	'bizdevelopment@diadembusiness.com',	'$2y$10$KMNUHfv0cNAuGTXGWzskP.t28BJV5dUI40pHlIawtMGRYHbwK9VXq',	'en',	NULL,	NULL,	NULL,	9,	NULL,	NULL,	NULL,	1,	'active',	NULL,	0,	0.00,	0,	NULL,	NULL,	NULL,	NULL,	NULL,	NULL,	NULL,	NULL,	NULL,	NULL,	NULL,	NULL,	NULL,	NULL,	NULL,	NULL,	NULL,	NULL,	NULL,	NULL,	NULL,	NULL,	'2024-08-16 21:27:41',	'2024-08-16 21:27:41'),
(23,	'user',	NULL,	'Asad',	'Khan',	'asakhan',	'asadkhan@diademtechnologies.com',	'$2y$10$Ppeud0j9oS/KnLRvrZ9jLu8JCbPRwC.NNwoo3OozbTKnS1Uak4f4W',	'en',	NULL,	NULL,	NULL,	1,	NULL,	NULL,	NULL,	1,	'active',	NULL,	0,	0.00,	0,	NULL,	NULL,	NULL,	NULL,	NULL,	NULL,	NULL,	NULL,	NULL,	NULL,	NULL,	NULL,	NULL,	NULL,	NULL,	NULL,	NULL,	NULL,	'{\"account_holder_name\":null,\"account_number\":null,\"bank_name\":null,\"bank_code\":null,\"branch\":null,\"tax_payer_id\":null}',	NULL,	NULL,	NULL,	'2024-08-16 12:05:44',	'2024-08-16 12:05:44');

DROP TABLE IF EXISTS `user_contact_access`;
CREATE TABLE `user_contact_access` (
  `id` int(10) unsigned NOT NULL AUTO_INCREMENT,
  `user_id` int(11) NOT NULL,
  `contact_id` int(11) NOT NULL,
  PRIMARY KEY (`id`),
  KEY `user_contact_access_user_id_index` (`user_id`),
  KEY `user_contact_access_contact_id_index` (`contact_id`)
) ENGINE=InnoDB DEFAULT CHARSET=utf8mb4 COLLATE=utf8mb4_unicode_ci;


DROP TABLE IF EXISTS `variations`;
CREATE TABLE `variations` (
  `id` int(10) unsigned NOT NULL AUTO_INCREMENT,
  `name` varchar(191) NOT NULL,
  `product_id` int(10) unsigned NOT NULL,
  `sub_sku` varchar(191) DEFAULT NULL,
  `product_variation_id` int(10) unsigned NOT NULL,
  `woocommerce_variation_id` int(11) DEFAULT NULL,
  `variation_value_id` int(11) DEFAULT NULL,
  `default_purchase_price` decimal(22,4) DEFAULT NULL,
  `dpp_inc_tax` decimal(22,4) NOT NULL DEFAULT 0.0000,
  `profit_percent` decimal(22,4) NOT NULL DEFAULT 0.0000,
  `default_sell_price` decimal(22,4) DEFAULT NULL,
  `sell_price_inc_tax` decimal(22,4) DEFAULT NULL COMMENT 'Sell price including tax',
  `created_at` timestamp NULL DEFAULT NULL,
  `updated_at` timestamp NULL DEFAULT NULL,
  `deleted_at` timestamp NULL DEFAULT NULL,
  `combo_variations` text DEFAULT NULL COMMENT 'Contains the combo variation details',
  PRIMARY KEY (`id`),
  KEY `variations_product_id_foreign` (`product_id`),
  KEY `variations_product_variation_id_foreign` (`product_variation_id`),
  KEY `variations_name_index` (`name`),
  KEY `variations_sub_sku_index` (`sub_sku`),
  KEY `variations_variation_value_id_index` (`variation_value_id`),
  CONSTRAINT `variations_product_id_foreign` FOREIGN KEY (`product_id`) REFERENCES `products` (`id`) ON DELETE CASCADE,
  CONSTRAINT `variations_product_variation_id_foreign` FOREIGN KEY (`product_variation_id`) REFERENCES `product_variations` (`id`) ON DELETE CASCADE
) ENGINE=InnoDB DEFAULT CHARSET=utf8mb4 COLLATE=utf8mb4_unicode_ci;

INSERT INTO `variations` (`id`, `name`, `product_id`, `sub_sku`, `product_variation_id`, `woocommerce_variation_id`, `variation_value_id`, `default_purchase_price`, `dpp_inc_tax`, `profit_percent`, `default_sell_price`, `sell_price_inc_tax`, `created_at`, `updated_at`, `deleted_at`, `combo_variations`) VALUES
(1,	'DUMMY',	1,	'0001',	1,	NULL,	NULL,	1.0000,	1.0000,	0.0000,	1.0000,	1.0000,	'2022-01-15 06:42:19',	'2022-11-06 17:51:19',	NULL,	'[]'),
(2,	'DUMMY',	2,	'0002',	2,	NULL,	NULL,	878.0000,	878.0000,	25.0000,	1097.5000,	1097.5000,	'2022-04-12 17:29:24',	'2022-11-06 17:49:34',	NULL,	'[]'),
(3,	'DUMMY',	3,	'0003',	3,	NULL,	NULL,	5.0000,	5.0000,	25.0000,	6.2500,	6.2500,	'2022-04-13 19:52:50',	'2022-11-06 17:51:53',	NULL,	'[]'),
(5,	'DUMMY',	5,	'0005',	5,	NULL,	NULL,	1.0600,	1.0600,	20.0000,	1.2700,	1.2700,	'2022-04-13 20:05:42',	'2022-09-04 07:19:19',	NULL,	'[]'),
(6,	'DUMMY',	6,	'071121544162',	6,	NULL,	NULL,	5.9900,	5.9900,	25.0000,	7.4900,	7.4900,	'2022-11-06 15:57:45',	'2022-11-06 17:08:58',	NULL,	'[]'),
(7,	'DUMMY',	7,	'0007',	7,	NULL,	NULL,	10.0000,	10.0000,	25.0000,	12.5000,	12.5000,	'2022-11-06 16:27:28',	'2022-11-06 17:50:02',	NULL,	'[]'),
(8,	'DUMMY',	8,	'0008',	8,	NULL,	NULL,	10.0000,	10.0000,	25.0000,	12.5000,	12.5000,	'2022-11-06 16:28:40',	'2022-11-06 17:50:33',	NULL,	'[]'),
(9,	'DUMMY',	9,	'078742048765',	9,	NULL,	NULL,	2.2800,	2.2800,	25.0000,	2.8500,	2.8500,	'2022-11-06 17:13:51',	'2022-11-06 17:14:38',	NULL,	'[]'),
(10,	'DUMMY',	10,	'4099100079340',	10,	NULL,	NULL,	1.9900,	1.9900,	0.0000,	1.9900,	1.9900,	'2022-11-06 17:19:56',	'2022-11-06 17:21:16',	NULL,	'[]'),
(11,	'DUMMY',	11,	'072400000256',	11,	NULL,	NULL,	5.1900,	5.1900,	25.0000,	6.4900,	6.4900,	'2022-11-06 17:26:39',	'2022-11-06 17:26:39',	NULL,	'[]'),
(12,	'DUMMY',	12,	'4099100247626',	12,	NULL,	NULL,	2.3500,	2.3500,	25.0000,	2.9400,	2.9400,	'2022-11-06 17:29:41',	'2022-11-06 17:29:41',	NULL,	'[]'),
(13,	'DUMMY',	13,	'021000080311',	13,	NULL,	NULL,	1.9800,	1.9800,	25.0000,	2.4800,	2.4800,	'2022-11-06 17:31:50',	'2022-11-06 17:31:50',	NULL,	'[]'),
(14,	'DUMMY',	14,	'4099100133387',	14,	NULL,	NULL,	4.2900,	4.2900,	25.0000,	5.3600,	5.3600,	'2022-11-06 17:40:39',	'2022-11-06 17:41:08',	NULL,	'[]'),
(15,	'DUMMY',	15,	'4099100095708',	15,	NULL,	NULL,	1.0900,	1.0900,	25.0000,	1.3600,	1.3600,	'2022-11-06 17:57:18',	'2022-11-06 17:57:49',	NULL,	'[]'),
(16,	'DUMMY',	16,	'078742223759',	16,	NULL,	NULL,	0.9900,	0.9900,	25.0000,	1.2400,	1.2400,	'2022-11-06 18:03:28',	'2022-11-06 18:04:06',	NULL,	'[]'),
(17,	'DUMMY',	17,	'4099100002898',	17,	NULL,	NULL,	1.8500,	1.8500,	25.0000,	2.3100,	2.3100,	'2022-11-06 18:09:25',	'2022-11-06 18:09:25',	NULL,	'[]'),
(18,	'DUMMY',	18,	'0018',	18,	NULL,	NULL,	10.9900,	10.9900,	25.0000,	13.7400,	13.7400,	'2024-08-13 15:25:41',	'2024-08-13 15:26:30',	NULL,	'[]'),
(19,	'Extra Cheese',	19,	'0019-1',	19,	NULL,	NULL,	0.6000,	0.6000,	0.0000,	0.6000,	0.6000,	'2024-08-13 15:32:31',	'2024-08-13 15:32:31',	NULL,	NULL);

DROP TABLE IF EXISTS `variation_group_prices`;
CREATE TABLE `variation_group_prices` (
  `id` int(10) unsigned NOT NULL AUTO_INCREMENT,
  `variation_id` int(10) unsigned NOT NULL,
  `price_group_id` int(10) unsigned NOT NULL,
  `price_inc_tax` decimal(22,4) NOT NULL,
  `created_at` timestamp NULL DEFAULT NULL,
  `updated_at` timestamp NULL DEFAULT NULL,
  PRIMARY KEY (`id`),
  KEY `variation_group_prices_variation_id_foreign` (`variation_id`),
  KEY `variation_group_prices_price_group_id_foreign` (`price_group_id`),
  CONSTRAINT `variation_group_prices_price_group_id_foreign` FOREIGN KEY (`price_group_id`) REFERENCES `selling_price_groups` (`id`) ON DELETE CASCADE,
  CONSTRAINT `variation_group_prices_variation_id_foreign` FOREIGN KEY (`variation_id`) REFERENCES `variations` (`id`) ON DELETE CASCADE
) ENGINE=InnoDB DEFAULT CHARSET=utf8mb4 COLLATE=utf8mb4_unicode_ci;


DROP TABLE IF EXISTS `variation_location_details`;
CREATE TABLE `variation_location_details` (
  `id` int(10) unsigned NOT NULL AUTO_INCREMENT,
  `product_id` int(10) unsigned NOT NULL,
  `product_variation_id` int(10) unsigned NOT NULL COMMENT 'id from product_variations table',
  `variation_id` int(10) unsigned NOT NULL,
  `location_id` int(10) unsigned NOT NULL,
  `qty_available` decimal(22,4) NOT NULL DEFAULT 0.0000,
  `created_at` timestamp NULL DEFAULT NULL,
  `updated_at` timestamp NULL DEFAULT NULL,
  PRIMARY KEY (`id`),
  KEY `variation_location_details_location_id_foreign` (`location_id`),
  KEY `variation_location_details_product_id_index` (`product_id`),
  KEY `variation_location_details_product_variation_id_index` (`product_variation_id`),
  KEY `variation_location_details_variation_id_index` (`variation_id`),
  CONSTRAINT `variation_location_details_location_id_foreign` FOREIGN KEY (`location_id`) REFERENCES `business_locations` (`id`),
  CONSTRAINT `variation_location_details_variation_id_foreign` FOREIGN KEY (`variation_id`) REFERENCES `variations` (`id`)
) ENGINE=InnoDB DEFAULT CHARSET=utf8mb4 COLLATE=utf8mb4_unicode_ci;

INSERT INTO `variation_location_details` (`id`, `product_id`, `product_variation_id`, `variation_id`, `location_id`, `qty_available`, `created_at`, `updated_at`) VALUES
(1,	2,	2,	2,	1,	50.0000,	'2022-04-13 19:46:36',	'2022-11-06 18:13:53'),
(2,	5,	5,	5,	1,	49.0000,	'2022-04-13 20:10:37',	'2022-11-22 08:57:44'),
(3,	6,	6,	6,	1,	50.0000,	'2022-11-06 15:59:03',	'2022-11-06 15:59:03'),
(4,	7,	7,	7,	1,	50.0000,	'2022-11-06 16:27:28',	'2022-11-06 18:14:02'),
(5,	8,	8,	8,	1,	50.0000,	'2022-11-06 16:28:40',	'2022-11-06 18:14:58'),
(6,	14,	14,	14,	1,	37.0000,	'2022-11-06 18:11:34',	'2023-01-30 19:20:53'),
(7,	10,	10,	10,	1,	39.0000,	'2022-11-06 18:11:47',	'2023-01-30 19:20:53'),
(8,	12,	12,	12,	1,	42.0000,	'2022-11-06 18:12:20',	'2022-11-22 08:57:44'),
(9,	11,	11,	11,	1,	48.0000,	'2022-11-06 18:13:06',	'2023-01-14 18:42:53'),
(10,	16,	16,	16,	1,	47.0000,	'2022-11-06 18:13:18',	'2023-01-14 18:42:53'),
(11,	9,	9,	9,	1,	46.0000,	'2022-11-06 18:13:33',	'2022-11-11 00:43:40'),
(12,	15,	15,	15,	1,	50.0000,	'2022-11-06 18:15:10',	'2022-11-06 18:15:10'),
(13,	17,	17,	17,	1,	50.0000,	'2022-11-06 18:15:33',	'2022-11-06 18:15:33'),
(14,	13,	13,	13,	1,	50.0000,	'2022-11-06 18:15:43',	'2022-11-06 18:15:43'),
(15,	3,	3,	3,	1,	50.0000,	'2022-11-06 18:17:32',	'2022-11-06 18:17:32');

DROP TABLE IF EXISTS `variation_templates`;
CREATE TABLE `variation_templates` (
  `id` int(10) unsigned NOT NULL AUTO_INCREMENT,
  `name` varchar(191) NOT NULL,
  `business_id` int(10) unsigned NOT NULL,
  `woocommerce_attr_id` int(11) DEFAULT NULL,
  `created_at` timestamp NULL DEFAULT NULL,
  `updated_at` timestamp NULL DEFAULT NULL,
  PRIMARY KEY (`id`),
  KEY `variation_templates_business_id_foreign` (`business_id`),
  CONSTRAINT `variation_templates_business_id_foreign` FOREIGN KEY (`business_id`) REFERENCES `business` (`id`) ON DELETE CASCADE
) ENGINE=InnoDB DEFAULT CHARSET=utf8mb4 COLLATE=utf8mb4_unicode_ci;

INSERT INTO `variation_templates` (`id`, `name`, `business_id`, `woocommerce_attr_id`, `created_at`, `updated_at`) VALUES
(1,	'Extra Cheese',	1,	NULL,	'2024-08-13 15:11:21',	'2024-08-13 15:11:21');

DROP TABLE IF EXISTS `variation_value_templates`;
CREATE TABLE `variation_value_templates` (
  `id` int(10) unsigned NOT NULL AUTO_INCREMENT,
  `name` varchar(191) NOT NULL,
  `variation_template_id` int(10) unsigned NOT NULL,
  `created_at` timestamp NULL DEFAULT NULL,
  `updated_at` timestamp NULL DEFAULT NULL,
  PRIMARY KEY (`id`),
  KEY `variation_value_templates_name_index` (`name`),
  KEY `variation_value_templates_variation_template_id_index` (`variation_template_id`),
  CONSTRAINT `variation_value_templates_variation_template_id_foreign` FOREIGN KEY (`variation_template_id`) REFERENCES `variation_templates` (`id`) ON DELETE CASCADE
) ENGINE=InnoDB DEFAULT CHARSET=utf8mb4 COLLATE=utf8mb4_unicode_ci;

INSERT INTO `variation_value_templates` (`id`, `name`, `variation_template_id`, `created_at`, `updated_at`) VALUES
(1,	'.30',	1,	'2024-08-13 15:11:21',	'2024-08-13 15:11:21');

DROP TABLE IF EXISTS `warranties`;
CREATE TABLE `warranties` (
  `id` int(10) unsigned NOT NULL AUTO_INCREMENT,
  `name` varchar(191) NOT NULL,
  `business_id` int(11) NOT NULL,
  `description` text DEFAULT NULL,
  `duration` int(11) NOT NULL,
  `duration_type` enum('days','months','years') NOT NULL,
  `created_at` timestamp NULL DEFAULT NULL,
  `updated_at` timestamp NULL DEFAULT NULL,
  PRIMARY KEY (`id`),
  KEY `warranties_business_id_index` (`business_id`),
  KEY `warranties_duration_type_index` (`duration_type`)
) ENGINE=InnoDB DEFAULT CHARSET=utf8mb4 COLLATE=utf8mb4_unicode_ci;


DROP TABLE IF EXISTS `woocommerce_sync_logs`;
CREATE TABLE `woocommerce_sync_logs` (
  `id` int(10) unsigned NOT NULL AUTO_INCREMENT,
  `business_id` int(11) NOT NULL,
  `sync_type` varchar(191) NOT NULL,
  `operation_type` varchar(191) DEFAULT NULL,
  `data` longtext DEFAULT NULL,
  `details` longtext DEFAULT NULL,
  `created_by` int(11) NOT NULL,
  `created_at` timestamp NULL DEFAULT NULL,
  `updated_at` timestamp NULL DEFAULT NULL,
  PRIMARY KEY (`id`)
) ENGINE=InnoDB DEFAULT CHARSET=utf8mb4 COLLATE=utf8mb4_unicode_ci;


-- 2024-08-18 02:11:51